path,size_bytes,sha256
01_data_and_communities/README.md,388,ad425a113fa0f1444d5e15714e73bb978e3191133e0dc7e0b863e59cd71b7d10
02_recommendation/RAW_OUTPUT_MANIFEST.csv,49390,ae88c506488a9a99c9bd7d23bf988041beb70c258e37e30c6df51b863973bc61
02_recommendation/README.md,559,c3d29a1bfbec999a72364a8f4eee3e86ee2885eaa3aa5c6b4f65e225badbdb17
02_recommendation/code/douban/CC_DMF_Douban.ipynb,258882,de73d1ccd95fa8fe14d844d8f7789d5b73a21273234181645b4d28565cabf3e0
02_recommendation/code/douban/DC_DMF_Douban.ipynb,268462,e8b2e76cca12b2a53877783d516cdaadbc29b92c2c9f1ba7222e0ed90747ca28
02_recommendation/code/douban/DMF_Whole_Douban.ipynb,107152,c22d16daa212c3626f575020c837355f0923ffc233e72716907e596913284b7f
02_recommendation/code/lastfm/CC_DMF_LastFM.ipynb,280990,3ab7b251da09e0f88b2ccec5417d8c6be5c49f627cfde511d540512f7e27c197
02_recommendation/code/lastfm/DC_DMF_LastFM.ipynb,437695,4cf0c8b35294e4c51f28c4a8cab8eb70ff221c26a2eb35f6a4eab4e80538c9be
02_recommendation/code/lastfm/DMF_Whole_LastFM.ipynb,142662,1a52060b77ba21aedd7821287f4d1495f05c8a7a8c3eb8bbae4741e90962e2df
02_recommendation/outputs/douban/cc_dmf/seed_42/community_11/all_items_per_user.csv,22705,9a3ce63d39dcbd39a91659e5d67c21959a011bd84d2125b3183f5396eb486a9c
02_recommendation/outputs/douban/cc_dmf/seed_42/community_11/sampled_per_user.csv,29936,cc7a1c90edabab6929fab75beb338f8d917fc1d6ed2b6adbca68a6ddf4450c57
02_recommendation/outputs/douban/cc_dmf/seed_42/community_13/all_items_per_user.csv,13873,ff2f955b2e3db0beec1ccabfc1fd52f9bd0a203ce7860e097bcb6bc81cb41f81
02_recommendation/outputs/douban/cc_dmf/seed_42/community_13/sampled_per_user.csv,19142,29db1e66152437037fc6800c6568c72a12c7347f77afc0297176ba1bc393d105
02_recommendation/outputs/douban/cc_dmf/seed_42/community_14/all_items_per_user.csv,16336,ebd86878a8bd59aaadac695876c2fe22ad9456918f19b1474364acd0b285af98
02_recommendation/outputs/douban/cc_dmf/seed_42/community_14/sampled_per_user.csv,21071,c5125e35a6ffdc48e76a8aae7cf47fadb9c63bbe9b93cb5dedb797d106ad75bf
02_recommendation/outputs/douban/cc_dmf/seed_42/community_2/all_items_per_user.csv,14220,03735eb0ddacee5a7b3901768ff48204e515b96dc61ce3d10da1b731fde8f434
02_recommendation/outputs/douban/cc_dmf/seed_42/community_2/sampled_per_user.csv,19179,ab90c28e534f415470823ddc6b99ea5563b59bc54274fb788c747772bb1762ea
02_recommendation/outputs/douban/cc_dmf/seed_42/community_25/all_items_per_user.csv,16467,a0c9739b33d0827075effbc9b00e4347a2654b2c7c524c062cb8ce472cea34eb
02_recommendation/outputs/douban/cc_dmf/seed_42/community_25/sampled_per_user.csv,21506,089f52248fcca44a4297d3b57b3e27cb1785d5378c05c5a2f6d5b06e358999cd
02_recommendation/outputs/douban/cc_dmf/seed_42/community_5/all_items_per_user.csv,15784,2efa20b92c3fe0988dd9c86bd447ed679e60f4d7dbcdae78d039a8721c7df565
02_recommendation/outputs/douban/cc_dmf/seed_42/community_5/sampled_per_user.csv,20711,dd4557a3fcd2f7414ec7d3b851f536042953259f3e2108e9d61cf75ed1a0ff29
02_recommendation/outputs/douban/cc_dmf/seed_52/community_11/all_items_per_user.csv,22870,102f0ddf4f434f1c56904b54765d2b5d7b86c48a6eb9023aa89febbba76eae93
02_recommendation/outputs/douban/cc_dmf/seed_52/community_11/sampled_per_user.csv,30294,6b98f9dcee9bdc124cb340d709abf374afb1ec55631a3b2e72d43dbcb02562f4
02_recommendation/outputs/douban/cc_dmf/seed_52/community_13/all_items_per_user.csv,14118,0d5da66154f80b529aeaa09da8fcef756e6eebc8264928602e143bd1484a3828
02_recommendation/outputs/douban/cc_dmf/seed_52/community_13/sampled_per_user.csv,18915,5797202a5d0a967af33979399596217590aeb249ed2125911b8808226ef3740c
02_recommendation/outputs/douban/cc_dmf/seed_52/community_14/all_items_per_user.csv,16002,8d50de3b3b8288a7eafa95167d2e0d03513a7dc7498e5514a724923b7955dc89
02_recommendation/outputs/douban/cc_dmf/seed_52/community_14/sampled_per_user.csv,20767,0b937ff90c62cb33fdb806dfc8dc16bb17b1bd4427629ce0b972f283d7360197
02_recommendation/outputs/douban/cc_dmf/seed_52/community_2/all_items_per_user.csv,14550,3d3af73f1108ff6c2dd8ebda37e0f00baa6bad495c41119dd391daead2948b9e
02_recommendation/outputs/douban/cc_dmf/seed_52/community_2/sampled_per_user.csv,19046,c8f2aff7639bccc970ceade34b8e7bb52fd68c6d2dfd06323ce5d193d4aab165
02_recommendation/outputs/douban/cc_dmf/seed_52/community_25/all_items_per_user.csv,16135,35ffab22adacc61b534939873dc3eaefc5b37d652363af14bad3b858a8244191
02_recommendation/outputs/douban/cc_dmf/seed_52/community_25/sampled_per_user.csv,21661,f3b822ff3158a64b37d386fc4bd64770061bdaca707babde75a89f2f683280b7
02_recommendation/outputs/douban/cc_dmf/seed_52/community_5/all_items_per_user.csv,15460,cc346be72e168b845bc5603cf9e33c307c39aaa8f624475638c9b54d7f0025be
02_recommendation/outputs/douban/cc_dmf/seed_52/community_5/sampled_per_user.csv,21046,ee6bb6421af9060eb06f8113d0e7ac8036f3684be3d1e949ff58238ea66b1447
02_recommendation/outputs/douban/cc_dmf/seed_62/community_11/all_items_per_user.csv,22593,54e38cb954770f3313502f13f37d5989dc6d167fbd9c0d2d43f803558f002f9f
02_recommendation/outputs/douban/cc_dmf/seed_62/community_11/sampled_per_user.csv,30195,e725acf6653278e3659cd03a35791b621be93a09e62a3453e07eed3892a32628
02_recommendation/outputs/douban/cc_dmf/seed_62/community_13/all_items_per_user.csv,14113,f0a7153354bd5235ab4b2f2e776ff6071423ce2724fcb112eead2fd5abc2c732
02_recommendation/outputs/douban/cc_dmf/seed_62/community_13/sampled_per_user.csv,19049,e2266a24c9919491caa2e522664842c2f73d858a7ddf4b8f7c653f5fcc460add
02_recommendation/outputs/douban/cc_dmf/seed_62/community_14/all_items_per_user.csv,16234,ef2ddf7dd8bf8ee23961722551857c75d9e53d7936bb55d5a0b549c1b4ffe0e7
02_recommendation/outputs/douban/cc_dmf/seed_62/community_14/sampled_per_user.csv,20838,e60f576c30950b0b2a7f6e57e9f5a68385e10d642d0e72b47a5364df2e86ab31
02_recommendation/outputs/douban/cc_dmf/seed_62/community_2/all_items_per_user.csv,14579,399227f35e3558fd60c0efd68a24cc370cd5c1ea3ee567a32b26d87eccf42e98
02_recommendation/outputs/douban/cc_dmf/seed_62/community_2/sampled_per_user.csv,19130,bf6acdff9262d268e0246498db3cbf33d025f8bfc4b22a3ed616bed50caefd07
02_recommendation/outputs/douban/cc_dmf/seed_62/community_25/all_items_per_user.csv,16180,1e2fc36d0dfbd484b5cb29ea070929443609a2297e62dfd968c74e0141de0d9c
02_recommendation/outputs/douban/cc_dmf/seed_62/community_25/sampled_per_user.csv,21501,1c15c7b6abe3cfc2a3e3ef55cb9e69b20d962dce7f72e069e23d5684603a0fb6
02_recommendation/outputs/douban/cc_dmf/seed_62/community_5/all_items_per_user.csv,15898,9a5445d92c64a1e25ceddeb6042eeaf2bb464ef7915d0e957b2194f1d1fbf303
02_recommendation/outputs/douban/cc_dmf/seed_62/community_5/sampled_per_user.csv,20757,864c629bf8ad59388c4d33af8fe663271d479d32fcf7e0a103f6457b3b106bc5
02_recommendation/outputs/douban/dc_dmf/seed_42/community_101/all_items_per_user.csv,20586,9b2191971824dfc17832746b431f345e0e2ea9eeea307e75ef8b7dca019c6291
02_recommendation/outputs/douban/dc_dmf/seed_42/community_101/sampled_per_user.csv,28900,a436c5b42c777298c100551ff578efe028cf809c0cd9463e97ce60aafbf4f3e4
02_recommendation/outputs/douban/dc_dmf/seed_42/community_14/all_items_per_user.csv,34137,9674b49bbcfd384a29074eb2f9e2650da3f002a1f9fbc25b3ec21c0034d806ed
02_recommendation/outputs/douban/dc_dmf/seed_42/community_14/sampled_per_user.csv,50220,16fc93beb82fdbe842d067f8445f19d965536f4c624cf9b7f9979c4a7b181f4f
02_recommendation/outputs/douban/dc_dmf/seed_42/community_287/all_items_per_user.csv,31473,64fa5228a59faa9bf1e51000a9ee67b582dfe24d3543ccb7f2d986fb2a9621d5
02_recommendation/outputs/douban/dc_dmf/seed_42/community_287/sampled_per_user.csv,42583,7f75bdb39ce7644d351921ab844cdb7270577d57e4210fe222900acba1afb7ac
02_recommendation/outputs/douban/dc_dmf/seed_42/community_8/all_items_per_user.csv,25932,e67322994ae25dc311bfe47e6a256456aedc489562c3caceb823ae6bf65948d8
02_recommendation/outputs/douban/dc_dmf/seed_42/community_8/sampled_per_user.csv,37316,4ab1668c4c2f1bc60bcc5a69f1424742e2ae5c09770bd9d1895a5fbd607e03ed
02_recommendation/outputs/douban/dc_dmf/seed_42/community_84/all_items_per_user.csv,29725,b149141eb8afdcd2a1247d0eedea92f095bac7e042a50e7083c441d7d0f798a8
02_recommendation/outputs/douban/dc_dmf/seed_42/community_84/sampled_per_user.csv,42599,88e2694eb83b0a78204d60656c895d68c09f59e4b5cda4cd5d3cd333813aee1a
02_recommendation/outputs/douban/dc_dmf/seed_42/community_96/all_items_per_user.csv,34696,ddd576f537faf115d412a71a352e251cab50954070e1422695a6ebae037a763d
02_recommendation/outputs/douban/dc_dmf/seed_42/community_96/sampled_per_user.csv,50079,639c94ec3eff4c5cfc9b7a893298d94db6e00ed680eb6d1fc299f33408ac2a30
02_recommendation/outputs/douban/dc_dmf/seed_52/community_101/all_items_per_user.csv,20595,874ee0cf9e236fa8d25ad0007e1527ca91d55050c42d273d32a6aeeeeadfeca8
02_recommendation/outputs/douban/dc_dmf/seed_52/community_101/sampled_per_user.csv,28796,517da26cd92d0277ee51988d541abc1d20f22e8c032d7dee2e35a888cc192b22
02_recommendation/outputs/douban/dc_dmf/seed_52/community_14/all_items_per_user.csv,34785,8726658427f615ad6a57433219f48f2e0c9c8df5271e4defb3450d7de033fa4a
02_recommendation/outputs/douban/dc_dmf/seed_52/community_14/sampled_per_user.csv,49948,c9948f0af9bcd0a0ab7a13d483de7d4c46f2a33aaf6e10877271a9abcfd6fb68
02_recommendation/outputs/douban/dc_dmf/seed_52/community_287/all_items_per_user.csv,30806,0171aa144d41a965ff513ecb5068bffcd8b9252122ae2fb8fc5c8c69da16119b
02_recommendation/outputs/douban/dc_dmf/seed_52/community_287/sampled_per_user.csv,43000,2606705d06c70e57c439ec04ea35c7ba56f2db0f90dd7bd2f2ebe5d352e10eba
02_recommendation/outputs/douban/dc_dmf/seed_52/community_8/all_items_per_user.csv,25758,12936d1271b48bd2718b86b70fc9a453f039f8dfa485f416d9431c291631101e
02_recommendation/outputs/douban/dc_dmf/seed_52/community_8/sampled_per_user.csv,37035,68faeae9757c799a93c48ec1395e74972cb45cba3649a0bb729349f5cb465e77
02_recommendation/outputs/douban/dc_dmf/seed_52/community_84/all_items_per_user.csv,29846,a8652e93161aa3a9f09ab4d97feed7c477246461ecb40cb018591f2c9032cc59
02_recommendation/outputs/douban/dc_dmf/seed_52/community_84/sampled_per_user.csv,42864,017308607d225a29eb2f86bef7ee5b4febec993a237a9123179dbd1c49991f88
02_recommendation/outputs/douban/dc_dmf/seed_52/community_96/all_items_per_user.csv,34857,187b9c64044e611b25508abcbb4f8ca6948fd89e543fd6283ff2f7b218ac4d7c
02_recommendation/outputs/douban/dc_dmf/seed_52/community_96/sampled_per_user.csv,49653,21d1a6c0b04e16a648a5d1344b814fa695439c364086f0ae6c1b6a4b5738edbf
02_recommendation/outputs/douban/dc_dmf/seed_62/community_101/all_items_per_user.csv,20705,bf3906ac407de3dda1837081e42293153d2221b1ec4d658cc446e7fe93b26beb
02_recommendation/outputs/douban/dc_dmf/seed_62/community_101/sampled_per_user.csv,29072,fab8505b03ad9b3b1b058a91f767524fc1b16475d0d8f13cef51df4c3d2fb703
02_recommendation/outputs/douban/dc_dmf/seed_62/community_14/all_items_per_user.csv,35487,ca4cadd9ace4e071c2db82606bfc12b544e78a9f6c9699fe1a54bee34d8a5250
02_recommendation/outputs/douban/dc_dmf/seed_62/community_14/sampled_per_user.csv,49741,54251c08dbfee196b42190d7880fcaccc95e557db8bce31ef0889220721f8173
02_recommendation/outputs/douban/dc_dmf/seed_62/community_287/all_items_per_user.csv,30469,40590c7b0508d91a353c39355cf8e11ca5a7fbfb25df6c2402be84adffad0a91
02_recommendation/outputs/douban/dc_dmf/seed_62/community_287/sampled_per_user.csv,42603,b75789bcfdda5e4cc140f4cf34289aa1667b21ded459cef6b4f032e05a2dc41b
02_recommendation/outputs/douban/dc_dmf/seed_62/community_8/all_items_per_user.csv,26216,a43fd4e1815d3c5512499c0e87efdb8a8be87b636b6aec2f0ce75db37f100847
02_recommendation/outputs/douban/dc_dmf/seed_62/community_8/sampled_per_user.csv,37108,63b3df4be6d39efd415b70bb0a36da787f0c4b425445961bd6cb65a94cd1bf52
02_recommendation/outputs/douban/dc_dmf/seed_62/community_84/all_items_per_user.csv,29436,bc47e498f260f157cc5ee35b8bfdd10869101794775eaa8194aa6928bb447c8c
02_recommendation/outputs/douban/dc_dmf/seed_62/community_84/sampled_per_user.csv,43021,ae25a51a4d3e3b7087de80a5cb7420a13a427b20a137cbbe665cd869781ced5c
02_recommendation/outputs/douban/dc_dmf/seed_62/community_96/all_items_per_user.csv,34418,501fa018b2d3575d8581576008d795b1b84e9d3186cd06caf96953f0ecda1e9e
02_recommendation/outputs/douban/dc_dmf/seed_62/community_96/sampled_per_user.csv,49845,367e0943fc69d78aa3a5603e1d4ba21a868bddb1e7c010f97b4fde275d162215
02_recommendation/outputs/lastfm/cc_dmf/seed_42/community_0/all_items_per_user.csv,85374,227813f3b733b99020dba2134a6c4b9889795a89c5415815b32845be2e5feb80
02_recommendation/outputs/lastfm/cc_dmf/seed_42/community_0/sampled_per_user.csv,35137,bf5e3edf5b8b21c6068935ab73323e3d9b42fe2ab123678c5b9a323e4aa5f6fc
02_recommendation/outputs/lastfm/cc_dmf/seed_42/community_1/all_items_per_user.csv,47389,8b9b2a200e28164f017dd7d92d3a0818964130d9e6aad584b257e9eab53d1404
02_recommendation/outputs/lastfm/cc_dmf/seed_42/community_1/sampled_per_user.csv,19171,52330a5a63380f1d0894929c6071e1f8648efba5dad6592ead1b134326a4cb47
02_recommendation/outputs/lastfm/cc_dmf/seed_42/community_12/all_items_per_user.csv,51311,078494ef69d8e2bcbae12e40a3f59199939f79272e85b6d862d40781b4844c6d
02_recommendation/outputs/lastfm/cc_dmf/seed_42/community_12/sampled_per_user.csv,21069,75a9fa6fafd43e4af5fc746da224d4cf7bd665b25e5f44f08d63e342cb2e3cb2
02_recommendation/outputs/lastfm/cc_dmf/seed_42/community_2/all_items_per_user.csv,60636,5146bb1370bc8f8d1bee43d66197118ee2e23107f2c05d856dae2dc93bc4a62b
02_recommendation/outputs/lastfm/cc_dmf/seed_42/community_2/sampled_per_user.csv,24837,51a4ba7fb4f81656925683fd47e10da7276dd0563728c0a21a6de4090d67b03b
02_recommendation/outputs/lastfm/cc_dmf/seed_42/community_3/all_items_per_user.csv,90113,4f711b5c5437e53d8acdf68e59069eebb0b7f9554de0cfff07eb6170adf54b6e
02_recommendation/outputs/lastfm/cc_dmf/seed_42/community_3/sampled_per_user.csv,35910,020096e153cba9adf8b6a2d1ce35af360ea5a299e695a52d065146156c9825c9
02_recommendation/outputs/lastfm/cc_dmf/seed_42/community_4/all_items_per_user.csv,85173,e93ec3c0ded97ee561c3024db7eacecc64751bcf9cf77100c1798f60fa92c897
02_recommendation/outputs/lastfm/cc_dmf/seed_42/community_4/sampled_per_user.csv,33279,b8aa6426cf8953f189def9badb39d7d21999d653e313702ac492e5b300d3f7bb
02_recommendation/outputs/lastfm/cc_dmf/seed_42/community_7/all_items_per_user.csv,124839,0532cef28a4634ef822bd09eccd4919edc6be1bfa38ae31d1188e97f3d106662
02_recommendation/outputs/lastfm/cc_dmf/seed_42/community_7/sampled_per_user.csv,51020,0524f438358e990bab66b08f7f7ac497d42c747f46068b546f10cec37266fc48
02_recommendation/outputs/lastfm/cc_dmf/seed_52/community_0/all_items_per_user.csv,85219,9ca5106fe5576cb7daeb5370e4fe48bad25afbeb6dbd12e8fdaf957717f5551d
02_recommendation/outputs/lastfm/cc_dmf/seed_52/community_0/sampled_per_user.csv,35208,a6ef7fe7544eca30fc6622a2f9bf90c2819391ff3eb22c0936ff9076a9949560
02_recommendation/outputs/lastfm/cc_dmf/seed_52/community_1/all_items_per_user.csv,47333,8eb130337be0c7810402eea140158fe9cf229ae4168b1c99a10e09bf6231d9e3
02_recommendation/outputs/lastfm/cc_dmf/seed_52/community_1/sampled_per_user.csv,19291,453f6a7a78c770f6e29c9f02b425d10cc30be83901701fc54dc21a1ac50cab77
02_recommendation/outputs/lastfm/cc_dmf/seed_52/community_12/all_items_per_user.csv,51305,23727e433de1c60f399cb09e5bfdc1f11fd955569fb0bd3936c31d60b505f22a
02_recommendation/outputs/lastfm/cc_dmf/seed_52/community_12/sampled_per_user.csv,21042,95b35c42010abcc07cc787006102706088b73d8c828740706811948e442735c2
02_recommendation/outputs/lastfm/cc_dmf/seed_52/community_2/all_items_per_user.csv,60478,ef83b3e4ef22d4fb232a068c26eb0a7a41b9e200e7b0f8efb6bdde3c1988a848
02_recommendation/outputs/lastfm/cc_dmf/seed_52/community_2/sampled_per_user.csv,24431,a44ab37e1b78d53aa0e27e959e6c5eab3fbf54d6b51296627f223324389b7b0f
02_recommendation/outputs/lastfm/cc_dmf/seed_52/community_3/all_items_per_user.csv,90030,961361cd11bc365ba34d4152a710da03962654fd653a3d7a8fc741213930d380
02_recommendation/outputs/lastfm/cc_dmf/seed_52/community_3/sampled_per_user.csv,35788,229577358e4edfcacb619db09924e5c722ae50fcf3033b80a3fbffee1c065d79
02_recommendation/outputs/lastfm/cc_dmf/seed_52/community_4/all_items_per_user.csv,85061,75cbf30aae90be1ba0adabe984aed6fccb04e44366d4a570132334ac0bc8e5ec
02_recommendation/outputs/lastfm/cc_dmf/seed_52/community_4/sampled_per_user.csv,33459,e9bc4c0b8802d265b22b0fdb4f8d28dfbc7f83c7c87fc9454124bb27d11803f2
02_recommendation/outputs/lastfm/cc_dmf/seed_52/community_7/all_items_per_user.csv,124408,573bc4a0c7846a9e546d4c506f474fabcd806c704d0019bc292d388d6d75ebfc
02_recommendation/outputs/lastfm/cc_dmf/seed_52/community_7/sampled_per_user.csv,50967,51d6f3b497fac1b1a383cb605cd42c4f117502d2da47e1b16a8989577ab5fe6d
02_recommendation/outputs/lastfm/cc_dmf/seed_62/community_0/all_items_per_user.csv,84594,83230aca44dcfa248c40f47d77865b7108dc3d7fdce0e09082be0bfdd730e0e3
02_recommendation/outputs/lastfm/cc_dmf/seed_62/community_0/sampled_per_user.csv,35239,736858ce5478047f8cc337bee5eac7d79512fa2761bb5816c9797ad2e2c33e2f
02_recommendation/outputs/lastfm/cc_dmf/seed_62/community_1/all_items_per_user.csv,47286,7a66ecd5d51542955816d0407b6f080813a51e2e26dcdfc55e62b7beda1ce166
02_recommendation/outputs/lastfm/cc_dmf/seed_62/community_1/sampled_per_user.csv,18979,8e63bd15bc6bd7fb709acbb3531b0cfca6039f0274dc869f9500cd8c15f2802c
02_recommendation/outputs/lastfm/cc_dmf/seed_62/community_12/all_items_per_user.csv,51305,229deef8cee1d5d81f6e7ed746e7c7efa0bd6365bc120732c9be7b45ae586f3e
02_recommendation/outputs/lastfm/cc_dmf/seed_62/community_12/sampled_per_user.csv,21394,4421fdc9fd3e12d46e0daf5af90a8c58a03bde323361c0361c10b05a96c4e3f8
02_recommendation/outputs/lastfm/cc_dmf/seed_62/community_2/all_items_per_user.csv,60578,7d378e6f2f9e524dc58a5364e58fd896e640db160bd875b28bf43167a63478f5
02_recommendation/outputs/lastfm/cc_dmf/seed_62/community_2/sampled_per_user.csv,24059,e2f567c5e778d4218edbd5554649fdf9b2ea04ec6b5f06f60fe6db89311bc4f3
02_recommendation/outputs/lastfm/cc_dmf/seed_62/community_3/all_items_per_user.csv,90189,56447885007ed6258fd0b3bda0522bcd782a1eee3508fdf56411707e9ddc395e
02_recommendation/outputs/lastfm/cc_dmf/seed_62/community_3/sampled_per_user.csv,35756,efd9c1e287fa519f8f80e3889a76cb84084a139323cd56a4beaf06add98df748
02_recommendation/outputs/lastfm/cc_dmf/seed_62/community_4/all_items_per_user.csv,85079,7586417804f8dc4d3b753ddc96114b3c4f154222e3b694e7fa5dc72ad3743689
02_recommendation/outputs/lastfm/cc_dmf/seed_62/community_4/sampled_per_user.csv,33529,53873774c213077e7baaf474870b13f72f6cba1d123aaf1c31543b99f73b683a
02_recommendation/outputs/lastfm/cc_dmf/seed_62/community_7/all_items_per_user.csv,125644,cb7de610e4a11510ec193974cec76c9fb2e445a810dd142b087fbafd7e6227a9
02_recommendation/outputs/lastfm/cc_dmf/seed_62/community_7/sampled_per_user.csv,50945,602a2c5d4797762086618a508fb0aaacd690b38864030eeaf4993abc00bddf31
02_recommendation/outputs/lastfm/dc_dmf/aggregate/LastFM_DC_DMF_V4_MULTI_SEED_42_52_62_SPLIT42_EVAL42_Mean_SD.xlsx,83892,1120616aa1f871aeb02b43b4ae15505a6ef7758f23427c3a2566f7f1b1b28f4e
02_recommendation/outputs/lastfm/dc_dmf/seed_42/community_104/all_items_per_user.csv,17274,8adcf6ad8266ca12473de204c2289d924f91eee2168eae071d0dd1660ea6108b
02_recommendation/outputs/lastfm/dc_dmf/seed_42/community_104/sampled_per_user.csv,7041,31bd599368a21d229dfa77e27444561f889d2f80adf241b1c0f8a1dd090e491f
02_recommendation/outputs/lastfm/dc_dmf/seed_42/community_107/all_items_per_user.csv,30035,8484b0346ab2d9b7348bd93efab79ff30eb56a9a9d7e635b0aa9f0963374c0c8
02_recommendation/outputs/lastfm/dc_dmf/seed_42/community_107/sampled_per_user.csv,12401,ae080e9c0b9176f845ac51ab6aa309c785db6665b65c93a5d840da401eb841a7
02_recommendation/outputs/lastfm/dc_dmf/seed_42/community_114/all_items_per_user.csv,19751,dd413494a94306440dee7236b894cb8e51865b2a7002308de449750475a7e793
02_recommendation/outputs/lastfm/dc_dmf/seed_42/community_114/sampled_per_user.csv,8013,8e0c023b9b29d132ddf92e30af5d3801c724a71e9f501abdfd185e0779f15f2d
02_recommendation/outputs/lastfm/dc_dmf/seed_42/community_204/all_items_per_user.csv,20969,e7a875a878b3353cbfc9eca4538e8e276854077cc3f8ac7dfe8cc54f2b39328c
02_recommendation/outputs/lastfm/dc_dmf/seed_42/community_204/sampled_per_user.csv,8690,fb49b4f28e2a693993bedf0907492bc4244dc82e38fa421e36b1ae3dc5eb4671
02_recommendation/outputs/lastfm/dc_dmf/seed_42/community_211/all_items_per_user.csv,38463,8342d34f58c282b582a54a2a12b8437e277f13c056d3cd127a3fc02f375c07f7
02_recommendation/outputs/lastfm/dc_dmf/seed_42/community_211/sampled_per_user.csv,15639,f89929a36fc53e80dbfa7b0d18774753384eaa3e626720e4ae7a9660bbcba8c4
02_recommendation/outputs/lastfm/dc_dmf/seed_42/community_28/all_items_per_user.csv,25830,21842c5220f67f57cf3d9802f3e9cfc7a2649e0510aa7271b75b0c9d8155e512
02_recommendation/outputs/lastfm/dc_dmf/seed_42/community_28/sampled_per_user.csv,10510,84cf2bc6043fecb7fd472a5edc41238e0c6e0bbdaa2d0b3e6c5914cd802b6467
02_recommendation/outputs/lastfm/dc_dmf/seed_42/community_30/all_items_per_user.csv,45363,79d09cbcfb744131d1ba7f845808d0c37d54463295025e78a5c43f94001e77f4
02_recommendation/outputs/lastfm/dc_dmf/seed_42/community_30/sampled_per_user.csv,18627,efe8366b921631d957c363cd9ec5339c1b160471cc514e053ed0a5459dbf4795
02_recommendation/outputs/lastfm/dc_dmf/seed_42/community_38/all_items_per_user.csv,39280,14f02d891c44073d11a53bb1bbb1be9466b4be2292d1a93fe358373763a7d89d
02_recommendation/outputs/lastfm/dc_dmf/seed_42/community_38/sampled_per_user.csv,16218,afb55ecd298e5c3c0e37fda2da49832f2725c9a301b8ff67b88d7b9e5de788ec
02_recommendation/outputs/lastfm/dc_dmf/seed_42/community_40/all_items_per_user.csv,40295,ca1867da2f2a3f4827ab931ab6c8b5eea99cc6dea802b4afe875930b2a33aa26
02_recommendation/outputs/lastfm/dc_dmf/seed_42/community_40/sampled_per_user.csv,16046,298dd07b63037d08f0c2c816a3ffb29b9a1b55d5499365b7fae675d5cee1480d
02_recommendation/outputs/lastfm/dc_dmf/seed_42/community_44/all_items_per_user.csv,18005,c693adf545a6c2e8888f2d7c27e96ec5d6323282b918674bf7ad1ecf2a838d39
02_recommendation/outputs/lastfm/dc_dmf/seed_42/community_44/sampled_per_user.csv,7415,af662775bc4c91eb31821c268efeb2cbb31f960549431acb77b541e6afc9f146
02_recommendation/outputs/lastfm/dc_dmf/seed_42/community_506/all_items_per_user.csv,20427,4adb8d75c199db4bf1cc0d05346c98a0405fb717cdee64150359a6ca14997d55
02_recommendation/outputs/lastfm/dc_dmf/seed_42/community_506/sampled_per_user.csv,8342,97318adbfee7d77bf8f91f58a43291684128424dedfe43028f6d0b9d38e3968a
02_recommendation/outputs/lastfm/dc_dmf/seed_42/community_60/all_items_per_user.csv,93340,eba7867fc2594d210ee409940809f2847aac101024a632a1d11ae0ed8176ae96
02_recommendation/outputs/lastfm/dc_dmf/seed_42/community_60/sampled_per_user.csv,37399,8382d0be22b4a44a354cddcb2d371f75d757b05040a94a74f6358dfe66feb0d0
02_recommendation/outputs/lastfm/dc_dmf/seed_42/community_99/all_items_per_user.csv,56378,c8ebba8e331d2fcded1154fd9979afcf15691d70962f714577c8ebf30fb8e386
02_recommendation/outputs/lastfm/dc_dmf/seed_42/community_99/sampled_per_user.csv,23218,f06e1ab1a2a4375498df8dae8e040c5133cec408d4b90a3ecfe26c96bf42ab24
02_recommendation/outputs/lastfm/dc_dmf/seed_52/community_104/all_items_per_user.csv,17179,8d263765cd2fa79f95a28ada4e04df5025a95c9e4059006441faf5642511dc9d
02_recommendation/outputs/lastfm/dc_dmf/seed_52/community_104/sampled_per_user.csv,6905,4ae65dd7d4a62fd99321dece722792ef062edd1a25a5847e001f16041e3e8144
02_recommendation/outputs/lastfm/dc_dmf/seed_52/community_107/all_items_per_user.csv,30547,0796a965e2d8424e7185c8f14d14cb47843befa8e0826f4e2c67c96012f6ab8b
02_recommendation/outputs/lastfm/dc_dmf/seed_52/community_107/sampled_per_user.csv,12641,f11bb706425aff74cef85b4df41f4108473395c8605254bd411e9dbb5fe05b00
02_recommendation/outputs/lastfm/dc_dmf/seed_52/community_114/all_items_per_user.csv,19450,cf64b3b574bf3e43c1c5583589680e265ac22c329520ed04ccec278edaeb6a82
02_recommendation/outputs/lastfm/dc_dmf/seed_52/community_114/sampled_per_user.csv,7978,34b385aad71c65746b72f6232e73e60df300ffa601da1651ee51e82370d47192
02_recommendation/outputs/lastfm/dc_dmf/seed_52/community_204/all_items_per_user.csv,21174,926c91946ee5390698745a494be8b8a56863a1a0d872d6c54fe6bc34299a68e5
02_recommendation/outputs/lastfm/dc_dmf/seed_52/community_204/sampled_per_user.csv,8764,444b6e4c8cb5c8bbae276d5cc4c74e67694e84cd70b1c4978b90901a0a6ef1f0
02_recommendation/outputs/lastfm/dc_dmf/seed_52/community_211/all_items_per_user.csv,38444,88913339cac6ee144e364c6a059c6b52ec444fbf1c46081365283b11d73044d7
02_recommendation/outputs/lastfm/dc_dmf/seed_52/community_211/sampled_per_user.csv,15699,2296eec5e39a0abd77b5483467467c933837ff8b570ca1e0d37532f308994c29
02_recommendation/outputs/lastfm/dc_dmf/seed_52/community_28/all_items_per_user.csv,26194,7933efc5d9a56f3fcbec2f4889cb2b05f911cb2cb8453f2e10a96e791b3a3165
02_recommendation/outputs/lastfm/dc_dmf/seed_52/community_28/sampled_per_user.csv,10632,13e857fd9d15af482db9263c3a03ab0bdb8c9bb722cc6fe7e8c460878c1391dc
02_recommendation/outputs/lastfm/dc_dmf/seed_52/community_30/all_items_per_user.csv,45568,bff1dcaa45ef121d4946712183d305f76fff5fac07cf0053e9e1d17654d02e28
02_recommendation/outputs/lastfm/dc_dmf/seed_52/community_30/sampled_per_user.csv,18773,3348316921fef76dabff304671ac421227649db9b59d9250a0946d70b9a9ca7d
02_recommendation/outputs/lastfm/dc_dmf/seed_52/community_38/all_items_per_user.csv,39289,abccef0df8d5a1310efa9e49ffe36c412e5220312722d7d37bcb70dd1fa9b0f5
02_recommendation/outputs/lastfm/dc_dmf/seed_52/community_38/sampled_per_user.csv,16205,6b6b21b7ee58ee1ce448cbb6c9b012e4a9dca8376921db76d1e2757fc690b0ab
02_recommendation/outputs/lastfm/dc_dmf/seed_52/community_40/all_items_per_user.csv,39973,ffe319281167fa1c8ac4508a2838b9a49fee07a109e7d8ca703c2357910b59db
02_recommendation/outputs/lastfm/dc_dmf/seed_52/community_40/sampled_per_user.csv,16140,33f6d3aed20a37db80903b720a6e8bb1180fe32a71157973585424087c560908
02_recommendation/outputs/lastfm/dc_dmf/seed_52/community_44/all_items_per_user.csv,18050,f4535b97bdfa12b0d195df8b1dd4326508d81ba5d64f6844d71d0a4939a1c951
02_recommendation/outputs/lastfm/dc_dmf/seed_52/community_44/sampled_per_user.csv,7372,409d552e9a28b493f1729833bacd0cc929be57dc4708254f6fd0e2a4f93cf431
02_recommendation/outputs/lastfm/dc_dmf/seed_52/community_506/all_items_per_user.csv,20401,354a23f08e999d78c1999a95c9e9d48d448513b2f770d807ce4d36a9d1a0f03e
02_recommendation/outputs/lastfm/dc_dmf/seed_52/community_506/sampled_per_user.csv,8550,9712c5817cffb9055482ed609bd64039bf721984d06373ea9fa76e2fcfeb3880
02_recommendation/outputs/lastfm/dc_dmf/seed_52/community_60/all_items_per_user.csv,92904,1298228340323d50cdcaab42f92884ac53bdd7910e1ec02dd8285bf6cc305ae7
02_recommendation/outputs/lastfm/dc_dmf/seed_52/community_60/sampled_per_user.csv,37542,955ae9fa770b72ccdf388f3123d7a5d60b8dd7f1b39e5a84e17d1d63bc344b4a
02_recommendation/outputs/lastfm/dc_dmf/seed_52/community_99/all_items_per_user.csv,56177,bdbe0ecf51ac317a0ed1fabac77fb1338e9a820544d446d0dde79571feb3714b
02_recommendation/outputs/lastfm/dc_dmf/seed_52/community_99/sampled_per_user.csv,23059,0f4d86b3038d5bb290ba231f5da4edc236aa0121061f5f5f97f19cc17c565949
02_recommendation/outputs/lastfm/dc_dmf/seed_62/community_104/all_items_per_user.csv,17193,ae8d25afbaee7a951745f651e337da3c3aa6aa16efc83191406106809d2a2ea6
02_recommendation/outputs/lastfm/dc_dmf/seed_62/community_104/sampled_per_user.csv,7026,11487f9df1e7b7a1adf95347e2edc663508f39c4a928b9c6dd582fabb3acc3ec
02_recommendation/outputs/lastfm/dc_dmf/seed_62/community_107/all_items_per_user.csv,30328,0a2a12c5fef174dee6c5f21c15faa09ca7a71877139f076373fc004e3a21b89c
02_recommendation/outputs/lastfm/dc_dmf/seed_62/community_107/sampled_per_user.csv,12517,4bd325e0be89d40d9ba7f45b5a22161f211b36a163c493d0d22cba8627250f85
02_recommendation/outputs/lastfm/dc_dmf/seed_62/community_114/all_items_per_user.csv,19731,2892e3cb6d62ad328712e3a1d1611e8a268bc6b23150d965667bf14b1e856d57
02_recommendation/outputs/lastfm/dc_dmf/seed_62/community_114/sampled_per_user.csv,8001,6bfc6ac755fd0bf21cbb803449d9afb65edbb419cc75be6a69ace4c8999432d4
02_recommendation/outputs/lastfm/dc_dmf/seed_62/community_204/all_items_per_user.csv,21104,4440de1e7b64ce8c7ac562344d2c7b1f3fc970adc325700e58dcdf6cd26c7215
02_recommendation/outputs/lastfm/dc_dmf/seed_62/community_204/sampled_per_user.csv,8716,e4f41a86faa96533ea123754a8322fd049d4d44be4e85d56fe0663c8628dceea
02_recommendation/outputs/lastfm/dc_dmf/seed_62/community_211/all_items_per_user.csv,38414,6ea7a4a33b90d7292c1fbe366a795e937e53644b86981b5756daab190c61cc68
02_recommendation/outputs/lastfm/dc_dmf/seed_62/community_211/sampled_per_user.csv,15714,35f252eebd6deea97d4d5a80ccb0da6eee574e5a73ac061f604ec53e6b32f314
02_recommendation/outputs/lastfm/dc_dmf/seed_62/community_28/all_items_per_user.csv,25911,d076eebe11490fece805c21bb619a33e3761969b88a41fd83d00b20f35f292d2
02_recommendation/outputs/lastfm/dc_dmf/seed_62/community_28/sampled_per_user.csv,10648,c42d3248538bf8d433f1c1c56a1ddcd6974076d6bb73afb597bf63d6a53e321f
02_recommendation/outputs/lastfm/dc_dmf/seed_62/community_30/all_items_per_user.csv,45723,77b2a82a8d6885d688dfea2c518a6bf7e0604c65a887ec8e4470aebbeb13aa84
02_recommendation/outputs/lastfm/dc_dmf/seed_62/community_30/sampled_per_user.csv,18668,efe8c55dad64a4e50fafdb6b5e2e5f64f15c055a3308ad0c0f9beeeac4fa02d3
02_recommendation/outputs/lastfm/dc_dmf/seed_62/community_38/all_items_per_user.csv,39342,5eb1902f87678717e0a3c66f5f6bba4d43c0dcfa3ad73e65d9692fdccb79f0e1
02_recommendation/outputs/lastfm/dc_dmf/seed_62/community_38/sampled_per_user.csv,16107,5bc2e6de5d8ae93993ceca2bfd77716839e54f9d13d8f5e366d0ddf5dfe05f2c
02_recommendation/outputs/lastfm/dc_dmf/seed_62/community_40/all_items_per_user.csv,40082,5de34557c8f416c048f1ef6c006df4dbf4e0aa95fbbd7f14af2c441b68cf12b9
02_recommendation/outputs/lastfm/dc_dmf/seed_62/community_40/sampled_per_user.csv,16121,49e7a38190ebfd602ed4bfee9a4342270db0bea6ab20def4caf42fbb32662c4a
02_recommendation/outputs/lastfm/dc_dmf/seed_62/community_44/all_items_per_user.csv,17970,8b7b72295c5696b90302407a8cc2425599a134a5c1fd4d5c1c3ced6d6608f4b4
02_recommendation/outputs/lastfm/dc_dmf/seed_62/community_44/sampled_per_user.csv,7420,a448ef512430039e67101a396d04b2a2d34388dd80c86ce4a79316ba6ed3ce82
02_recommendation/outputs/lastfm/dc_dmf/seed_62/community_506/all_items_per_user.csv,20509,e63e33aecd6413578c49fc70c7dac8438a9d21b6d85f64b6ea0d0fc355ac3902
02_recommendation/outputs/lastfm/dc_dmf/seed_62/community_506/sampled_per_user.csv,8571,3516cfb605fd9f599602a5192180a2564ff58dbc4c4bf6195e82fd17ab5af179
02_recommendation/outputs/lastfm/dc_dmf/seed_62/community_60/all_items_per_user.csv,93468,c77c1b8b737eec0e089d611de044c74b6d15e1e0532b780fa057aafb6d17a8e1
02_recommendation/outputs/lastfm/dc_dmf/seed_62/community_60/sampled_per_user.csv,37342,872a1d58b65dc4ccbcf4979a95fa29f022884aa4090969044e93860a3fba03ee
02_recommendation/outputs/lastfm/dc_dmf/seed_62/community_99/all_items_per_user.csv,56185,df2dbef838b932b39cf8117ece7c5f2697569fff5e31535c157512e01a55a861
02_recommendation/outputs/lastfm/dc_dmf/seed_62/community_99/sampled_per_user.csv,23207,24b577a4d55eea9152979ebac98281ac37036f850811b23fd4838106f9ce1dc7
03_authorized_node_selection/README.md,460,f1ea61779aa1c59173bec89bf9445ad7b7c970ca830bc50c772118594ff6f558
03_authorized_node_selection/code/authorized_node_selection_douban.ipynb,29988,55db9d741b81267ea10237456b2d66f3ab62e2ae21de1dba2bbbb7e89feeecc9
03_authorized_node_selection/code/authorized_node_selection_lastfm.ipynb,43145,f6b77cc58c81af9cd4aea4f9dbcd3a87ea39091ccc28513ec818b12f406db1a1
04_announcement_confirmation_finalization/README.md,782,c55e8b814d90efaabfce77236ee2290e3a139e5d6a462638bf09c151ad0d6108
04_announcement_confirmation_finalization/code/announcement_confirmation_finalization_douban.ipynb,232260,254c27521f2234aa479009aab3108ad24056e1a9ef35d6b753cec09d993ddb94
04_announcement_confirmation_finalization/code/announcement_confirmation_finalization_lastfm.ipynb,239948,b136d29426a4d9ba4cdbc95c7ce3428802172afdfa9665b811fa0df5ece9f4f5
04_announcement_confirmation_finalization/contracts/AuthorizedNodeElection.sol,20827,e61117cb56a2cde587a4e86e6e283352be09c5ed65d0d3c3c9c5cb473316a04e
04_announcement_confirmation_finalization/douban/AuthorizedNodeElection.abi.json,12823,cded2cb78a1656b95bb4972a915518e3d1ab1ff309164d118c5602d25e1017ff
04_announcement_confirmation_finalization/douban/AuthorizedNodeElection.address.txt,42,ab4da06628f1cedcfc5fdcdb5af0f73b3ff4391e6a3391d3355f2233649e02be
04_announcement_confirmation_finalization/douban/address_to_userid.csv,41595,863c68ec2c275db26d7aeebe099ccc7b29c6ca46d251f7b1356f9faf20255c1e
04_announcement_confirmation_finalization/douban/ak_chain_announcements.csv,1754,50a3279b9fa788eece9fea5ae407749c4f4d4929551ee4fa6473e25eab2d3a9a
04_announcement_confirmation_finalization/douban/announce_ak_report.csv,2111,6c682320524574afa5508c751ffa3e7aa4cbfe4ce06c9a5e63ce110590b2dc84
04_announcement_confirmation_finalization/douban/confirm_ak_report.csv,915,d69344a10ba2c3212657d6a17beeeb7f0827b807bb708f89fed7b94161e4e222
04_announcement_confirmation_finalization/douban/finalized_ak_report.csv,1962,b5684ba11b3fce39f17312029a68f20a67f0504265bcb1fc3e73d87fee718bd7
04_announcement_confirmation_finalization/douban/invalid_announcement_timing_test_report.csv,679,dc0530411ec6bf9ed6b74b886632cd1796b2dce49a345bd69c1c2201a4e1c7db
04_announcement_confirmation_finalization/douban/load_members_report.csv,227,2e1255bb2cc220cff4ed2cfd4cc180955a16ea68f3392e6e44812618ac38932e
04_announcement_confirmation_finalization/douban/owner_address.txt,42,cda0d7034f9e880e018f2963aa8be4f3661f135989316321b0142146bdf65372
04_announcement_confirmation_finalization/douban/wallet_mapping_report.txt,945,2036a0d31a05cd55152bb61ed7cf169466aab05425327fbd717a9b046fce96aa
04_announcement_confirmation_finalization/lastfm/AuthorizedNodeElection.abi.json,12823,cded2cb78a1656b95bb4972a915518e3d1ab1ff309164d118c5602d25e1017ff
04_announcement_confirmation_finalization/lastfm/AuthorizedNodeElection.address.txt,42,a447c3b012774d05cac3fb6875ce23a9460e43f518b7b421e0f06f192ccc34ac
04_announcement_confirmation_finalization/lastfm/address_to_userid.csv,40407,4d3a2faedc4c0fa71ac475f1b8a2cc19dea5b0ad054392155b15ba7496445bf2
04_announcement_confirmation_finalization/lastfm/ak_chain_announcements.csv,4255,c53a56b9008891509bf0ab583a386954754130920e1f9e1bed209a3dccc6c8f9
04_announcement_confirmation_finalization/lastfm/announce_ak_report.csv,4967,b66f955250e19393e4275a6d50d39b3c01c6c3d0414a6dc74c2d0c706c72843e
04_announcement_confirmation_finalization/lastfm/confirm_ak_report.csv,1828,014f69e8e1a2c688e1a274f9bc2a88ed7c14f95d3ddfaef15aa4a964b8b9e77e
04_announcement_confirmation_finalization/lastfm/finalized_ak_report.csv,3999,8e4474792a52435c5d11fc75f6d0c8b44286cdb10bce4962c894234f05478906
04_announcement_confirmation_finalization/lastfm/load_members_report.csv,528,2d62b69e57d94ab7460eb368c79ea04713235b96504b26c586035fb5fa2906bd
04_announcement_confirmation_finalization/lastfm/owner_address.txt,42,35781bf26f7845bf5531181dd467301c2dc9423503e6f7c77c4ec0d9f80abada
04_announcement_confirmation_finalization/lastfm/wallet_mapping_report.txt,967,e53781380d7dcc5a82d7a8676034b776a6997faca4435841484f3decd1fd8714
05_blockchain_performance/README.md,780,b686a4dc381ec1d8dcbfc75d38c5d0e6a558b58a0396b0439a7fa93d66c8a548
05_blockchain_performance/code/blockchain_performance_douban.ipynb,273822,492a401d69d0900759aacd75123e74d086aefc959ec83ae0c5da620fda163b00
05_blockchain_performance/code/blockchain_performance_lastfm.ipynb,280413,d59dfee2dac4565c2a5a03d6b0c144481d29689db28271d209bcd938526534fb
05_blockchain_performance/douban/blockchain_performance_by_community.csv,1608,8d6c370a500419bba9d8ebc2ca9655653d8fa1930aabd2c472d2d57c498634e0
05_blockchain_performance/douban/blockchain_performance_by_stage.csv,878,bd44943715479ecd51a621160308cbd0365a5fc56f4b19f1e561b4fa3dc4ef06
05_blockchain_performance/douban/blockchain_performance_transactions.csv,171770,4d8ccf1786311225f25b3356111fc5811725501976f7bb98b10987276f6e395c
05_blockchain_performance/douban/run_metadata.json,1590,75bf6362ba1d8c431d345bb1b926be64c7f1fff89d2c4e90964b341bbf3f7f77
05_blockchain_performance/lastfm/blockchain_performance_by_community.csv,2866,5bd3de1925ec7d26ece0f3e4a617d9fa4078c48555ca7465689698b4f0645755
05_blockchain_performance/lastfm/blockchain_performance_by_stage.csv,889,4f8b7149168f42af61df1302b7cd2541158938021a07285046875e5c544c5d01
05_blockchain_performance/lastfm/blockchain_performance_transactions.csv,169929,441f1a161c22ef5716265059e090fb93ee76a68159796b6db0400687b1c705fc
05_blockchain_performance/lastfm/run_metadata.json,2223,0d9977b96be7bbe37fa72e43f80bcad4a9a87f35c8ab26876e0edeeeb49f90df
06_recommendation_delivery/README.md,692,20cde642024eff833f4058ffa837b73736c11106925cf3b64afdf1a368fedcf6
06_recommendation_delivery/code/recommendation_delivery_douban.ipynb,103602,62737d2853f1b6db994a0ab83219f032ce7d2be0c1ac7e4a0650943dbcd4cd00
06_recommendation_delivery/code/recommendation_delivery_lastfm.ipynb,421337,6347bf24c6684a7b03704c6d8b6299db826a7313493679d4113b03b045d4632e
06_recommendation_delivery/contracts/douban/RecommendationDelivery.sol,7533,ad72dccc120ce3a79fc06d0715f11402a0e2f3f32d74901795a23c31caf0f600
06_recommendation_delivery/contracts/lastfm/RecommendationDelivery.sol,6541,2546871a84d9fffd53a178d569f0fe04a5f1d10148d97510ea56155ccf0283b3
06_recommendation_delivery/douban/04_smart_contract_deployment_log.json,1034,b88a28ae75765ff3240ef93274ced53a2fcb0df3d054fb5f83411fc31e0cc4fc
06_recommendation_delivery/douban/05_trusted_nodes_from_voting.csv,554,d97625757b7cc36b9d54a7691317210265fb1b7771bfed36e5178233ec6694ea
06_recommendation_delivery/douban/06_onchain_authorized_nodes_and_members_registration.csv,2757,74ee1f7adabaa0ef4a699f4284cbc8d59e64a4dbb3c2038b4217e0f169924dea
06_recommendation_delivery/douban/07_community_membership_addresses_registered_onchain.csv,68197,c0ab6e290afe848b698d29743dfccb113b7da714d1f141e169160aba802c1274
06_recommendation_delivery/douban/08_onchain_delivery_records_top5_v1.csv,501344,ca92e15b367e6cd41ee488f0569a0fab785dd0f23f09d2ea3f33e19bafe364e8
06_recommendation_delivery/douban/09_verification_results_top5_v1.csv,246110,8a879e848afae7858eeaf8ad6a6c958be34adff8580f7daf621f25b95fdcfe80
06_recommendation_delivery/douban/RecommendationDelivery_abi.json,7047,9d00ee3f8bc8e9627d8701dd9f01203338eea57f950421dbbdea9c2395dc74f3
06_recommendation_delivery/douban/contract_address.txt,42,7271c4176159749ce94a49a475300bd58d0dab5ce17cba9b224f9028e6ac9667
06_recommendation_delivery/lastfm/04_smart_contract_deployment_log.json,1380,1392d68cf5ba798cd042ef0c087850a697905c32c632a65921a1798ed2e932d8
06_recommendation_delivery/lastfm/05_trusted_nodes_common_from_finalized_announcement.csv,733,1b562bed4bf81092830e8aa276e673cc6eeca9c2e8621728c22faa0ea5df9910
06_recommendation_delivery/lastfm/06_register_authorized_nodes_and_members_report.csv,3905,d5938b9114f84853410d9914133d7bb517d9ef18dd47f5069bde22c413addde1
06_recommendation_delivery/lastfm/07_payload_index.csv,224902,e2863144f69607858beeb490a36d268c7b66c96523b95ec0b0bcae1f41ea7b7b
06_recommendation_delivery/lastfm/07_recommendation_hash_storage_report.csv,323484,9727a73b611ce37a4d1a18e970b73fec7bd95b15919060558aee725a8fee432f
06_recommendation_delivery/lastfm/07_recommendation_hash_storage_summary.json,1624,c05fe388a8ea1c4d13e732504010cb00cfa9bda832380290e5914161d132fc7d
06_recommendation_delivery/lastfm/08_validate_stored_hashes_report.csv,391102,c7bb8c753ac340f60cc8cecfc5b5acc561332f20915304eb933d92af25edc376
06_recommendation_delivery/lastfm/08_validate_stored_hashes_summary.json,1102,f3b8583289a16f5b48259da4b7e85b41718546f626389d6b6e075bdaa4f8ab60
06_recommendation_delivery/lastfm/RecommendationDelivery_abi.json,6667,7f808ae24e8645a1e4528f6ee5cd754d291b99fd5570842c0b46f2cfb7eafa88
06_recommendation_delivery/lastfm/contract_address.txt,42,48deed37403a26e4496a37274286de78b5c89c9c7279ad106e929387fc68246f
07_environment_and_configuration/README.md,407,e5c51ce1378d888650d692d0f5182a30dd6212dfda5d59cb4dd403e75db577d4
07_environment_and_configuration/ganache_douban.json,405,6390bd3ff9c0f3a918f92fb7faa11b3dae5be1037ff6ef34ccd9146ac84fbc3a
07_environment_and_configuration/ganache_lastfm.json,400,66d1ce0df19a5fdccf28eaf8c2a5be8ed454810286d835e7a59005f6cdcff354
PROVENANCE_MANIFEST.md,4836,662d6b03f461defddbd69d2d3236c93ba1ffe29a587e85ccc469d4e55e59d5b0
README.md,4149,c1101880c2bf61ce261de6d558608608add660c24a56abb12fe9dd509394016f
UPLOAD_INSTRUCTIONS.md,1273,1174ce9449fcee063f8604158068351de6332beee5625a834794bc8df1e0275c
requirements.txt,42,8cc4eaeba0fb061b29c903e3cc839f341eb528bd954873ac8790c0a4c961a768
