community_id,community_size,required_confirmations,announcement_transactions,confirmation_transactions,authorization_transactions_total,announcement_gas_used,confirmation_gas_used,authorization_gas_used_total,mean_confirmation_gas_used,finalizing_confirmation_gas_used,announcement_latency_sec,mean_confirmation_latency_sec,confirmation_stage_elapsed_sec,controlled_authorization_processing_time_sec,authorization_throughput_tx_per_sec,authorization_cost_eth_ganache,finalization_reached
28,38,20,1,19,20,234331,1756033,1990364,92422.78947368421,120841,0.0469871000095736,0.03248542105613615,2.4290007000090554,2.475987800018629,8.077584227131299,2.8407398384114e-05,True
30,66,34,1,33,34,234331,3027849,3262180,91753.0,120841,0.0512442999752238,0.0366758757568966,4.694619400019292,4.745863699994516,7.164133264096752,1.7199572197097e-05,True
38,57,29,1,28,29,234331,2573629,2807960,91915.32142857143,120841,0.0607158999773673,0.030466203573658753,3.261612400005106,3.3223282999824733,8.728818280888433,1.4357654378549997e-05,True
40,58,30,1,29,30,234319,2664125,2898444,91866.37931034483,120829,0.0412262000027112,0.034708244826419814,3.938496500020847,3.9797227000235584,7.5382136548916865,1.2581463977881003e-05,True
44,26,14,1,13,14,234331,1210969,1445300,93151.46153846153,120841,0.0414994999882765,0.03149141538709112,1.543909900006838,1.5854093999951144,8.830526676606775,1.1033692126386002e-05,True
60,136,69,1,68,69,234331,6207389,6441720,91285.13235294117,120841,0.0417772999790031,0.030392794119132472,8.0216897999926,8.063467099971604,8.557113105880099,9.676077878356001e-06,True
99,81,41,1,40,41,234331,3663757,3898088,91593.925,120841,0.0404581000038888,0.029689509998570385,4.4292831999773625,4.469741299981251,9.172790380546628,8.485445453749e-06,True
104,25,13,1,12,13,234331,1120125,1354456,93343.75,120841,0.0406641000008676,0.03118824166449481,1.3766176000062842,1.4172817000071518,9.172488433269406,7.441314192701e-06,True
107,44,23,1,22,23,234319,2028301,2262620,92195.5,120829,0.0350210000178776,0.03176613181792407,2.6648246999830008,2.6998457000008784,8.519005363896358,6.525357586677e-06,True
114,28,15,1,14,15,234331,1301813,1536144,92986.64285714286,120841,0.0489806000259704,0.032635550002201544,1.794057499995688,1.8430381000216585,8.13873571025131,5.722718161390001e-06,True
204,30,16,1,15,16,234331,1392657,1626988,92843.8,120841,0.0382961999857798,0.03321152666467237,1.854635900002904,1.8929320999886838,8.452495469909168,5.018556055147001e-06,True
211,55,28,1,27,28,234331,2482785,2717116,91955.0,120841,0.0395701999950688,0.03035994815096875,3.0823510000191163,3.121921200014185,8.968836240925228,4.4010494693110005e-06,True
506,29,15,1,14,15,234343,1301981,1536324,92998.64285714286,120853,0.039848400017945,0.030352357140925136,1.6245665999886114,1.6644150000065565,9.01217544899614,3.859701518589001e-06,True
