user_id,address,is_community_member,is_Ak
2,0xd45a859586B8168cD32e0D6FdC194CEBB584b2c0,True,False
5,0xDBB28aE5EB21Ac677BA17382ecc4ec4E8C48aFEF,True,False
7,0x08EF01ce5be8D1701710E88d3B3ecbAE6d2A5983,True,False
13,0x23694686AA5d239aC34717a1989Ff64B6E589eFe,True,False
15,0x0a947BE395c16e4127eEab517319Aaa543C09133,True,False
16,0x2b20C76A4d5A8583B36014F788D518aD9fCCBeC9,True,False
17,0x3FF1074079Da91fe908404d4fa96A185C2C0CF06,True,False
21,0x89EC034d08ff987dcb414338188810628F1B72Fd,True,False
24,0xd9e1e1047Ec25f0527185C0FCe531E4b04A046BC,True,False
29,0xc5771A0a21F20D1fb7f4f0FE24e09706B0A7add5,True,False
30,0x165d43dC503aF687765A23F7C21FC3550F32ebA1,True,False
38,0xdcB0eB2BF3fab06A0b5C1E5362a26E59a2FdCA8e,True,False
41,0x265c9747bD806C43b76B9Ee6D5fE2E5CCb8e661a,True,False
42,0xA73c7D24f8637cCEE56499D1ebf7Cb8fFf8AB1EB,True,False
44,0xfB8FCE272e3fA6C66e0c85C55bE2Cf4eDA454053,True,False
46,0xc63f77379129831F6fFcECdD732c944C8B48CB4c,True,False
48,0xCcdFB0F4c1A933d588E4E4270e7dE15fd72006fF,True,False
51,0xFD0480481A76BB0f82637f94A0bCac447bACF2a4,True,False
53,0x9e84F71b893d134361eAAe7789042Bb6AC5D2AE6,True,False
55,0x5d831BB0543AcAC50CE679A0c7C0b95453B8d1FC,True,False
57,0x44eE8Fb3A22Ee50fc193c11C47F700a0f16cBC1F,True,False
62,0x16705adC5D745F92F7add6b71515FCdf13702CfE,True,False
63,0x78DDB82dEd4c7F50FB2438A672Bd20B7e6A340Df,True,False
66,0x64F81ac866527eF7f5c0FC19cDAacC1DfADeaF49,True,False
68,0x10c3bee50fb6729733d7eb0b3DC0B94f41345737,True,False
70,0xE2ECbff76cc0e0B78b579f9d740e821ee1e09941,False,True
72,0xaBdB65AbA94656fd13EFd7250e82daF8ab54cAE9,True,False
75,0x2775e1B20e97E476c156E8D2153Fcc83f3AB5b62,True,False
79,0xe69AabcCB6cF181CdC194a856526Db31369E854b,True,False
83,0xBf440b6098601a0F6eCEB65eE3E9a722ADA239E1,True,False
87,0x4685D87c61B9015029569f44d1b23bb63b067b06,True,False
94,0x3f4CCA602Bd185a3a7460D7Cf4f704380081D40e,True,False
96,0xA550033bfcE54F6b4C673C41bDC63821361D6E5F,True,False
98,0xe5Fd5D5838E8e1A9829feB486170d6076Bd074B8,True,False
99,0x66B724d3Cb34ad61b82a235B3A58155d68e25dc9,True,False
103,0xE079ec53b3BB3808daFae8d67e9D78EAFECe5895,True,False
104,0x169452647C922Abc6C01e4F0F09F2588C615634A,True,False
110,0xA5b269cAD207E15CC42277b72Ae7bA79493B1b9B,True,False
117,0x7A9CCf1Fa102A21385727B00D27bA75cF594bA84,True,False
121,0x5F6F3D272Ef3CE4e5B354a29b9d5279086794BC7,True,False
124,0x20381f49e0Fa15845f778E2338954777d510E3a1,True,False
126,0x4eD8B77B48279B55DC72CF94e80d8cAeB5b5DadB,True,False
128,0xc231650138549890E8FCC401C1E67F8609572352,True,False
129,0xB5340FFcc3b001BE62eF7adF02290699Df2f7f0e,True,False
130,0xE9C9d3bDF391c054E0f1360D2263EED3e6bB5A8e,True,False
133,0xECa272e827E43Ba0d5558fe89227d68b954125Ac,True,False
135,0xCd6335E82e18f4Ba03E41CAB44C920e6496b6260,True,False
137,0xc635777D9d2Bc7d7ecCcAbE050e0DE15F2C4AcE5,True,False
141,0x95BcFAe78A540d88496A085BDcba98CA0BFB2b6C,True,False
144,0x6F5E307706cBE03d1F786ff15bf5b6bc13B8C71b,True,False
146,0x3A8da4b4bB86a81B3E37d21CAabe67b1BCC9fa30,True,False
149,0xF7e052be3Db4F1E227d1B06dAd25A736144f2E31,True,False
150,0x18588f54CA55299273984c9F3eEF49d03798961E,True,False
153,0xD1d6b00804f543876d96784292910f3AFB28E76c,True,False
156,0x71679601fD1369e30b62feC07004D2931a07937b,True,False
166,0xF47348d1F3855d5Eb493A08240E981aa44b52ED1,True,False
171,0xeeF09CB5c38eB8B0886B8D22793F2c1b8125a3BA,True,False
174,0xc3065eF52915cf2cc169958879D5e28e77E201Df,True,False
176,0x7D5990f79E3294532355052dd8c85Ed6Be4db003,True,False
177,0x9D3b7c712F9b98b7076Fa18967F81FA844B41416,True,False
179,0x804Bce86588d06eF629498a3dff298FEBbCcC60E,True,False
183,0x43e5F96e3435b932D0e668F4dAd6d1d1A4E3b596,True,False
184,0xeEaD6b2877E77b3790aD56fDD6fE5089f1F47eEA,True,False
189,0xA43E3694863CD86A4eBf728FFDA1520043F1d442,False,True
191,0x676111465F270162379596B3975430C67459a059,True,False
195,0xB8760276FfaA11e1F999e470E08B81a45A3be532,True,False
196,0xE71A76B8fE8647773BA716227a2f6a139652A245,True,False
210,0x44E46787974408Af1c3C757e16BC19FB59a8F5f8,True,False
214,0xa9aFd3fF55eaaD011A5C5fD85d17C8F05ab7785c,True,False
218,0x71BE7cF25676E161BB3961AD32B98100eb540570,True,False
224,0x0Cd51e88dC636245248e9f098EA1e5FE9390138e,True,False
226,0x3B34b6410FC13022bE6C0C6497083B26d6381e42,True,False
227,0x71571e17A2D48943dD8c4c3f65D022639ee320d4,True,False
230,0x4cBe04371e401E6AbF46d3F9a77D4c1020c13123,True,False
231,0x5E3C1A2BAeE85826e93A41f8953070c3B0B9cD50,True,False
232,0x187a8c77442a2e8a94fA05202eD3A879D9118828,True,False
233,0xD796f543D1a1d1F87459e88b22afdE216b811c3f,True,False
235,0xd34f894BB912539F5CA2955a44a97Ae22A07D8C9,True,False
237,0xaCcc7Ce4D9003520EaC2f984df2a8291a8f9e198,True,False
240,0xDfe7AeF1Ee3c55d8E8BD0F8789a0f29714d7D7B6,True,False
243,0xE39Ff1F934230aeD0cf43d57fd3d83BFa8879826,True,False
248,0x5CA3A434d452558d0053A2CC8DE33F66Ce423369,True,False
250,0xEf113bB44d199603229fE92075464B1bA4B24c08,True,False
252,0xbEe9AF13d5fcEd737498068FceC6269e3245db86,True,False
253,0xdFFdd02c7505bd9Ccf9Cdb50F41fbFD942be4F0F,True,False
256,0x9D76921ca4BE7735308E6f57C48a48872117CCD6,True,False
259,0xFfdB21B12FBCB18BcdbF368f2bD33B35AEFC997a,True,False
260,0x3c619B2D3E17F736F8720f067268bf3EFe1D64E2,True,False
266,0xAE7ca75b9EBA72eaA642aC3796cC4F6c73B523d8,True,False
271,0xF0E92697D10F6B6024b7230e3fEcD8418919cc91,True,False
275,0x4Cb89664d2671121E825CeE969cB1A6A65A29f74,True,False
277,0xB6cCc1D944CBBde0ff8845357A19ba2e57ea3Ab5,True,True
278,0xC88E28F1EfE980238cd7BA9441e4B0D2bf4c4026,True,False
280,0x006884f416FccbF54fE24D046FdFcfBe6a295C37,True,False
281,0x6EcFefBc62b5bDAD556E569e3381cA1dF8a1B6f3,True,False
282,0x2321443147F1E3Ad7D3f9EF77045100eE33e8c47,True,False
285,0x8909Bc602B4A6f1C9D402B9B9069D5F63bB58322,True,False
286,0xfE7784FbF3d6CD4DA69E8F0b20116A08C02FFd15,True,False
290,0x27B8B564A6Eb2f6c72461e1C3C87aabAF3334Ad5,True,False
292,0xBABCF06F2083Fa1518a446725D770b58865A4E47,True,False
295,0x27bdD05c263a703d55b0DF48a5227099a1fA61d3,True,False
299,0x2f35E3A14DB8257e6238393552B4C527DB219feA,True,False
301,0xbd18463a5D844B207AC93D22a9C09d6C095fe0cF,True,False
302,0x81781d3C908082D91509C4aa53A83Ea08870A310,True,False
303,0xC68C6a66E83e77FB3c729d1822A4cd1b375dB441,True,False
304,0x3088e4aaCD7fb3f0F48684cB31A890B66Ea5676B,True,False
305,0x57b36Cb34550D5D59ec77C35445a4BA554225003,True,False
306,0xCbeB71D6F036F470D5b8a67b8497fa625bcd9dEF,True,False
310,0x19F709790994F1FB8dE044EBE309999525DBd0Ee,True,False
313,0x52BF47d7fb47dC2E6CF5aE186C4209ff330CdDe5,True,False
315,0x120EdE2DF71196671267Db35F611F78813290957,True,False
318,0x28afeAf92ee7972Aaf3c8f609be1aafa7948f047,True,False
321,0x8EE1531AB25a1DBF5f77Ff1Bb154611dd5b9Be45,True,False
322,0xEee190d0f3ECf53ac8CC301242AC1f25a205b1B4,True,False
326,0xEF485320859179D9e16545F575CfEc2F9e627c84,True,False
327,0x004FDA23486515c4Eb4DFB1A938D63463AdDcb9f,True,False
329,0xe75162cB3058eA920dbE01af69444DD2085ad84A,True,False
332,0x837AF2d40c58503846bfB4378884280C40D10734,True,False
333,0x1d19683da9308Fee791EE99A715978e1180c51b8,True,False
335,0x5E5bB2ef79C0447d58eA8E58448929215a8c7477,True,False
336,0x99F292f6f48EFc58590F4B2EBbF622Ef246b223A,True,False
338,0x6FDa3e806984c5be3700DED8fF476E69520aD2F0,True,False
339,0x151c96EeF5cAB0D7107E42cfB3593151DeaF8211,True,False
340,0x33598D55684D78BF820498CdbFCC1c6b1c618f1a,True,False
343,0x2f42100D81089A762e468Ac996eb2e7ca088A528,True,False
346,0x3a2f25b54b895197b881c3a91338C18FC0390A56,True,False
350,0xe7a0bd0c8BbdDFf93C76bc51586D1bFeE1E45C1C,True,False
351,0x6f830C283Db0f1bc27Df650cacaBa0d42895b4B0,True,False
352,0xfc2aA0EA6278fF7ED48C113E962fe7B1ffdD6773,True,False
353,0xD62B9fba262ef7B35701d09faf1F9Fd20491BEdA,True,False
364,0x824aBC1DfD5c9762de6b13491eD7B5c9687aA54D,True,False
366,0x479Abac809B8b11B046CCf98b25f5854313dcFEc,True,False
367,0x7FFf824b8c59E79a4d085c1b9562E9859C6f3887,True,False
369,0x32E79670f4f13ACFD7A4bA778434Bf777432539D,True,False
374,0xE4495196DA714D159a07E580b9B038283cCe229f,True,False
376,0x422883dd6246cfba020694e1eF16170A0B11bCAF,True,False
380,0xb4d91292A178fcDcC429C296bFe2918E696D49F0,True,False
382,0x522031956eF4f4b1939fFFBEC07a0934bAE0D5c6,False,True
383,0x6E784e7102dE78CcdF2B4faF263b6fe41E633596,True,False
385,0xd19F243c3BEBC514e152A5d32Fe9EcfB016029Fc,True,False
387,0xeAC7f3cf774804737b7b8d7340315AC70Cde64f4,True,False
390,0x1F3FD9cfa35dC5566002BF6b3fdf115ccB1d5a0e,True,False
398,0x86061E1877a48c5ab75bd46ea9c5E20432ACB820,True,False
403,0x34a0e16B7d0fBd373c38601BD4d9bEe7cCEb4427,True,False
405,0xCC98Df6caF5370149F3Da08C7c848294878a4221,True,False
409,0x0dD6620593C8381A5DAa5c2D493F0EdAeAEc65Fc,True,False
412,0x1079918C18b5FB81b815BF1bc70cbe4d30fC7bc2,True,True
413,0x62e31120f6C7241b277FCCdA402DED51a987A146,True,False
414,0x4b20e9d2B0EcAE0cd6f93753F849F7119aF6a4bE,True,False
415,0x19cB41C5eE82b6f0AEe3365b9B63DaA3713519A8,True,False
417,0x797d5Dd96DC6b5ec9CcD5AEAbBB7846F0fd2b5e9,True,False
418,0x12fc4d85E67dC946B9eDe279C85EFc3B3475e448,True,False
419,0xA9dEAe342bBad67e46cF2cc146459CC55393149B,True,False
420,0xe327CC1e2e41011b0bFd86dD5cA7Ab18C240B1E6,True,False
421,0xc711f0C59eC6bBaC88cbf4967b6f8910479c1C4f,True,False
423,0x2b6750960561C0e51e207917A8C731f3E797b194,True,True
425,0xdb50bC5DB9F9b06F56dF8052E8579f4D44f27648,True,False
428,0x7cFE8f1181D033152187508bb5bFd1c0980d749E,True,False
443,0x3A26cCB739a0d58687AeAB05F59f7FceA84263eC,True,False
446,0x91f761CA2c3a2e97b22E1dBe07A0C6297d7740f9,True,False
449,0x36b02841966694669ED91105f61C3df64F6bc6E0,True,False
451,0x26bbf8Ba9A50F4Abf86cA182071aC2064480dBFd,True,False
458,0x9828336099653d5f17aBd52B6A25dC53E5484EBD,True,False
461,0x4cED2a6FcDdd165f922A415715fC2cD5b5aBb3a5,True,False
462,0xe55EB424Cc67DF41980926e9E9de221D9596eA1c,True,False
464,0xFA508B9a70f6C7dC58Ba494820a194804DF75810,True,False
465,0xf8036AEAa99F5EB3B1A385875dbaBf71aEBD798E,True,False
466,0xa2115109F31C97b9C17E144b1364B5f90b63294d,True,False
470,0x76A57099f9c4CC1b40642f315f7FD70a039E814F,True,False
472,0x7b17efc91Bf5393033D73C247c2816B71723A06D,True,False
477,0x76378eE8bcfB66790cEeF3fdD6731eed10A26f1b,True,False
481,0xf80F296bB504f33D74af8e97A654C806b34CA643,True,False
482,0x96696f20b35FdC586029344a6BFA7Fec534275D6,True,False
486,0x5A77561E82195e019C094277f988D2AD81Ac8296,True,False
490,0x7897AF282Cf41e78d5F6FA0C1479262d8A0b3150,True,False
491,0x70d531d6C1105cDFf6dca621E9506447F1e9eD01,True,False
493,0xc8Dc499eF9FF542688a73BdBa3EC051Bc13831ca,True,False
495,0x0b7C949B112493B22A5F94fbd3EeD72afdb17159,True,False
496,0xFa055Fc4CBd38F27fE421e09bc50A88aB7E2084c,True,False
497,0xCcf7Fb164D3d363fE773eEDF9208d1532e7fB935,True,False
498,0x5D4F4A1399b0FDe5816B1E07C21CFe3d33538274,True,False
503,0x36e3c72875cA8875311554eA270800e1E8d856aD,True,False
514,0xCc9d0E413487Ee00dedE42edEF12B983d4F54C52,True,False
517,0x5b0eEB2c526e2C52d26A57d5F2B00e95cab5F2C6,True,False
518,0xc293296a8b71A36f8e64883D54Ddd4D00cCf5277,True,False
519,0xf349D1AeE73c8F46d63B390D188A36475bA35492,True,False
520,0x855b61224C5058A601c81e3a7Ecfb770DB870dB5,True,False
527,0x097b284ffF9D76ae14abFbe9724aB50C6523313D,True,False
536,0x1930ea63cDD3c61BaA50cF91a414143557F2Faf4,True,False
538,0xC342d52A983d784648E9E104E6eC6365e6E13b18,True,False
539,0xB92Fc8e228A7A5C517BE367bC8Ff5D86FDFb1406,True,False
541,0x7d6305fE215044EFCCEC9Abe583B70B63578f247,True,False
543,0x51FA6afdB24De257E4Bdd9A06B6666b5704510e0,True,False
549,0xF34b5F85C8Fd6358712Bb7AE69fbcafD872c7352,True,False
551,0xF65C91c90fa8A0A9d06eE71a4784d64E4cf9Eb65,True,False
553,0x66dAC534Ac7AE3Efd80269CaADa73346C3976676,True,False
555,0x0164937665c849D99DAeFb48AEE3C330E19E0096,True,False
558,0x95d35E2047F2B17bCA52C33d07f29930BD03882d,True,False
560,0x95196c6C1319D25bfbA89994515c67E53e6137bf,True,False
566,0x43806B53046531E5D8fB877079763CB0c6140EfB,True,False
567,0xd610bb0A2b3DaD98c4f4fD534B14F26f65937Eed,True,False
568,0x2A4eE7e51135Dd311e802d382B095181c1D03295,True,False
571,0x8F32fDC6e0172a215d9B49C527f9576857E15483,True,False
572,0x846a21562ed6385EDa15a2f822D499E522a1Fd24,True,False
573,0x8B326d4D7249bD595CECD699edE8Ac32De16c91D,True,False
576,0x343AeabeCd7EcE363b4009675888cD4A39562A49,True,False
581,0x9970d31839d2aFb8445C40b5EdE581b0f4cD9Be1,True,False
583,0x8b6d07ae990c45384cdE67dc31703f524350c2cF,True,False
585,0x24a6f12a6A539A92e3284d7c30575Bd1f8F2DbdD,False,True
590,0x22e3B768997B40B9e9215bCa8956E8Ea338b6e1f,True,False
592,0xD9d136c836EbD9378Dc56Dc521641FA03914E133,True,False
595,0xCA3e04c3AE38272A6dAde679bBa554805ac2e001,True,False
598,0xe16b9B78ffC706C17c527791E0B7240323d93D41,True,False
604,0xb093A72D1B7506585Cb8C07b5EB694b64D2214e2,True,False
606,0x69B3119E9bd890387215fa2c51ddF8de52776029,True,False
609,0x977e55736BA6ccd7Dab9981709afc712102Bd3f1,True,False
612,0x72110612518d3909E8d7464b4e2b710fab5229F6,True,False
621,0x1dd1Ae9E3993F20d80dE72A3355418168025e6fC,True,False
622,0xC4FaF585cb3F97782aB641c3e599A35477241D04,True,False
623,0x64682b97daF253cC37c7A44f55f34b443c26cc5d,True,False
628,0x9ACCb653c4003942491e7346Eb625E9bf75F8546,True,False
629,0x1886cA7e4357c5384bA4332e69D58Dff95a0e6E9,True,False
631,0x4731F3A0d7812e4808b5d805c707897cC8D4A1b0,True,False
632,0x40F11b5Fc922893900954B3B194595bA7C536090,True,False
643,0xc1F8f04C16ab9AdB8804532C1e641e66533A4CFe,True,False
646,0x53739c0c020845bd8b88fC4Ec49B484CAAeF2F1a,True,False
650,0x4FCc75d9f33bE9ebd079b75dDCAc8DF41775066A,True,False
651,0x64A72e7cb429dDE10b2686EE24b045005F67E185,True,False
659,0xd9BAdc25752A2EbC014D0E3C6019439AF48509C9,True,False
665,0x2D98786aA52D3E44931D503D1DB01EBc4345cf54,True,False
667,0x1214a194A91F68DD30b4E13561818e12ad50c7D2,True,False
669,0x03FA8e378de9f041d8D41C12eC68A5e574dB6A1A,True,False
670,0xDba3E2496FD6fbcE52E264fE3ecE0E061b79C9c2,True,False
674,0x9766c9FA96442fA88aD577E4DbE1b0Ce909A1275,True,False
675,0x420fbe490F4AAfb8796760736D6CCA4E67A1A78a,True,False
676,0x5051Be35e07F9fd40c389e993D02F3836D40BF5f,True,False
677,0x7D49f94F69b2638970B5Ab02832426891e6F91e7,True,False
679,0xb07493d8367e527D7cf021872CC6F59e0f0afc29,True,False
682,0xf4c2Fe4d3bF5CF90166D01b454116f5b39E071C0,True,False
684,0x16952EEdF055D60516F44eE664eB6A5858E4A38D,True,False
688,0x8C3dB811a6C963Fd7C4E7018609Da61B73A636b9,True,False
689,0xB87599a9b08adF4082bCC653561707ED9AD24e5e,True,False
690,0x171f68ee68B8640Ef27a0c78838d317Dd795487a,True,False
691,0x8D3FD02BF11944eB29894335d59399c1De301B8C,True,False
695,0x17bDDC05bdF2EB42480ED8461dfCB9F7264B7c95,True,False
699,0x516DEAE3d8B55f0042c6c8e36fc6757526A838D4,True,False
700,0x7364bf717938bCAb792BE050C146DBC1680ac108,True,False
701,0x2b8b55C8688bBE48D28C4d098e14d8aC570e8195,True,False
703,0xa2671e3f74799f4672815833c912c7BB77714bBD,True,False
713,0x59D0DB276C3837f58D2370b87dBAD6c4d704900E,True,False
714,0xF9A8ED91A4A15D7CA5C3B12EA56ed55378912b05,True,False
717,0x4359fbc297851A6494371D70865D9751A99996cE,True,False
718,0x84470201719685fdF08b7a1533483eF735756CFC,True,False
720,0x39ABEc67217cc3C10aa637fe2795fE8544001C26,True,False
722,0xF6457b91eAee9ea8cA030E6d7524120fE8a8192c,True,False
725,0x31cBaF43253E370C54dE49276cC23364451af2d8,True,False
728,0xec2fa13A647bF4A62e3260021e1c4109e69C426F,True,False
730,0x1a08E433B2a6621D0c413E1eC25131a28A4760fF,True,False
732,0xd2d62B62DB95043897B5b4681D1C277E923E0d47,True,False
735,0xc3e9316Eb1b6a800c523B46bA84d71AF306D2199,True,False
742,0x0e079a3a01edCB3e26f952eB2bA36d55c71Ef062,True,False
743,0xa28412a20214d721269603D14fc409570BD88Dd7,True,False
749,0xF47C24aDa4a6E30132a5Cb745Ed71507f53E9960,True,False
750,0xdd8603A82ab53bFFb65003fba3aE700382C08F11,True,False
756,0xe800631CAF1ca995e5583722e6c004F8d58ccBeE,True,False
757,0x4Adc3153613926f01D2C0B7f30266A2B49182e00,True,False
759,0x04cAB28041d240454b5239BB287585c08F2b3a1E,True,False
761,0xedE1850690648E0d10192951BeAa67C3C4abeB3B,True,False
762,0xF0c3e5fE47ef5036FB15377Af9ee1942cE5696Cc,True,False
767,0x557eE54497fC44E125A02f42B07d29828F5b5784,True,False
770,0x90F6c009cb03795659810018168B3e765ea07B23,True,False
778,0x2B9E9ee62Fb8C87F1acccbaF3ac7121AE459A59A,True,False
779,0x73D1a1B68eFdC0a2Bc38B99317aEa3797D81Fb13,True,False
780,0xfDB601D2b259693009FbEa93275367a1713F3324,True,False
781,0xc681C4F7c3648a096A4fDf47C5e842a3763d1577,True,False
784,0x8AFf7546bFFeF1dAaAd7E375C4C3866B18d9BE06,True,False
788,0x863B4D1ac3E6726af431A88294821F820B682B86,True,False
790,0x2cd1EFE5457161F97A308e748AF30BaBDD54f754,True,False
793,0x077a19FF3c6489e45Df245B6A06623192A11D7e9,True,False
795,0x1D7597f542977E2D61575dc5706C27Cb676A2340,True,False
797,0x748C4d5A5d76D3849aaE696881394408665E009C,True,False
805,0x6C347952D83755d717c44afb288B9781bf116d7D,True,False
808,0x13E5a9793AD70cf2B24C06a9891B89de7A0b5F04,True,False
813,0x3e65EDD891ff0cC7b888cA1B99BEEeDac5332805,True,False
816,0x86fCAA12d0B0B2EdcCa9B048ee0327d924bcb0f1,True,False
818,0x28a57efFC6aEcEFaec566064f5715b872a0Ce86F,True,False
824,0x602611C2899308DD2e07306aD70a71b32F902E6F,True,False
826,0x6110C84b48f7D6eF4688E69d0771380bE2BDaDd2,True,False
832,0xB425891eD34432Ef707787b1b776dD46B6d9b5E0,True,False
836,0xf81D539d24B93DbbC73Dd0d09071Dd5379182d82,True,False
838,0x7c5e436123921106a94D065Df22467a1Fe66d8a8,True,False
845,0x976ec46694f28C3E5094539187Bb9b87eD1BBc7b,True,False
852,0x18EE9e5A8f12CDC02B24C32eFD3330Cd9e0d27b4,True,False
856,0x22DCe12EF5F2cC4B9d767B2BEBCa81755Dc707b3,True,False
859,0x3012FAB5B93E545A13DD262d93dcCFdc8369311a,True,False
861,0x8c57b67ce3Ac8D15C29776bF5664D4c0f2C56767,True,False
863,0x82266a5C7BDdBa5fe4D900CFB2c8b5619Cc38133,True,False
864,0xbe60D8A1CC2Ff8084e736951E142561f784EF552,True,False
873,0xB81F601a4fbEC4cB93cE3CDBCd0600c59dee2397,True,False
874,0xE2941045eE84D243312B7129c9299635BFE95049,True,False
878,0xd9F0557c99a19695d7FEd29454D0eaBc29DA04B1,True,False
882,0x5EB5B7E23a531D128c4C15F64Bba8B7E4dB0575d,True,False
885,0xc2675F638363b0e187DB15C1EF1335EB38640Aa4,True,False
889,0x339F34b2914dD71c3BFbaCc872072cb4559985cD,True,False
893,0x7BAd207bD01B4D6D452D041A083F11E327C13b2d,True,False
895,0xD8eB1E22C671b85aBdb4a69B1fC4AA1Dad5C4187,True,False
898,0x12F2d308ee2Ad863Bf32bf29d8eE89E5f3fa5e8a,True,False
904,0x85BA5Da6273adf08e907a877c59B05731ba9720C,True,False
905,0x684B4Ac1e536eD9b57D012cED1d1D32942613661,True,False
909,0xE0BEA2F8a477F4382299007f3dB74C3213CF790B,True,False
910,0x82498d70AEf8d06D6b5CB955BE951fdD47cAb821,True,False
911,0x7FB629a05703696ddD4e34A18355a1C57054f21b,True,False
912,0x52d8e6aaa38445c6e5b769526792692bF3906b69,True,False
919,0xDF7bbeC4C08cc1E10C2DCA7744400686c40A309E,True,False
922,0xFde78eB8Dab78662717994cA4F7084cbe399F8ae,True,False
933,0x205f6eB462cb678Ac0D5e04d34aA03a6b1878371,True,False
934,0xb90FCe4C4F0987373c2ba1BB3C2C24ac39cd5233,True,False
942,0x4D7969D26e64edB42fB8FB3424b68e14451434F4,True,False
953,0x1898e14Ce9Ebb77Cca52a1D362D10A4433d1d174,True,False
954,0x6b66BBdD6B9e55a83e446B26927A58db165032E6,True,False
959,0x3D71Ba2e27b2De90EE6b923BFed4eB12c485b846,True,False
963,0x17aC2813bc3618e79aC941D6486A8f1229dE0a64,True,False
965,0x7f0833fcE1aa9a90f647D4C8809A440602618122,True,False
971,0xE8c3FcB8056Ff079d90CdCbe67cE247d6ef04582,True,False
972,0x9c739931686Cf87Abc1216C20588E32AaF26498A,True,False
982,0xf1Ee81AC18A7B7B3086B94cf7a9230ee7137cf71,True,False
984,0xe9C5267dBf4214948e967A01499D7DB87B95c9bE,True,False
985,0x20f40c9d397BC1BDB0114fc76BD4eB1D67166A51,True,False
987,0x208428472e07364f522EdfB9cf6CEe52d547e925,True,False
990,0x6682c841ca038801c8E8DE39ddf5165B63C740c6,True,False
991,0x0bf5d6F8EfA9A55Dc45958F3b9DBc7e90c80FeCF,True,False
995,0xB4c3EC5B9517EC141f21CAd848E9977D3783dCD7,True,False
997,0xC25FfaC31f4A8a191BfBB369eAe4e4E07F896F96,True,False
999,0x89Ea05157F36544a0d5054d1fD89141f678b19a4,True,False
1002,0xEd36D55055347560bE54B7A3Ffb4F3144f7F56d8,True,False
1003,0x5b0fD6d4a7668f26Fa5eCF0290a5B2919F1855C0,True,False
1004,0x651955806d8D4B1db1b7ee13b4aE33e96b7183e9,True,False
1014,0x602D92598F4a79d8C0D99016632634572C6De2B6,True,False
1015,0x8FAe71CF8027A3C859Fff8d89Ea5F85ba808c038,True,False
1017,0xe42474DC83BA1e121c00435aE2548018BA20081c,True,False
1023,0x9b3eFd2Db74A7516d43C48Bf6BaBcC3356048A46,True,False
1026,0xf9B1F4d9Cf93DB60aeCC5d3F4d8DE4CD2734d59d,True,False
1033,0x9a0CDb06c87DE37416941cCb38BB3BF588F104b6,True,False
1034,0xe4689f5E84f9498Fd5AF22c7Dbe6D1F5454ac78a,True,False
1038,0xb1204B34a6E0C7DE1Bd9F17D68020d20005872fE,True,False
1039,0x0BFC993C863Ca0b2EAAaDE5aD98d0Aef86dd927B,True,False
1041,0xA5c5b30B83E2Bbc1800F3e682CCF24653948EcE3,True,False
1046,0x8aFA6398C45Ad70Ab5D567136581bD401e6952C9,True,False
1049,0x91d3b561F4af13341222E71a3A93456329349eA1,True,False
1052,0x6af4F4C17fbB74b095A0E28b9c729cC8746Cf86C,True,False
1053,0xD5f2053f86920dE89e3B346F74834c0F5Fadc211,True,False
1057,0x8EB835352e3A6D56A2f968700ABaAAA7C4645477,True,False
1058,0x6C5342d9312c9C85aA88eaB57e2bfCE3cA1cF296,True,False
1060,0x87309FC1f059bD4762c1372e916B9844871D548e,True,False
1063,0x11a0C67648fAb07cF21cd34cb50A0E991A1625D7,True,False
1064,0x0e65de403FB413E2F42A1dB6339efCf94bCC8026,True,True
1065,0x14A63c0c2371c910933c61D3c5C05Ba5d91B40c5,True,False
1067,0x75578752465d218ff576173212f3F501c504C52E,True,False
1069,0x55bA201eDF563E1f8d18eC60a45ff523a8d72e7D,True,False
1071,0xcF9Ef4De638DD1c8D3d47F7B795ae8310eE7e24f,True,False
1072,0xa1e86147cA51776313B8981dfD7628E5F191FEea,True,False
1074,0x9Ea49407bc555748789207bC7C542788e554a7fB,True,False
1087,0x3786DB404C1b72fA8d0E2a89c051f72CC08319A1,True,False
1099,0xE60e18e65B11Adfe7fDd3693c1dD5387f1B56BAb,True,False
1102,0x018d3856c1653D5E01ae3e800DAEFCff2bcDBe14,True,False
1104,0x54d06ED0C10A65e0664cE8F2CB2BBB4B23b6Ce5f,True,False
1115,0x1932Ab9b5073FF81DD96AD62C7D2077cB313E8A9,True,False
1120,0x0Cd3EeD4E1ef98e2C436edadcaBB2978691864b2,True,False
1122,0x4A6D533F3986432Fc505f6Ac655E5B4D61Ff00e0,True,False
1124,0xE640F30BF5A6ffB897DD9bfB99f79E728b82f07B,True,False
1128,0x573AdC5BBDc237543B93C8B483A3b3Afda5e433B,True,False
1130,0x525c9a0e308eA7dF6D003Fa50F9cDd20FC41264E,True,False
1132,0xa4e5d6BF1274C39c6a766cCf01D724C15025A1FC,True,False
1133,0x2250E22e3B6111F39F958aBC54e3A57BF0cc7712,True,False
1134,0x61a7448F70EEd6eCF4Dd6d9f19CBA4e555dbF31d,True,False
1135,0x8Fd43b8b533B85A4C5d44c68c58EB717A43ff876,True,False
1136,0xBb1c5dD841936867326491Ae8895736D38D3a5d6,True,False
1137,0xF6BEc7E72f9d9D2143e373b178972820f9937803,True,False
1138,0xB1Bc838d2539f7dc0Bb1f1d00eA86ba9fEe633F9,True,False
1139,0x803Bc8438a877F4748C2713816d55a7a99d1593B,True,False
1145,0x3FAfdcF241A1453D13568Ba302cFfaDC35eD11d8,True,False
1148,0x259C78496F3E0C2F5535f0a06569f47111dD6bc3,True,False
1149,0x653f29BD0459843e6B27c9609A2611b54f759E6C,True,False
1153,0xbABF95Da9E8DADCFC0609e14BD4Dd237912Ee08f,True,False
1161,0xA31CF9126d0e9B7Df470D4fde86C61B2f7440a8C,True,False
1163,0xDf1bDCdD3E87189F4bE3eF1B3EF95270a991cC04,True,False
1165,0xb1348D4503052a4a8A734a358aa76804F7269cEd,True,False
1171,0x50696D59e37584F883304a9E0121d345B7e7f730,True,False
1179,0xd9832f6d8d721bb5F6A0be4219f095De60bD620E,True,False
1180,0x99FEB046F5dEaFb834f2024eeE0C240b892A75c8,True,False
1182,0xF700C699B928564D20C31d17bA6f4c342e074d24,True,False
1184,0x12e0cbdC276B9878Ee0880D974f581d2d39A181A,True,False
1185,0x2e370E19175dfB1315f802C123991b4772d296Fb,True,False
1186,0xf45985547b1113A0d7536Ec8050bA301E2f219E3,True,False
1188,0xE1AA2c6893AF3D8477D392D4bf3499E1cfaDF640,True,False
1194,0x7ED4284Ce08C08862820ba9232Fc0F427C47542e,True,False
1198,0x9b4a8f84A788a64628b21C0465589918e13654B9,True,False
1202,0xBEcbbEdD260CCD9598F9201d618012A7F32A7a74,True,False
1209,0x9797627F459475F5AE65f611c4Dddf6e7922c71a,True,False
1210,0x20024DB989f9fD5eaa2b7528Fee5EeE3A250D36A,True,False
1219,0x599285A1514B63E5c37d01B09c806BAA9b581D61,True,False
1220,0x1B316A254b959F027d9FEc10866cC576895Ec875,True,False
1222,0xEAEe3Ae6f8D0f5B938a97626C16C07A6631D7117,True,False
1225,0xb3586dE41A4AB3698Ccf6eCA9BbA0b82e70F9bE5,True,False
1226,0xC38830c035Ba901F4Eb186EcbF34F7eB824b87a8,True,False
1228,0xb79d7fdf70ba90D44b33552AD62c056a96bBf741,True,False
1231,0x0F872D5DFEeBa29bbD04988391Ac77b25920ba73,True,False
1232,0x897D95FC0685c1799699ef512a34c9D99458e607,True,False
1233,0xb777ceDBA44Dfa6214398fD352dc31A3785Ae168,True,False
1237,0xc495B7BA6771CBe304e2272d04d58523E807F142,True,False
1239,0x601FbcB0B56D13ea9553A34C9c0482b37193AC8F,True,False
1240,0xa45625a1cB76F25679Cc45d90818875971190C6F,True,False
1246,0x291dA5d8B4A82F88388Fb9561e5509F267095149,True,False
1247,0x6059723a7c9F1c8a4374f02e06eEAB1A4554bE43,True,False
1253,0x31B15c8179878AE4CD1d211AB98B75002136E759,True,False
1261,0xd1AdF5efe231c8011e3724BCb19aA595ba0125a8,True,False
1264,0x401bB55c58381e00466D01333a3221e83A052BC1,True,False
1272,0xFaEDB2A3716479F096dBb8119F20DDf75C0a9008,True,False
1277,0x20Df1a92535F03D8C073DE7812514bA8b20f3B7b,True,False
1278,0x99f4a823869af8EBBb221Af267e6d1448C78dc98,True,False
1283,0x5Af511d2A93327f7a16519e1ff6d0702aa62492E,True,False
1295,0xea3d915e1DE1B1B9b6Db7AB74B8E3Eac5eD69b11,True,False
1298,0x2943D8C500D73FED63394d3e6B56F5F7e378Cc90,True,False
1299,0x052d12dF7447e02F3e324BA0Ca890deEED7cF705,True,False
1301,0xe1eee4c90Ec5FAE5e2B36CafF82028aAd99f5551,True,False
1302,0x0523687F6af21F251Cb1b6dAD4930f9C95Dd73cF,True,False
1303,0x7f02aF1f5D70f9cD67a5343FfCaA68ca3485187a,True,False
1304,0x61aDeC9530A9c09a10bE3f31cD2788e9f1D4796D,True,False
1305,0x284a90D27b47e9402F7039B6412932dD4ABdFedD,True,False
1307,0x20ECc377EBB4023245f3533CdEFd4e40d33cf1B6,True,False
1308,0x6E2b2B12483b03453458d2b8e41937f300d68E4a,True,False
1318,0x5baEAdA2f9C8424B04096FcF88C9F8d893eaa2D0,True,False
1332,0x520D86469a87F5cc52D950aD160a79672F388A4C,True,False
1336,0x56b3eD8f3D58F7a060c898F49ceb55dFB970Ba47,True,False
1337,0xD2EdcC7660124DF0D1517CB89B1D8901c9c7044D,True,False
1339,0xAF8378304d4B9cfb746f9e7dfa1e1Ce00CB8B4c4,True,False
1342,0x05D942db81cCb823B3F4520b41c8c0c4e1D9E237,True,False
1349,0x2e030f7beb77574b6823DA617Aa969476606Af57,True,False
1350,0x405978eB1aa424c3D64F1f523Dc1eAebfE4aD0cd,True,False
1351,0xD65DF21363386c00B90B58F6A67F7768c45e10Fa,True,False
1356,0x8970ae47ef474e741bECA0025d38E354910AaEEB,True,False
1365,0x1bEcDF10FC25E21ec859638886c44987585534b4,True,False
1367,0x7459c139F570c40e4436899366E26A90539C0bCD,True,False
1372,0x68F676522a908aD97a837f26c5F0Bb88a1231760,True,False
1375,0x4090896D47866354731fb64D26de44239adD881D,True,False
1381,0x33d148f4Da585fE0D2962C5d777a335D0baD655d,True,False
1383,0xe85816424F213e46718AA56AEcAD3eF7E306D026,True,False
1387,0x1eB6343D2F7fe53976D6ACF0C2Ce3a0A2C604863,True,False
1388,0xF9f9458c2CccaD3eB73d9D04Ba2591B76ba683A2,True,False
1389,0xe1D873764B6890D2d0aF8D4AfF1f39dedF6C4142,True,False
1390,0x458216664Fa3428987EF878072Ce2c65C66FFfFf,True,False
1394,0xCE043F32064c4E791bBeD4891A1F871Ff2Ed47cF,True,False
1396,0x5D544E7f7fA91c4D38E650873752ed3390aE6DB1,True,False
1399,0x7C012f2Ab30dfbaa52D9E2Dc11fEc82E83f2b409,True,False
1404,0x2B7514330b94D904115B964ee44f6e170985d19A,True,False
1410,0xBcAd94756f9859d9Ee7bCDDC42705280DE073Fc5,True,False
1411,0xED5Be18255DABFB0EC1013Df3caa2c8fF597DaA8,True,False
1413,0x90ee3C815BE529b08F866F58aC6BdAb3d211BFAB,True,False
1414,0x891312453fFDFdAeDF3cb2C5928Ae575b652d597,True,False
1418,0x326F15F4FcE872Fd1fbAfa6D282C674D3d10C660,True,False
1419,0x90EB0b36DFf59981bA43cBde1002e14A2E462F5c,True,False
1420,0x6aa2BB6647C220200EBc7a6A760e73b6c65ec75B,True,False
1424,0x2b6091829c6b6516f774b9ad38ce16927784367A,True,False
1427,0x9318dFAf994DaE6c6E2F0624bde7e8331aFff714,True,False
1428,0x7dFA37d64Df98192c3eb12af47fB8335DcFC24b6,True,False
1429,0x9aB38371724b09b5b82E3165791c19949a6018E0,True,False
1434,0x085A731184bA93F1789FE04cE902Cb9a2b24F7a7,True,False
1437,0x5e87d91f6e2064638673B8834407Ab65D8238C0a,True,False
1438,0x03a0C364bFcF43A62504D333cC957f00B73d0251,True,False
1439,0x55cD572eEc009254C48F611ED6FFAD3f2852e64E,True,False
1443,0x64cFC5D516c6fcE719c3d7BaD4379Ee0470aE30F,True,False
1461,0x5BbAEfA129d53512e1A9AD9844D730F5E7194375,True,False
1464,0xB49e7B26949693750F47937bE789C47fEbAd3346,True,False
1469,0x40D647365FBC127B65035d4Fe0809fA49AC1fA77,True,False
1470,0x7F960049B35a644A6eb1125601Dd2126747601cE,True,False
1471,0xD0ca6F55Ff0E0Bda7CFA55C42B6196f4B7A09635,True,False
1476,0x76D6DE0400AA48b99194fb8ddC6df9a7c9eED13e,True,False
1483,0x8E1Ad2e1b0696cAB80FF3B1dA40527EabD93EEC4,True,False
1485,0xaa9F2C05278448A62aC3d147F1A6714fb0CEdf1D,True,False
1486,0xF570526208AD6Bfe105Ae61e5d5F637c9AA5c966,True,False
1489,0x1655b3c82eB41BFE7322C9B88bC004e86C8A1720,True,False
1491,0xeC2f4cc45D4c6F755c342AFA09951CBf0f9570eD,True,False
1492,0xCC1A3a520B9b1977E3dBAa9A34612A0dbF9eD924,True,True
1498,0x13Af919e1135E0A18909CBe68C4e70CEAf449036,True,False
1505,0x5111e4228B6BB907788898Bea1172216902fb968,True,False
1506,0x88F1Ea7a2858d72C0811fd99A5DCf2cFc4220732,True,False
1508,0x9250cfa7a52Dd3385c804AdF33E6b6707Ed79561,True,False
1509,0x9B9318bDBD864EFB284e29a9AA502A7A1a8b784F,True,False
1511,0x002bd86a3e3fAaae36cf67E81093E3bcaa19A8Be,True,False
1516,0xEF4c25A530768419729b298F275F3cD56C87C180,True,False
1520,0x83EeE6B7423674fd04F2D0304039854F1dBF55B3,True,False
1522,0x2EB9d80e0a58991262280D18FE1Ee74a5B5e4227,True,False
1528,0x4959bCe42015baa06bdfe23EeB53E9a50bb7D416,True,False
1530,0xc2658aB0917893a74BB4454aBf0ED847Ca72F0a5,True,False
1531,0xeb711013c2FaC83F27902d46D3906D3220867cD2,True,False
1532,0x4f2303E465DAf34a93649d7f3E9B17f99a6293EA,True,False
1533,0xcdDeF783690757e2e012540566b956b37C28e811,True,False
1535,0xfBcd8D65d6E93F767803bc636d9657e0E8ae15a5,True,False
1536,0xB43233892adB68c169e9412A240b24F62cfE7Eeb,True,False
1538,0x52Ba5a4e61372Be5116FC2F54c809Ba1fB9De51b,True,False
1540,0x983f503Af4547106fB1cf1CF2B18c402400823a9,True,False
1545,0x47c8A02f509ae11Ca246a42bCfD78Cb39c845879,True,False
1546,0x3281B4509FDc21DF53975874f7c9e598Ba68dFF8,True,False
1549,0x6A162106de6c2649fFb53D8911a64BC4Eaed6e46,True,False
1560,0x7F2616bC62D634FA9cA49606D7bFB35d2E5C97c7,True,False
1562,0xab5D3562091583f138162fDCAa86cA74d42c76Db,True,False
1563,0x32b214f2F084889fB819b1E2DBE4934554c62395,True,False
1564,0xB746aFa36725C0D6445F09E2d62f2030E08520Fc,True,False
1565,0x2383961b92E40Bc7bBe46e938329D10BE2c73b3B,True,False
1566,0xd202009aBC235160A9531c275dEaDe8b24280f70,True,False
1568,0x8A41E094649a465B03857286214C8Ca0438416cD,True,False
1572,0x55999aD0004829082D2cF34908d5111f169E5A7b,True,False
1579,0xBceaC8Bd7e910C553C2D14f25D3b4ebb6912513B,True,False
1580,0x7d98DF11631502703332E1F73ECc8446612c2A39,True,False
1585,0x8127b0e4efb3516bc940b6498D99C7dc17AA35e8,True,False
1587,0xa6E17f062a0744541c0bFc6De6b8B668b6A23AD6,True,False
1590,0x2ac3C49c2214ff9352AB18d10a8EE24B3ab0b35a,True,False
1591,0x0A21F2CDB349F7Af823810e88c702ef4C616D490,True,False
1593,0xFD637243C7c2353EA714591EE6323Bc76426d3Ce,True,False
1595,0xF959eF59445bE33c50f3386416f4B85c227378E4,True,False
1597,0xC152A5c9017EDF1d31e8d9c87Db08B80461784c8,True,False
1600,0x64e0B568e5e0dcdC1268b778513D008C6191D10D,True,False
1606,0xF1bDdeefF9d951e3a0916E7ED7bE45E3d239Dbcd,True,False
1607,0x233795F22eE03d16702467c059F6d5BB053F4A86,True,False
1608,0x4c8cf92688f6B5bf7d2b8E3c7BacFb343b40B9D4,True,False
1611,0x582E4AF8800D050f65AccD4B04f6d28cfC84e26A,True,False
1616,0x63872095De815b9c86C928D7DF07970C47ae04a4,True,False
1624,0x6aB5A16ad255132D699BEb6Bc3Fd32Bcc68AB0a3,True,True
1626,0x81fb2D7b246131dB45Bf2A5Ba646BDE69EaBba2D,True,False
1627,0x22848d72F917CD9c3a844406314d14900b72528c,True,False
1629,0xD0C50d0E5124F7b26a436787659cE00A537ece56,True,False
1632,0x50B592Beb4F6a1FEfe784484f3B614bc411c5092,True,False
1633,0x11FfB2bBd9299619439492dD059F56e533C1eE21,True,False
1640,0xFC47D2f2A603908D0a97FA2b3A6d7B90C1790566,True,False
1642,0x18B39fcF554eCe6b1fc1E0B24901C6f85E2b63e2,True,False
1643,0xFaFcf872b815A2d9Fbf1d951f112bce3C49C1504,True,False
1647,0x705c9806bCB67DE5B740f5f5102dBA8d840529c7,True,False
1648,0xc18E36DeEa5E7740B4a3332712F53FEDf15e9F9c,True,False
1649,0x73E639E68822b5a150513cC86aecEdFE8c371f93,True,False
1653,0xE5C522a7130C1a8a1026dc1C647C0Ac9CCA7f2D4,True,False
1656,0x819509aE6595f125FF162D6782c20D2f9a648240,True,False
1657,0x0e2cFc21464F03e08889824175f98136cF5DA7f5,True,False
1659,0xB3a79042CA1D67A5B422E3012D689381091c66E3,True,False
1678,0x0180ac0e114EaC50b5f70A3B1C0d1b4b171245e7,True,False
1685,0x9Aed9275AE1f13fBee95b3ef6c25D850658109ED,True,False
1687,0x9fc15769cc1eF4fF9ed40f9b6204dA032210ECc0,True,False
1688,0xcd5B92e5CEf24dD486641E2FA8b9335619E5F4a0,True,False
1689,0x7E47701C77784B91b68bE224B23A0A19D308C27f,True,False
1690,0x512b4465dF19114f1863eC1A4be8f15907177B20,True,False
1692,0x4596305d7965a073cD0fE9613c59516285Cd452F,True,False
1694,0x808D9d1B3b0E2DD7744161c371bdCb028A04d01f,False,True
1695,0x4E56200885e681E9E94e4ac1A3629Ff88DA5C2ba,True,False
1696,0xB7fa6221c5d9524181495385b7715820d3f75D1c,True,False
1715,0xD3798573D22065F0201A9358CAF813AC6B4d53Bf,True,False
1722,0xe78955135689DACCD85A1712e199152a6E643188,True,False
1724,0x329F644f2dBabCd4eAB6e26F196225940aD0F91c,True,False
1725,0x029dfe3135D118294A1048847aa3667Cb98e8446,True,False
1726,0xB18B9BBAc930bF8d2C0d638C0E1B971b8Ec27aCf,True,False
1729,0x092cE5ed54271dF75887e7eC51ddD870C0173CAd,True,False
1734,0xb23e0c6Ec413bd5A46B47E8d99912C3a76ceB176,True,False
1736,0x2e25531aa1c87333Ab07a10bf93FD4E7842f7872,True,False
1742,0x6EcA20a2D069C1dadeAa5927A02462580fcfd494,True,False
1744,0xaB08d4a818F6142e297693FB63a01f50679d065a,True,False
1746,0x13F0DD98321d846729b4d451db6cB188EaCEBDe4,True,False
1747,0x73c222073C426f1FBbD93124710BbDA124786ABc,True,False
1753,0x3f557E413639d93071F72e3a01367C8e75E03b6F,True,False
1757,0xC3587d2c50DDfee555ed565E6f355eA6Fa9294Db,True,False
1760,0x9877597c7400c79aE7cabDF5Cb2c91019E2924A6,True,False
1762,0x50756AD1eaA63457Eb7BDDA791CcF6cd05163442,True,False
1765,0x50A3796612C2Be5Aa0d1cb05b3539398BB9400cb,True,False
1766,0x8F4143B94b1146c19eed76e34773651272e0Be0c,True,False
1769,0xEB13AF33882d5540b5ef19D9b3Cb40aDa833f1E5,True,False
1771,0x89A1a28DC5A1afFAAB53f8538a77821bf34fbFd1,True,False
1773,0xD902352a071a25E94FfC0B78cb9631214806cf05,True,False
1778,0xF72c8c3C12dC950aa14Ab52C8C0496157724e296,True,False
1780,0xA560D57Cf00E3d862b72A8B58E18BcE1AaCD0CbC,True,False
1781,0x0583Ae320Bfe8a4EBE6eDc42E2b2F9bad5457c76,True,False
1783,0x0D072f6645827725F1527a2DD5C3C7cD0468f2bd,True,False
1785,0x38CBaE6cF89730d38cCf0acBd4aD00EA0b50eF47,True,False
1786,0x18c72A47E090CEc4023590558449313Eb813d374,True,False
1788,0x3Ff66c0EC46c40Df01CAEe71887457E982A89A8A,True,False
1795,0xdDe4e5cDa176D1F51FF7A25D9D0125846Dc3a382,True,False
1797,0x170B26726C3934c118dc546B2E1fE791aD0D7044,True,False
1798,0xC5cf2Af578D8BF2CA7632bEFbe1459cF33775014,True,False
1799,0xE6317Cc2B15164351739cE74040b58F8548d1c01,True,False
1804,0x682880A3bE4577Ad7929ac0ea10a6b5A5C09b65d,True,False
1805,0xc375ce33e7C72B68a3fe9B3B6F26cadD0158DB84,True,False
1806,0x32A4Bc20c53807327cFc5518c70397104Ba45CA6,True,False
1808,0xc08c10ed3924196650Ef3b8FDbe287bd14b28A8d,True,False
1813,0xc5E7cEda5ef9030cc997658DE4dF885132ab42bb,True,False
1815,0x7c8d53A0d5b182a47CD3c57300D313E37807376F,True,False
1820,0x0DBEad02832Ffc181694D4DB5cdE9432c4675F6C,True,False
1821,0xC9b44F69a197e175d5E5502695BCA7270fe6170B,True,False
1823,0x0c57A5C3b58047260A5e596317089a2Fbb2CF1F5,True,False
1824,0xeE9792c747d4B67af650a5d12FD75c3B4F032bb9,True,False
1826,0xD1a762c3bC2fD09CFE5938d9e3Da11770F392259,True,False
1829,0x8E63f3fD63504a8635361D36D7ceF054865346F7,True,False
1830,0x0c633ed5e97B9F7a18078A57d991Fe9DF9697fB0,True,False
1831,0x58Fd12923a554F7aD0Fe6dc19De46cb927026277,True,False
1833,0x93ea8c7777474aB98eD2a2b73f57f95597C97531,True,False
1835,0xCfdcF20457Fb52B740e74C1be0A5ee3dFEc8c03b,True,False
1838,0xC84B67932AB5C9D2c80022E76cEFcD73145A5441,True,False
1845,0xC23059b734fdc09d8Ca01095cE623B3658EA8370,True,False
1850,0xeF57A877558229c5651124f8733B7D82772d8454,True,False
1858,0x4e8c74A19221eE3Bc4e431c0fF031f7156B29aF1,True,True
1860,0x1deaA037401055316a7d24C556B28806746C35Dc,True,False
1866,0x4BE0A8684785Ee22357fBC083fD53b4b9B0C5782,True,False
1868,0x80e9a75f08B17D4730074c80558b4d2Af5B8F81A,True,False
1869,0xcb90904675AA226be13a290618912E61a5B5E64e,True,False
1873,0xafc8f799a23FF7a9963fe878F115d0492F312260,True,False
1875,0x9354FE85C3236F702c21eD01dE76d0C325A05eF2,True,False
1881,0x5cc13bE8cA41D1a32C5459a3ca064D7104e37cD4,True,False
1887,0x21c581930e81926680c3657B342a8a899Ea87009,True,False
1894,0x75094112EC9f488701D4B1f44Eb8a20e89Af21DC,True,False
1895,0x4Dd7a9b175402eee30336505ba4C956D58Ff9FbC,True,False
1898,0x34206036DDE72B61CC8ada496587523486953732,True,False
1900,0xb67493e0c5C6B282297cA157c7305Fb1cd4958ad,True,False
1903,0xE914e1E9E3616F0EC25df725d3089e5c380b502A,True,False
1909,0x7A169dF7ef7363156549293c060FD1cDa703e46d,True,False
1910,0x994d07Fba1E22212FC76B27086853DEFd14B721B,True,False
1911,0xE24cB623c6a5cdf8c1148aEd2CE0fE655853734F,True,False
1914,0x1dabCf3FdE8a9Dd122d870ec943F1F00624d3E64,True,False
1917,0x422b8a110420642e03345B413B2e17A242567D71,True,False
1922,0xc0Cb3452165020068E4EC19629A0DA81E92E9748,True,False
1928,0x6B2Bf433eEA61E6dadD70753f425dC9276A7c097,True,False
1929,0x8a43c189554086070097C3673FA1aB987978b7aF,True,False
1944,0x04B5039C6aB94DDF2bEa73195642B7eb758Bc98a,True,False
1954,0xD2E979Fd6092DCfb66D03E92367585aB43AAC0e1,True,False
1956,0x569E19AB73A5F5dCd4dEc6944Bd23Fb30820f60b,True,False
1959,0x2fa213E1249D2dCC71e9Ce1768C52B1788de9a27,True,False
1963,0x012E9E1f62961f65A0B0b39503ffe502C33Ffe8b,True,False
1966,0xfE310A3B1b8Ef5A09f4E37547d4b2358ebEe72f4,True,False
1968,0x0fAF3F4De61FA8333C018E4BF7FF1e157b316859,True,False
1973,0x48b879a68C1819667C339341BD7a0ECdB29F5b76,True,False
1976,0x70Ac76553F7c836928F60FFB720d57a7533E023F,True,False
1977,0xA54E98A4CAB0Eb897ac56cD56deb18aF412B655b,True,False
1978,0x049C86a028ed42B7259f59d72b5Aa9E47482209F,True,False
1979,0xA6d47D0dE037fc544D77e7Dcc570c9aC25194922,True,False
1980,0x49526543933Ea3ce1169B45b588FCF85Dd83F7d7,True,False
1981,0xA3D9A743978cd75dAd0645eB853F62f7A3C60e2a,True,False
1982,0xA8657b7E6bB451fbA9dc5A3b7CeEeeBE57BFB687,True,False
1986,0x0a4f05ccD5a183532D920D8392Ee3325F225Bcdd,True,False
1987,0x92ed64f8c1eb41cd1791f9F8a8D564A2c1657a0b,True,False
1988,0xcDE1EB69B104559AE2E39deD71b72AEBd4Ce7Cd2,True,False
1994,0x45D7b25CC26144EB5cc96c329A9BA0754732066E,True,False
2000,0xcc7A7506a168872A240d02DAfDc8bA6387AB4C86,True,False
2010,0x4cB0CB3F2Cffb6Ad1dfe957E0506A88D24e9d646,True,False
2013,0x740a0fAB033405a72F1B926CA5D83BF3f6686B9C,True,False
2014,0x13Abd3677a854eA65d3B311c08C9455F79B72dfd,True,False
2020,0x8D36c1a7D965b06366151120EB29EC313f82C5f4,True,False
2021,0xCdFfb58072d954C90e264ed4f7bD82b41ad752e6,True,False
2024,0xDF2810b50D9A423dF2866518f052c4461f2c0306,True,False
2025,0x870D5053Fb1A3234d950398aDec76c60aaDaC7A7,True,False
2030,0x49f48e78D9B09c1Fb69145CF6d9dE976D8e379b7,True,False
2032,0x1957580d1B22B971741C283d9D7DfeD6A93EB27C,True,False
2033,0xD7ed1EC6b4d4CA305bbe8D9666Ed93286445F0B9,True,False
2034,0x9224BA5925Caa4673D7bF59116dED1f4B68A9027,True,False
2037,0x6C0962b1D443E90f6A03FB3643744EfB41F1a2A1,True,False
2038,0xD1207909bc1cC932BEa38d239D84d0154E89aE37,True,False
2039,0x4FFA750998547dBfA5B02b1eCEa9180683F51fC0,True,False
2043,0xa40e5010ED2c685260b877C9e5F16CC3b7CF4986,False,True
2044,0x00052abdD34ce57149C5eDF2Af06E95c5640A1aB,True,False
2045,0x0CeD665a3fe5B36AD9FC7a2a8d0f4de07A25198F,True,False
2051,0x88950B503207Fe6402Fa517098eBAcf92D0d7CE7,True,False
2052,0x418A26a22f602b5DCaD9a2846c06343614F8554e,True,False
2053,0x6A399286C9B2555832082c3Bbe15c039AeA54855,True,False
2058,0x8f11Db7C94DFe102f9793dDA556dF37452520ACa,True,False
2059,0x7c832D750f3517de696862843419a0343feFF82a,True,False
2062,0x697cB073e5df59Fe85A0EbA415bB3E08cA7cf592,True,False
2065,0x312Ac9645556B3706B878F3153299781726bDc01,True,False
2068,0x98dC495Ae2DCb1C74AB84a065324C793fC4A28A9,True,False
2075,0x1C636ED2350E4eC2c15dB57d19F6369f9E76cED4,True,False
2076,0xCdAeCe5eA101dE23DBc865AdA11170A08C5AFE30,True,False
2077,0xc3eB0EbE57f31A8b001C6a73e9F11EC359B109Ee,True,False
2080,0x71B162B3E95931B5d85733aF561a967505d74a87,True,False
2087,0xc8963c093bC1d95b4Eb85c6fD03615eac4155FB2,True,False
2088,0xc4FeB157e01B559495d5ac64bBbC1df3eEa01AB5,True,False
2093,0xCc793b45fecfB949689DB088184804128C08c480,True,False
2096,0xfa64937244FEa0aE0A1155976Ed6C4B2585eb807,True,False
