community_id,A_k,result_hash,community_size_used_on_chain,required_confirmations,interest_size_from_summary,interest_size_from_membership_file,nominating_voters,abstain_count,nomination_coverage,unique_nominees,leader_sum_dist,leader_coverage_count,leader_coverage_ratio,leader_nominated_by_count,leader_in_IC,decision_basis,tie_group_size,json_file
28,1858,291a1d2f025e30c89740ed2e8d817ca286884a715d1bba4c7f1ad86d36a51f72,38,20,38,38,38,0,1.0,30,0.5,1,0.0263157894736842,1,False,sum_distance,1,D:\PHD\بابل\2024\Research Reco\الجزء الثاني\lastfmReco\3_الاعلان\data\chain_announcements\lastfm_ak_announcement_comm_28.json
30,423,bd0d7b257749f1b0960942ea8f1db1482b6bad5758e63a9fdb1d83f991b7b683,66,34,66,66,66,0,1.0,58,0.8,1,0.0151515151515151,1,False,sum_distance,1,D:\PHD\بابل\2024\Research Reco\الجزء الثاني\lastfmReco\3_الاعلان\data\chain_announcements\lastfm_ak_announcement_comm_30.json
38,1624,4cebc2e9606356895d943e0af89e1320cd4af4def7748fa6ecb6a717f0d60efb,57,29,57,57,56,1,0.9824561403508772,55,0.0,1,0.0175438596491228,1,False,sum_distance,1,D:\PHD\بابل\2024\Research Reco\الجزء الثاني\lastfmReco\3_الاعلان\data\chain_announcements\lastfm_ak_announcement_comm_38.json
40,189,cf53f3ec285329f32cc6d04657a525f4e169893d09f92c178c6402359b3ff512,58,30,58,58,58,0,1.0,53,0.5,1,0.0172413793103448,1,False,sum_distance,1,D:\PHD\بابل\2024\Research Reco\الجزء الثاني\lastfmReco\3_الاعلان\data\chain_announcements\lastfm_ak_announcement_comm_40.json
44,2043,5727f922413f0150a0fc1e6b66ed23e4d1e3fdb80e6cfc3dfd2e2cc9e14af020,26,14,26,26,26,0,1.0,21,1.8918269230769231,3,0.1153846153846153,1,False,sum_distance,1,D:\PHD\بابل\2024\Research Reco\الجزء الثاني\lastfmReco\3_الاعلان\data\chain_announcements\lastfm_ak_announcement_comm_44.json
60,585,0c9bec90e626804718cad49d1196d0cc18ac17bd6dbc1d34ad24825e098e0aa9,136,69,136,136,136,0,1.0,123,0.5,1,0.0073529411764705,1,False,sum_distance,1,D:\PHD\بابل\2024\Research Reco\الجزء الثاني\lastfmReco\3_الاعلان\data\chain_announcements\lastfm_ak_announcement_comm_60.json
99,382,89afd3788dff6c4bb3167d8a87ce511cb1a848fe86ae57e8b1c7d9caf010dcea,81,41,81,81,81,0,1.0,79,0.0,1,0.0123456790123456,1,False,sum_distance,1,D:\PHD\بابل\2024\Research Reco\الجزء الثاني\lastfmReco\3_الاعلان\data\chain_announcements\lastfm_ak_announcement_comm_99.json
104,1694,3709d6515ba28e84d9f26466443c3635d55fc3ad2b0934c34f23638933cec1bd,25,13,25,25,22,3,0.88,22,0.5,1,0.04,1,False,sum_distance,1,D:\PHD\بابل\2024\Research Reco\الجزء الثاني\lastfmReco\3_الاعلان\data\chain_announcements\lastfm_ak_announcement_comm_104.json
107,70,a940eb0d652c8a0f2716d94414c2d323ea754185a6c509158f35c46bb22823a7,44,23,44,44,44,0,1.0,41,0.2857142857142857,1,0.0227272727272727,1,False,sum_distance,1,D:\PHD\بابل\2024\Research Reco\الجزء الثاني\lastfmReco\3_الاعلان\data\chain_announcements\lastfm_ak_announcement_comm_107.json
114,277,43db09b0e268d785da040a2d7126953e8113b3e482b374e691f8c427b34f12a7,28,15,28,28,27,1,0.9642857142857144,27,0.1999999999999999,1,0.0357142857142857,1,False,sum_distance,1,D:\PHD\بابل\2024\Research Reco\الجزء الثاني\lastfmReco\3_الاعلان\data\chain_announcements\lastfm_ak_announcement_comm_114.json
204,412,10f54cda8ccc18dc187e29eb5a7c444350936c802ca61bf5f278d21bc076d914,30,16,30,30,30,0,1.0,28,0.6666666666666667,1,0.0333333333333333,1,False,sum_distance,1,D:\PHD\بابل\2024\Research Reco\الجزء الثاني\lastfmReco\3_الاعلان\data\chain_announcements\lastfm_ak_announcement_comm_204.json
211,1492,e76daae4c5a8f8b8ae469ce685419db02243eced6046a1883e4ed92cc06b8591,55,28,55,55,55,0,1.0,53,0.75,2,0.0363636363636363,1,True,tie_id,2,D:\PHD\بابل\2024\Research Reco\الجزء الثاني\lastfmReco\3_الاعلان\data\chain_announcements\lastfm_ak_announcement_comm_211.json
506,1064,f2ae0d2fc7222dfebf84be2ed5fcef5e840d81377c240302fc35d1eb5098e6ef,29,15,29,29,29,0,1.0,27,0.5,2,0.0689655172413793,1,True,sum_distance,1,D:\PHD\بابل\2024\Research Reco\الجزء الثاني\lastfmReco\3_الاعلان\data\chain_announcements\lastfm_ak_announcement_comm_506.json
