community_id,A_k_expected,A_k_onchain,A_k_matches,result_hash_expected,result_hash_onchain,announcer_user_id,announcer_address,announcer_onchain,status,tx_hash,exists,finalized,confirm_count,required_confirmations,community_size_onchain,announced_at,deadline,expired
28,1858,1858,True,291a1d2f025e30c89740ed2e8d817ca286884a715d1bba4c7f1ad86d36a51f72,291a1d2f025e30c89740ed2e8d817ca286884a715d1bba4c7f1ad86d36a51f72,2,0xd45a859586B8168cD32e0D6FdC194CEBB584b2c0,0xd45a859586B8168cD32e0D6FdC194CEBB584b2c0,announced,0xc9d7cbded8aad5388d9d2e1c7eb5a02e2ad17f9c5ae43edc82a35c9a0e172077,True,False,1,20,38,1788218034,1788221634,False
30,423,423,True,bd0d7b257749f1b0960942ea8f1db1482b6bad5758e63a9fdb1d83f991b7b683,bd0d7b257749f1b0960942ea8f1db1482b6bad5758e63a9fdb1d83f991b7b683,21,0x89EC034d08ff987dcb414338188810628F1B72Fd,0x89EC034d08ff987dcb414338188810628F1B72Fd,announced,0x1a0434782ee420d8b276eb8f2da386d53a86b777251ce1ced51c014dc213a42b,True,False,1,34,66,1788218034,1788221634,False
38,1624,1624,True,4cebc2e9606356895d943e0af89e1320cd4af4def7748fa6ecb6a717f0d60efb,4cebc2e9606356895d943e0af89e1320cd4af4def7748fa6ecb6a717f0d60efb,38,0xdcB0eB2BF3fab06A0b5C1E5362a26E59a2FdCA8e,0xdcB0eB2BF3fab06A0b5C1E5362a26E59a2FdCA8e,announced,0x1d4694fa411f8cd68dcf9b64e1b7de862a23aaf6b104a3d4e6e77599cdf27e01,True,False,1,29,57,1788218034,1788221634,False
40,189,189,True,cf53f3ec285329f32cc6d04657a525f4e169893d09f92c178c6402359b3ff512,cf53f3ec285329f32cc6d04657a525f4e169893d09f92c178c6402359b3ff512,48,0xCcdFB0F4c1A933d588E4E4270e7dE15fd72006fF,0xCcdFB0F4c1A933d588E4E4270e7dE15fd72006fF,announced,0xf0f9584bc4dc1ad8d079a919e7d5b5a232d004bb4df0c8aee53533901267ea7b,True,False,1,30,58,1788218034,1788221634,False
44,2043,2043,True,5727f922413f0150a0fc1e6b66ed23e4d1e3fdb80e6cfc3dfd2e2cc9e14af020,5727f922413f0150a0fc1e6b66ed23e4d1e3fdb80e6cfc3dfd2e2cc9e14af020,99,0x66B724d3Cb34ad61b82a235B3A58155d68e25dc9,0x66B724d3Cb34ad61b82a235B3A58155d68e25dc9,announced,0x97a2f7896ce8424defc3bce75afccb2ad9dc2aa1b1fa64c126f8837898131bc1,True,False,1,14,26,1788218034,1788221634,False
60,585,585,True,0c9bec90e626804718cad49d1196d0cc18ac17bd6dbc1d34ad24825e098e0aa9,0c9bec90e626804718cad49d1196d0cc18ac17bd6dbc1d34ad24825e098e0aa9,7,0x08EF01ce5be8D1701710E88d3B3ecbAE6d2A5983,0x08EF01ce5be8D1701710E88d3B3ecbAE6d2A5983,announced,0xcf6f821e614dad39be65a2ec9cb2df40411c81469af866eccdad0dcfb92918d5,True,False,1,69,136,1788218035,1788221635,False
99,382,382,True,89afd3788dff6c4bb3167d8a87ce511cb1a848fe86ae57e8b1c7d9caf010dcea,89afd3788dff6c4bb3167d8a87ce511cb1a848fe86ae57e8b1c7d9caf010dcea,5,0xDBB28aE5EB21Ac677BA17382ecc4ec4E8C48aFEF,0xDBB28aE5EB21Ac677BA17382ecc4ec4E8C48aFEF,announced,0x5793627284edf0216e05d60d594f369f467a7222080a0af32d318ab96e590e83,True,False,1,41,81,1788218035,1788221635,False
104,1694,1694,True,3709d6515ba28e84d9f26466443c3635d55fc3ad2b0934c34f23638933cec1bd,3709d6515ba28e84d9f26466443c3635d55fc3ad2b0934c34f23638933cec1bd,153,0xD1d6b00804f543876d96784292910f3AFB28E76c,0xD1d6b00804f543876d96784292910f3AFB28E76c,announced,0xea25900845c58e933b1964cab79ad390d19b0ae0e39c79293401cf260d0983f6,True,False,1,13,25,1788218035,1788221635,False
107,70,70,True,a940eb0d652c8a0f2716d94414c2d323ea754185a6c509158f35c46bb22823a7,a940eb0d652c8a0f2716d94414c2d323ea754185a6c509158f35c46bb22823a7,44,0xfB8FCE272e3fA6C66e0c85C55bE2Cf4eDA454053,0xfB8FCE272e3fA6C66e0c85C55bE2Cf4eDA454053,announced,0x2e1aa10c34202ebf03bfde5fcec8b5120695aff611f4998e503fe6aa6fba58d2,True,False,1,23,44,1788218035,1788221635,False
114,277,277,True,43db09b0e268d785da040a2d7126953e8113b3e482b374e691f8c427b34f12a7,43db09b0e268d785da040a2d7126953e8113b3e482b374e691f8c427b34f12a7,124,0x20381f49e0Fa15845f778E2338954777d510E3a1,0x20381f49e0Fa15845f778E2338954777d510E3a1,announced,0xdd8d55c00d5faa6ccb190d05522a613429a5e22a6b86c36c5328049976d51a34,True,False,1,15,28,1788218037,1788221637,False
204,412,412,True,10f54cda8ccc18dc187e29eb5a7c444350936c802ca61bf5f278d21bc076d914,10f54cda8ccc18dc187e29eb5a7c444350936c802ca61bf5f278d21bc076d914,79,0xe69AabcCB6cF181CdC194a856526Db31369E854b,0xe69AabcCB6cF181CdC194a856526Db31369E854b,announced,0x6deb586e02c775ee99a740c095cf65bdf1faa25b09903882cda1dd2445179e1d,True,False,1,16,30,1788218037,1788221637,False
211,1492,1492,True,e76daae4c5a8f8b8ae469ce685419db02243eced6046a1883e4ed92cc06b8591,e76daae4c5a8f8b8ae469ce685419db02243eced6046a1883e4ed92cc06b8591,46,0xc63f77379129831F6fFcECdD732c944C8B48CB4c,0xc63f77379129831F6fFcECdD732c944C8B48CB4c,announced,0xb55a6556f738332ce21eaa9b68a4726bf5bd9e68239577a2ddec4f4ab8a7ebc5,True,False,1,28,55,1788218038,1788221638,False
506,1064,1064,True,f2ae0d2fc7222dfebf84be2ed5fcef5e840d81377c240302fc35d1eb5098e6ef,f2ae0d2fc7222dfebf84be2ed5fcef5e840d81377c240302fc35d1eb5098e6ef,41,0x265c9747bD806C43b76B9Ee6D5fE2E5CCb8e661a,0x265c9747bD806C43b76B9Ee6D5fE2E5CCb8e661a,announced,0x4272dad5230f8650ef35c2d1f307f0dcccb96ba3354e8b6ba0a45034bcaf64b5,True,False,1,15,29,1788218038,1788221638,False
