community_id,A_k,status,tx_sent,last_tx_hash,exists,finalized,confirm_count,required_confirmations,community_size,finalizedAk,expired,deadline
28,1858,finalized,19,0x9ea7514c1d876efd932327ca9632bcd277bb7916b827832549af06d9c09a6fb3,True,True,20,20,38,1858,False,1788221634
30,423,finalized,33,0x8f4ce5a66d3604169fcbd4dd2b2621fa36311eb5b541e4fca70bccfddd761f47,True,True,34,34,66,423,False,1788221634
38,1624,finalized,28,0x4793b993b712a5ca766606eb8d7b7e576addb3d024580e1d38b9b7e3ab1c3a29,True,True,29,29,57,1624,False,1788221634
40,189,finalized,29,0x042ac9b169fab998cd8e24adcccc4ed02c396ec0b8ea8c39b0ff482cc71b6d04,True,True,30,30,58,189,False,1788221634
44,2043,finalized,13,0x5218b3a54b0f922d0028cff74b4d82cfdceaf8aedff46f584892caac33efd2c6,True,True,14,14,26,2043,False,1788221634
60,585,finalized,68,0x11e1a06afebb12ed7ae2800f3012e17a62ae5027255871f37b9cc2f6f81fbee0,True,True,69,69,136,585,False,1788221635
99,382,finalized,40,0x3b8d7156f557643a39c5bbd9626f378868d7c7f428fe056a9ad5ced2200b55f9,True,True,41,41,81,382,False,1788221635
104,1694,finalized,12,0xae697c1be07eb20dcce1c8964009b328423ef00376c72a134a60f47b1e9a0888,True,True,13,13,25,1694,False,1788221635
107,70,finalized,22,0x298c6faa7879709cb9ddfd42ee73cb5893bafa6e29caf4a1ce168c69701c9df9,True,True,23,23,44,70,False,1788221635
114,277,finalized,14,0x4ad3ca2b0a852675aa102039988cf9878eb0ae238df60e568913ea3316c99e8c,True,True,15,15,28,277,False,1788221637
204,412,finalized,15,0x14225d63ecc76b114f4e3af6701a2cb919da176902ee898356b399d5a79c1995,True,True,16,16,30,412,False,1788221637
211,1492,finalized,27,0x266c515558e10d36081c40e38686d1d38a81c5dc4d11f7529413b8194445e814,True,True,28,28,55,1492,False,1788221638
506,1064,finalized,14,0x067399d51084fc871aa4b4d24d45274145308d4fafd99208944c6d21aa737c2d,True,True,15,15,29,1064,False,1788221638
