community_id,expected_Ak,onchain_Ak,finalized_Ak,exists,finalized,expired,community_size,confirm_count,required_confirmations,expected_required_confirmations,confirm_count_matches,announcer_address,expected_result_hash,onchain_result_hash,Ak_matches,required_matches,hash_matches,finalized_ok,announced_at,deadline,validation_status
28,1858,1858,1858,True,True,False,38,20,20,20,True,0xd45a859586B8168cD32e0D6FdC194CEBB584b2c0,291a1d2f025e30c89740ed2e8d817ca286884a715d1bba4c7f1ad86d36a51f72,291a1d2f025e30c89740ed2e8d817ca286884a715d1bba4c7f1ad86d36a51f72,True,True,True,True,1788218034,1788221634,valid_finalized
30,423,423,423,True,True,False,66,34,34,34,True,0x89EC034d08ff987dcb414338188810628F1B72Fd,bd0d7b257749f1b0960942ea8f1db1482b6bad5758e63a9fdb1d83f991b7b683,bd0d7b257749f1b0960942ea8f1db1482b6bad5758e63a9fdb1d83f991b7b683,True,True,True,True,1788218034,1788221634,valid_finalized
38,1624,1624,1624,True,True,False,57,29,29,29,True,0xdcB0eB2BF3fab06A0b5C1E5362a26E59a2FdCA8e,4cebc2e9606356895d943e0af89e1320cd4af4def7748fa6ecb6a717f0d60efb,4cebc2e9606356895d943e0af89e1320cd4af4def7748fa6ecb6a717f0d60efb,True,True,True,True,1788218034,1788221634,valid_finalized
40,189,189,189,True,True,False,58,30,30,30,True,0xCcdFB0F4c1A933d588E4E4270e7dE15fd72006fF,cf53f3ec285329f32cc6d04657a525f4e169893d09f92c178c6402359b3ff512,cf53f3ec285329f32cc6d04657a525f4e169893d09f92c178c6402359b3ff512,True,True,True,True,1788218034,1788221634,valid_finalized
44,2043,2043,2043,True,True,False,26,14,14,14,True,0x66B724d3Cb34ad61b82a235B3A58155d68e25dc9,5727f922413f0150a0fc1e6b66ed23e4d1e3fdb80e6cfc3dfd2e2cc9e14af020,5727f922413f0150a0fc1e6b66ed23e4d1e3fdb80e6cfc3dfd2e2cc9e14af020,True,True,True,True,1788218034,1788221634,valid_finalized
60,585,585,585,True,True,False,136,69,69,69,True,0x08EF01ce5be8D1701710E88d3B3ecbAE6d2A5983,0c9bec90e626804718cad49d1196d0cc18ac17bd6dbc1d34ad24825e098e0aa9,0c9bec90e626804718cad49d1196d0cc18ac17bd6dbc1d34ad24825e098e0aa9,True,True,True,True,1788218035,1788221635,valid_finalized
99,382,382,382,True,True,False,81,41,41,41,True,0xDBB28aE5EB21Ac677BA17382ecc4ec4E8C48aFEF,89afd3788dff6c4bb3167d8a87ce511cb1a848fe86ae57e8b1c7d9caf010dcea,89afd3788dff6c4bb3167d8a87ce511cb1a848fe86ae57e8b1c7d9caf010dcea,True,True,True,True,1788218035,1788221635,valid_finalized
104,1694,1694,1694,True,True,False,25,13,13,13,True,0xD1d6b00804f543876d96784292910f3AFB28E76c,3709d6515ba28e84d9f26466443c3635d55fc3ad2b0934c34f23638933cec1bd,3709d6515ba28e84d9f26466443c3635d55fc3ad2b0934c34f23638933cec1bd,True,True,True,True,1788218035,1788221635,valid_finalized
107,70,70,70,True,True,False,44,23,23,23,True,0xfB8FCE272e3fA6C66e0c85C55bE2Cf4eDA454053,a940eb0d652c8a0f2716d94414c2d323ea754185a6c509158f35c46bb22823a7,a940eb0d652c8a0f2716d94414c2d323ea754185a6c509158f35c46bb22823a7,True,True,True,True,1788218035,1788221635,valid_finalized
114,277,277,277,True,True,False,28,15,15,15,True,0x20381f49e0Fa15845f778E2338954777d510E3a1,43db09b0e268d785da040a2d7126953e8113b3e482b374e691f8c427b34f12a7,43db09b0e268d785da040a2d7126953e8113b3e482b374e691f8c427b34f12a7,True,True,True,True,1788218037,1788221637,valid_finalized
204,412,412,412,True,True,False,30,16,16,16,True,0xe69AabcCB6cF181CdC194a856526Db31369E854b,10f54cda8ccc18dc187e29eb5a7c444350936c802ca61bf5f278d21bc076d914,10f54cda8ccc18dc187e29eb5a7c444350936c802ca61bf5f278d21bc076d914,True,True,True,True,1788218037,1788221637,valid_finalized
211,1492,1492,1492,True,True,False,55,28,28,28,True,0xc63f77379129831F6fFcECdD732c944C8B48CB4c,e76daae4c5a8f8b8ae469ce685419db02243eced6046a1883e4ed92cc06b8591,e76daae4c5a8f8b8ae469ce685419db02243eced6046a1883e4ed92cc06b8591,True,True,True,True,1788218038,1788221638,valid_finalized
506,1064,1064,1064,True,True,False,29,15,15,15,True,0x265c9747bD806C43b76B9Ee6D5fE2E5CCb8e661a,f2ae0d2fc7222dfebf84be2ed5fcef5e840d81377c240302fc35d1eb5098e6ef,f2ae0d2fc7222dfebf84be2ed5fcef5e840d81377c240302fc35d1eb5098e6ef,True,True,True,True,1788218038,1788221638,valid_finalized
