community_id,trusted_node_user_id,trusted_node_address
28,1858,0x59239a02DDF3eF95057C9504993B29704e785bfe
30,423,0x12EAd38c58967EcBBD3b5d787Cc860191f445cD5
38,1624,0xBD4B860E86bB893F4Dd49ADFD4E71D98F3e105C5
40,189,0x9A316Df1897D7583E2BaC45e127E87c82974FF00
44,2043,0x0Ec9448AB816C28261F7DfA93F631FBdFC557941
60,585,0x75F911ea4ceEA63FcB87cB906cc0e93800A06326
99,382,0x94365656C677CAE502448790A4E3BCe1C149D358
104,1694,0x4e9bC387E5c5B9a939d105D722FA80b4F02eA794
107,70,0x90e8b27c82b81620f1D8564D1c163BfBdd0A03Ff
114,277,0xeF21c5926C291C6929D55a5DA715e0E45898b0c6
204,412,0xfC5C3073c0E0A238b79f0b5190705F64f6793116
211,1492,0xbeca34dffD14561cA5821E51F8B56378bc3594f1
506,1064,0x21D129e1232ed000fC663D93535ec8d4457Cd61B
