community_id,trusted_node_user_id,trusted_node_address,authorized_node_onchain,ak_matches,ak_registration_tx,expected_member_count,onchain_member_count_before,pending_member_count_registered,onchain_member_count_after,member_count_matches,member_registration_tx_count,member_registration_txs,status
28,1858,0x59239a02DDF3eF95057C9504993B29704e785bfe,0x59239a02DDF3eF95057C9504993B29704e785bfe,True,a1f27132849c0b169998a215e0814752f8f2c3a9fed828f3be8699b76631e5a3,38,0,38,38,True,1,3a833cff28b919276b578f990fdacb6bae1a63afca9a9555dd29a49de5e18446,registered_and_verified
30,423,0x12EAd38c58967EcBBD3b5d787Cc860191f445cD5,0x12EAd38c58967EcBBD3b5d787Cc860191f445cD5,True,9e0a8288a9601b04f59977805f979aebb2a735910469c70240c0d803332786c6,66,0,66,66,True,1,2464f726876da7cd06b3243c037ffb6be22b6d3b1b20224dda6ead1f6b80e4a3,registered_and_verified
38,1624,0xBD4B860E86bB893F4Dd49ADFD4E71D98F3e105C5,0xBD4B860E86bB893F4Dd49ADFD4E71D98F3e105C5,True,3ad5feff8994151e25a0a0560e32101d057a3020356a6b03dadd950064f5ea13,57,0,57,57,True,1,ea3f28b8619f5d8f0e79aebd314425c026addfd5609589c2345e81473e1b1585,registered_and_verified
40,189,0x9A316Df1897D7583E2BaC45e127E87c82974FF00,0x9A316Df1897D7583E2BaC45e127E87c82974FF00,True,6c05ef16a9d793eb62809fea5f66ebbb7b58cad2cd57cb94e0d9cf025dbaac03,58,0,58,58,True,1,d2687518ff4b68d77c3fac292c3db01ffc1250602388a6054f3e21bd5d33bf25,registered_and_verified
44,2043,0x0Ec9448AB816C28261F7DfA93F631FBdFC557941,0x0Ec9448AB816C28261F7DfA93F631FBdFC557941,True,988272cd64ca502ea0f4ec607d7481fda92c07bcb2b936648a2a9c8fe6a590a4,26,0,26,26,True,1,24721fac1439336e832ffcf54a1d7d55693334c8dbde42c933c23e7850fa477f,registered_and_verified
60,585,0x75F911ea4ceEA63FcB87cB906cc0e93800A06326,0x75F911ea4ceEA63FcB87cB906cc0e93800A06326,True,452a018efc5e7bb3fa1edae36d3865abf167675c660fd78c18beaf777043a812,136,0,136,136,True,2,902584cfa2ccd100832f3f0e31122ceee8ce672d8c45e3e7240a6389e228d4ad|bcdeb9156a7e7ff65e07ed4c703ae454fbb49871d659d84b974d8dac7fa2be07,registered_and_verified
99,382,0x94365656C677CAE502448790A4E3BCe1C149D358,0x94365656C677CAE502448790A4E3BCe1C149D358,True,3b600c2398ac02aa16996ca711be96c2c9307ecacaedae68da1adfa66498b7c2,81,0,81,81,True,1,45a412c9ee383c5a3270ef8d5002034532a1374d71a76923366897d4efa5d811,registered_and_verified
104,1694,0x4e9bC387E5c5B9a939d105D722FA80b4F02eA794,0x4e9bC387E5c5B9a939d105D722FA80b4F02eA794,True,03997d757cd15f29bd121f7d5425ed2b032f986802a2d9dd07ceb2b26f019aa1,25,0,25,25,True,1,dc352748bd16c897f8b8d1308ea4b22523a0891b7c95f55f758fdb3c0de4f9f6,registered_and_verified
107,70,0x90e8b27c82b81620f1D8564D1c163BfBdd0A03Ff,0x90e8b27c82b81620f1D8564D1c163BfBdd0A03Ff,True,dd10697734c890729f31f1638d65f5a49d6e7060125a37f1908bc3d34170b6a5,44,0,44,44,True,1,022ccf7f82cebcfb2365340aa9ee06fc4cd9a2ff485c0713524f681927796e0d,registered_and_verified
114,277,0xeF21c5926C291C6929D55a5DA715e0E45898b0c6,0xeF21c5926C291C6929D55a5DA715e0E45898b0c6,True,123a1b27a78fb8d8e87e6cbf22430fe69cb160608b3e3b0177340f4fff99161f,28,0,28,28,True,1,127fb1ad40f9fd108b9f6d415df4ba343359b887934576b5dc32f5c83931adf7,registered_and_verified
204,412,0xfC5C3073c0E0A238b79f0b5190705F64f6793116,0xfC5C3073c0E0A238b79f0b5190705F64f6793116,True,52bcbf2df3d6afdbef296408e0263348a8b2d0de35828a71e1b43e7dbd926118,30,0,30,30,True,1,0b71ae7d47c87369d5265fb4640cb012e00224f34f456b8162c8131ebfedcf59,registered_and_verified
211,1492,0xbeca34dffD14561cA5821E51F8B56378bc3594f1,0xbeca34dffD14561cA5821E51F8B56378bc3594f1,True,b882d1561e57bcd7d880309872e7a0d0289136a3aa8832a0a97103e892e38ae0,55,0,55,55,True,1,9766c4e187b4c4266b6d93c4fea18e239d905b0a175231f42cb986ae00b4860b,registered_and_verified
506,1064,0x21D129e1232ed000fC663D93535ec8d4457Cd61B,0x21D129e1232ed000fC663D93535ec8d4457Cd61B,True,7b6e57ec0d493fa25dee11249f8dffedb748e94c489427af83bc6ee83e9f5bb9,29,0,29,29,True,1,5d4be6f01de001298a7d234d0531eb400390a43c57c6aa02c5b055a4ab01f414,registered_and_verified
