community_id,user_id,user_address,trusted_node_user_id,trusted_node_address_for_community
8,13,0xdA6a4AB9edB3fF50fE8D1C3A53BE622617b590F0,378,0xf1667a0c3907c5Ce4b53E38490E1Db2A4357D9d4
8,22,0xd08f680834063095f90EebAcF3a63FB53C5c6163,378,0xf1667a0c3907c5Ce4b53E38490E1Db2A4357D9d4
8,53,0xf01bab8b9b26C0F62Baaa845E7c0EC76BE32265d,378,0xf1667a0c3907c5Ce4b53E38490E1Db2A4357D9d4
8,105,0x5AEd1102D75a352B120c37D8d695A348788ed44B,378,0xf1667a0c3907c5Ce4b53E38490E1Db2A4357D9d4
8,124,0x8462c1EE0B031cDe7A78782F533A6d014E051C79,378,0xf1667a0c3907c5Ce4b53E38490E1Db2A4357D9d4
8,172,0x5932ac1E302667aCE42D412030220AfA25F8ED8B,378,0xf1667a0c3907c5Ce4b53E38490E1Db2A4357D9d4
8,237,0xAd037845d652937390B269d4b3b05a2bf6Ce6Cd7,378,0xf1667a0c3907c5Ce4b53E38490E1Db2A4357D9d4
8,292,0xA26c2fDA009B9b8E01A6AcFe85347435Dc3a5EdA,378,0xf1667a0c3907c5Ce4b53E38490E1Db2A4357D9d4
8,338,0x9Ba1088895bCb13Cd60CA266B5Ad27B0504a3553,378,0xf1667a0c3907c5Ce4b53E38490E1Db2A4357D9d4
8,346,0xDB2bab205229E959C31b5708268217540331Fa06,378,0xf1667a0c3907c5Ce4b53E38490E1Db2A4357D9d4
8,360,0x3876D1Ec435180f7dA4598FDa59Ada582dB3b2Ca,378,0xf1667a0c3907c5Ce4b53E38490E1Db2A4357D9d4
8,361,0xaBa76F2C1fd66DD0BcF793F28f0c144EF1262E0D,378,0xf1667a0c3907c5Ce4b53E38490E1Db2A4357D9d4
8,390,0xB544f044274CD744233e71bB53cAE4f8A14898DD,378,0xf1667a0c3907c5Ce4b53E38490E1Db2A4357D9d4
8,411,0xf742e7c1e20C0126181f011fac7aF2a17Ed6df21,378,0xf1667a0c3907c5Ce4b53E38490E1Db2A4357D9d4
8,420,0x4645aAdAa556c7E7C8cBAe075Dd8aacE4848eEa8,378,0xf1667a0c3907c5Ce4b53E38490E1Db2A4357D9d4
8,421,0x6E5cf138Ca5C9567a52B1e14aDe8441505B51AF8,378,0xf1667a0c3907c5Ce4b53E38490E1Db2A4357D9d4
8,440,0xbdCA0acE2DBdCE73129FA2F19E08866B5C265Af9,378,0xf1667a0c3907c5Ce4b53E38490E1Db2A4357D9d4
8,447,0x9AFE652297bfbdB2Dc5E563C0E230D5056fC243f,378,0xf1667a0c3907c5Ce4b53E38490E1Db2A4357D9d4
8,483,0xE4818a4A7B6038E21ADdb7C18a789a55C8e64848,378,0xf1667a0c3907c5Ce4b53E38490E1Db2A4357D9d4
8,489,0x04131b9229377aF2afD9E6b96451c1C530684351,378,0xf1667a0c3907c5Ce4b53E38490E1Db2A4357D9d4
8,492,0xD8E553Ea600D5801B543d018D32ADd939d7cCB4C,378,0xf1667a0c3907c5Ce4b53E38490E1Db2A4357D9d4
8,540,0x5A3e9692E730ed4a9603d472b6FF6D2efBC3b03a,378,0xf1667a0c3907c5Ce4b53E38490E1Db2A4357D9d4
8,576,0xCACFCe95257D628eB1fEcaec7c6Ab625fBd277b8,378,0xf1667a0c3907c5Ce4b53E38490E1Db2A4357D9d4
8,595,0x36298A2Eab7B1811CeAC9388C06ffc661c7C8610,378,0xf1667a0c3907c5Ce4b53E38490E1Db2A4357D9d4
8,647,0x73B40077be030Ba0fe0fF58472dC70a34bAB587C,378,0xf1667a0c3907c5Ce4b53E38490E1Db2A4357D9d4
8,741,0xa06daA66AF4f21A70d2220d8711B5e6B9b6812D0,378,0xf1667a0c3907c5Ce4b53E38490E1Db2A4357D9d4
8,769,0x1Feb9BBb7f18A332B8Ae49E3B73B54a20BBAd40f,378,0xf1667a0c3907c5Ce4b53E38490E1Db2A4357D9d4
8,802,0x5998269562877F0eADE53d99c31aE02D2FFa9891,378,0xf1667a0c3907c5Ce4b53E38490E1Db2A4357D9d4
8,877,0x38b10b18043EEDd25afe66142De285582cd4DdD3,378,0xf1667a0c3907c5Ce4b53E38490E1Db2A4357D9d4
8,882,0xA0B6743E3204920298BBAc767fC112E1fA274F66,378,0xf1667a0c3907c5Ce4b53E38490E1Db2A4357D9d4
8,906,0xA4e714655C8Cd8A7692A2C84D698627Ec4C30219,378,0xf1667a0c3907c5Ce4b53E38490E1Db2A4357D9d4
8,965,0xc5b9479505622c75bCF84c2e8Aee71FC7Dd79d49,378,0xf1667a0c3907c5Ce4b53E38490E1Db2A4357D9d4
8,996,0x92e1d98EAff2059fE2F16dc0B8618A96068c45f6,378,0xf1667a0c3907c5Ce4b53E38490E1Db2A4357D9d4
8,1035,0x2d99081B8A8b8b6b431778d555cD3d4E4B6B0caB,378,0xf1667a0c3907c5Ce4b53E38490E1Db2A4357D9d4
8,1077,0x4fb6f82dd75FF9C10c5414e8a5025C191C9eefBd,378,0xf1667a0c3907c5Ce4b53E38490E1Db2A4357D9d4
8,1142,0x8BD0EDce1eAC567e041DcE0879Ab333FCc9E9761,378,0xf1667a0c3907c5Ce4b53E38490E1Db2A4357D9d4
8,1148,0xDa7553edF8eBb4d6293c6e7a8E2E0C6088E64beC,378,0xf1667a0c3907c5Ce4b53E38490E1Db2A4357D9d4
8,1159,0xBf6b9bb23163241c95c9126826e1D4164d7cF70A,378,0xf1667a0c3907c5Ce4b53E38490E1Db2A4357D9d4
8,1169,0xB135cB90e21F12A75C1BCA3664b8BBB9Dd09be74,378,0xf1667a0c3907c5Ce4b53E38490E1Db2A4357D9d4
8,1174,0x5471905A8cAEbD4694E819efb071FF3e39fB61d8,378,0xf1667a0c3907c5Ce4b53E38490E1Db2A4357D9d4
8,1194,0x6FB8E4591bd1ef4D526284f5950b306222B3d3Eb,378,0xf1667a0c3907c5Ce4b53E38490E1Db2A4357D9d4
8,1265,0xFE8E153E9aD0BcBb6117f075826fDEb2b52fe9eC,378,0xf1667a0c3907c5Ce4b53E38490E1Db2A4357D9d4
8,1296,0x8922D8459F4335536dCFdAa44180d731B6c04C5C,378,0xf1667a0c3907c5Ce4b53E38490E1Db2A4357D9d4
8,1324,0x5e36F05235E0eaC87bF0cee6CD5AE66fcA287A61,378,0xf1667a0c3907c5Ce4b53E38490E1Db2A4357D9d4
8,1337,0xe6326F09757d68E6C5020b216972Cb130C48fd24,378,0xf1667a0c3907c5Ce4b53E38490E1Db2A4357D9d4
8,1342,0x677F3723b3c6B8DCDf071aC48cDF0171F3fF2718,378,0xf1667a0c3907c5Ce4b53E38490E1Db2A4357D9d4
8,1352,0x5F80D505c66A6D7E618F1BdDe5478ea017a7880B,378,0xf1667a0c3907c5Ce4b53E38490E1Db2A4357D9d4
8,1391,0xE6E21c34f6C176f3E67221689f39a0d3a10E376a,378,0xf1667a0c3907c5Ce4b53E38490E1Db2A4357D9d4
8,1406,0x302052FF22d63A10caf6E06fd2315Cc4Cb58A580,378,0xf1667a0c3907c5Ce4b53E38490E1Db2A4357D9d4
8,1435,0xC0cec0bbA85dcB0A7aBe3C30A95f9c6Dc114d34E,378,0xf1667a0c3907c5Ce4b53E38490E1Db2A4357D9d4
8,1454,0x7a2999E8357c658F83Afb9bEFa44E5769B6F30C6,378,0xf1667a0c3907c5Ce4b53E38490E1Db2A4357D9d4
8,1478,0xd3de494313524Ae4af4030be6471833a11b9db7f,378,0xf1667a0c3907c5Ce4b53E38490E1Db2A4357D9d4
8,1538,0xf004C45339a175ED0394102D2091c37cF417DFdd,378,0xf1667a0c3907c5Ce4b53E38490E1Db2A4357D9d4
8,1553,0xbD744B7b51F00ef1eDA571Abff9155b595d2a4EC,378,0xf1667a0c3907c5Ce4b53E38490E1Db2A4357D9d4
8,1563,0x1272a2d8c20fc89524E885F0BaE163C43B8409e9,378,0xf1667a0c3907c5Ce4b53E38490E1Db2A4357D9d4
8,1602,0x538b76F1309E16E6B556488b38b13E88457f1764,378,0xf1667a0c3907c5Ce4b53E38490E1Db2A4357D9d4
8,1620,0x922e1EF56170E44cD716952D5E33dE2b6C27967f,378,0xf1667a0c3907c5Ce4b53E38490E1Db2A4357D9d4
8,1682,0x4eAE172154d9845eDbdE79c49Ddd9D81197F2Ec4,378,0xf1667a0c3907c5Ce4b53E38490E1Db2A4357D9d4
8,1706,0x6307Aef0fc5CB392E908655d2929Ae7E7B4E7798,378,0xf1667a0c3907c5Ce4b53E38490E1Db2A4357D9d4
8,1741,0x6ACF186d86615c86143834087A1d1D0e49574d94,378,0xf1667a0c3907c5Ce4b53E38490E1Db2A4357D9d4
8,1748,0x6BD9a6f08a84754BcFC9e56137cc84C7C41a5A9d,378,0xf1667a0c3907c5Ce4b53E38490E1Db2A4357D9d4
8,1758,0x8C0eb6F507Fe6e9e499a68254158A6E34827d0E9,378,0xf1667a0c3907c5Ce4b53E38490E1Db2A4357D9d4
8,1767,0x0868e54Abf12E8c4f62B6690F477a1c31233827a,378,0xf1667a0c3907c5Ce4b53E38490E1Db2A4357D9d4
8,1789,0x608ec85c8dF43d75434B1D315cf269c7ab85a333,378,0xf1667a0c3907c5Ce4b53E38490E1Db2A4357D9d4
8,1832,0x6eC531efbcD118dA37974A878E42f4f3Ed104D45,378,0xf1667a0c3907c5Ce4b53E38490E1Db2A4357D9d4
8,1835,0xE92254aBEfC842771Ed8C6d2a272D7ea2040BFDB,378,0xf1667a0c3907c5Ce4b53E38490E1Db2A4357D9d4
8,1928,0x5c8958337BDff56E8EFc8fC97372e3174cc8408D,378,0xf1667a0c3907c5Ce4b53E38490E1Db2A4357D9d4
8,1931,0xD113fbf2aFA3E99db70d928382cccD33eB25b89f,378,0xf1667a0c3907c5Ce4b53E38490E1Db2A4357D9d4
8,1951,0x45d6519729fFAE63D8153F578702D63D2aDF7C10,378,0xf1667a0c3907c5Ce4b53E38490E1Db2A4357D9d4
8,1983,0xd904Ca5F27f59D6C5CcBE723c07469e7D55d05Bb,378,0xf1667a0c3907c5Ce4b53E38490E1Db2A4357D9d4
8,2048,0xa37BECfe926f51472F2860b97E48f69eDd6e6f0C,378,0xf1667a0c3907c5Ce4b53E38490E1Db2A4357D9d4
8,2054,0x2da2cf1e2C7C25Feb8114a4e4357AC6c58536Bc2,378,0xf1667a0c3907c5Ce4b53E38490E1Db2A4357D9d4
8,2066,0x19e87420eb9695a829c449708d01ddFDf6Ce47c5,378,0xf1667a0c3907c5Ce4b53E38490E1Db2A4357D9d4
8,2118,0xA395c3101cBB61b0b1Cae33828F4cf29fB1B0ca9,378,0xf1667a0c3907c5Ce4b53E38490E1Db2A4357D9d4
8,2121,0x9993CfD9b3457eAb0b8100882c970a6e741B9F67,378,0xf1667a0c3907c5Ce4b53E38490E1Db2A4357D9d4
8,2131,0x70aE2910B1abe0872D2a732b4fDe574E8f590A0B,378,0xf1667a0c3907c5Ce4b53E38490E1Db2A4357D9d4
8,2173,0x772CfcCCeb7751e60008990059F5B774F958Ad08,378,0xf1667a0c3907c5Ce4b53E38490E1Db2A4357D9d4
8,2181,0x47CBcD1C2dc06d1Fe7354b62Ff19137E18d7159C,378,0xf1667a0c3907c5Ce4b53E38490E1Db2A4357D9d4
8,2196,0xF8E6081D951d7D1aFE7B0D0B69D7aa5afa0D5bb2,378,0xf1667a0c3907c5Ce4b53E38490E1Db2A4357D9d4
8,2222,0x33F58FBd28684E536d562E30427F053B9883F265,378,0xf1667a0c3907c5Ce4b53E38490E1Db2A4357D9d4
8,2235,0xCEf090e3C03A3aF9666508D967Cd0d4C12eCC5fd,378,0xf1667a0c3907c5Ce4b53E38490E1Db2A4357D9d4
8,2307,0xB899eDaDaAE075cCec4a762c21A8fB0b3EA73824,378,0xf1667a0c3907c5Ce4b53E38490E1Db2A4357D9d4
8,2319,0x98167546ae5dd8223808Dca348f24e0062Cb97dE,378,0xf1667a0c3907c5Ce4b53E38490E1Db2A4357D9d4
8,2322,0x37Ab8F3FB0929247cbd3bBe6094d073BBE23fDA5,378,0xf1667a0c3907c5Ce4b53E38490E1Db2A4357D9d4
8,2345,0xD3B46734450149D3AC3BA57277AA798840238a70,378,0xf1667a0c3907c5Ce4b53E38490E1Db2A4357D9d4
8,2387,0x012DeC22A5CAe75F9c76724822b22cEcB3a487C0,378,0xf1667a0c3907c5Ce4b53E38490E1Db2A4357D9d4
8,2408,0x2Ab3Ec46aEB456A049DD92D38ce7A99F735A285c,378,0xf1667a0c3907c5Ce4b53E38490E1Db2A4357D9d4
8,2458,0xbaD73a83DBC1846Ff4d7c44fA16c900A38dc4639,378,0xf1667a0c3907c5Ce4b53E38490E1Db2A4357D9d4
8,2497,0xB9a97aA79D46f9776b2dB3d8e71a48B4B41aE363,378,0xf1667a0c3907c5Ce4b53E38490E1Db2A4357D9d4
8,2513,0x5a3190B559a76f895f365155Cf63Ef9079B02471,378,0xf1667a0c3907c5Ce4b53E38490E1Db2A4357D9d4
8,2516,0x099E2057594250634f574a3E198410FcF779579f,378,0xf1667a0c3907c5Ce4b53E38490E1Db2A4357D9d4
8,2567,0x360D46760467E6B76C3b59899f20A783eDE46FcF,378,0xf1667a0c3907c5Ce4b53E38490E1Db2A4357D9d4
8,2630,0x385C9e52e1027E5bB337e99B0dBd8b52e5817d98,378,0xf1667a0c3907c5Ce4b53E38490E1Db2A4357D9d4
8,2666,0x0d205214Fb79E83032BDd5e8f6f0E336F079bde0,378,0xf1667a0c3907c5Ce4b53E38490E1Db2A4357D9d4
8,2692,0x305eC19D55d52aDbbFF669d4F506d7d8713779C7,378,0xf1667a0c3907c5Ce4b53E38490E1Db2A4357D9d4
8,2693,0x102a77a8E7F6cD9e05BF8577C0EB799f3dFeB389,378,0xf1667a0c3907c5Ce4b53E38490E1Db2A4357D9d4
8,2775,0x8029BfFDCd44E0E7588230452CEF87e27856F270,378,0xf1667a0c3907c5Ce4b53E38490E1Db2A4357D9d4
8,2781,0x97e8B210FA84E6e006348ADf9933672067FDe5Be,378,0xf1667a0c3907c5Ce4b53E38490E1Db2A4357D9d4
8,2786,0x1E6e27e61D57fc86fC669307fe3D49aAF9e65C00,378,0xf1667a0c3907c5Ce4b53E38490E1Db2A4357D9d4
8,2854,0xffd3D038A886E5711C659777F3bfcc22BCa23d70,378,0xf1667a0c3907c5Ce4b53E38490E1Db2A4357D9d4
8,2879,0x430711a35d3fE14af4A5A0A025829FB3c816105f,378,0xf1667a0c3907c5Ce4b53E38490E1Db2A4357D9d4
8,2967,0x79213d94D67234FE71e835Ec8655698A4F7123B7,378,0xf1667a0c3907c5Ce4b53E38490E1Db2A4357D9d4
8,2991,0x2dA8C9DAc9d0eC01459f00d402C58c48934863D6,378,0xf1667a0c3907c5Ce4b53E38490E1Db2A4357D9d4
8,3004,0xBbA16202a4d15A92B7214F3957aff227284293F8,378,0xf1667a0c3907c5Ce4b53E38490E1Db2A4357D9d4
14,5,0x962EeC40Be03e767E62e5d29495062F110fC192D,289,0xC7912c59d036482807d42976Dc0c145de6159E9c
14,54,0x622D27558F2064B66E7CCaA5D586d99E2BAA5246,289,0xC7912c59d036482807d42976Dc0c145de6159E9c
14,71,0x5b4fDbcfb4850a03F3141e91b88360BfaDe265f5,289,0xC7912c59d036482807d42976Dc0c145de6159E9c
14,104,0x8348B86615bdB4d94C54703DF6bDa006753D2689,289,0xC7912c59d036482807d42976Dc0c145de6159E9c
14,106,0x955D19E923D38Ffc6C595F904B0B51FeF780f4Cb,289,0xC7912c59d036482807d42976Dc0c145de6159E9c
14,152,0x05E7D780DdE4A67E38b8B1FAC03042F2E0E31aaA,289,0xC7912c59d036482807d42976Dc0c145de6159E9c
14,155,0x7311B63F2C91ec2F8e6e82B3D185f939788781dC,289,0xC7912c59d036482807d42976Dc0c145de6159E9c
14,158,0x6056599201F33D19d9724C50b6815c4e506F733f,289,0xC7912c59d036482807d42976Dc0c145de6159E9c
14,160,0xF906201458C75D1003e940B9c4F1fC6C6b7e4f6A,289,0xC7912c59d036482807d42976Dc0c145de6159E9c
14,200,0xec338FC17ec6D1d7319eD865C19823e870550B25,289,0xC7912c59d036482807d42976Dc0c145de6159E9c
14,217,0xa4238B4029eB479fC475C0343fF8BF0BECCfeA82,289,0xC7912c59d036482807d42976Dc0c145de6159E9c
14,227,0xC2131BD564315B03996583551428a4Fad7bce828,289,0xC7912c59d036482807d42976Dc0c145de6159E9c
14,251,0xc4aDAe1A63463aD49D926E5060527C8Ef61E14a5,289,0xC7912c59d036482807d42976Dc0c145de6159E9c
14,266,0x8F66acFcF438cD18251e20E2E18C73ec85F2ab4E,289,0xC7912c59d036482807d42976Dc0c145de6159E9c
14,279,0x0FcE0B49F36B1ec54D7437edf44A72E19103af9a,289,0xC7912c59d036482807d42976Dc0c145de6159E9c
14,284,0x24821D144EAbf803eCac4De057E3ccA889fd5558,289,0xC7912c59d036482807d42976Dc0c145de6159E9c
14,304,0x529F4faFf4069570bBbDcDCdb636e21c73B3DC20,289,0xC7912c59d036482807d42976Dc0c145de6159E9c
14,308,0x171302d156D0288ABBC8b6E788c0e76133D7d29f,289,0xC7912c59d036482807d42976Dc0c145de6159E9c
14,344,0x4C91aaa0B130BB722a50cB77BB21C3116123E823,289,0xC7912c59d036482807d42976Dc0c145de6159E9c
14,404,0xf17C800C2771A77685fcd9708B4a87fD48bB3B9D,289,0xC7912c59d036482807d42976Dc0c145de6159E9c
14,429,0x827DB746512cC03FcCdCdd5A0A73230379e58677,289,0xC7912c59d036482807d42976Dc0c145de6159E9c
14,456,0xfa52F03E9b0E23277fBEf3bcF5B843D1aAACB8E5,289,0xC7912c59d036482807d42976Dc0c145de6159E9c
14,477,0x8BeF2Ba3a236345915E6B954176E361e8DA095a4,289,0xC7912c59d036482807d42976Dc0c145de6159E9c
14,490,0x5A00797220924d69258007292Bc6642ee897F4A4,289,0xC7912c59d036482807d42976Dc0c145de6159E9c
14,512,0x7B2Ff4FB61E89c8982bF26Ae5c93f8c531e15e6B,289,0xC7912c59d036482807d42976Dc0c145de6159E9c
14,523,0x6354581bf7D61459aF3bd67dab8a44037Bf9d227,289,0xC7912c59d036482807d42976Dc0c145de6159E9c
14,546,0x8C44a0938391ED43826d986fEfCF777A407c01e3,289,0xC7912c59d036482807d42976Dc0c145de6159E9c
14,555,0xdf445ED9A94a1D4FA836fa4990c20D4B448561D4,289,0xC7912c59d036482807d42976Dc0c145de6159E9c
14,573,0x7Ff728601A014B12E58e8b99D84f434D079aeF36,289,0xC7912c59d036482807d42976Dc0c145de6159E9c
14,589,0x43aE9c47C2a6B048469631e1C836D7D384f28efE,289,0xC7912c59d036482807d42976Dc0c145de6159E9c
14,628,0xc99f3B2eE046Ebc5586322f90cF68De29F2c171F,289,0xC7912c59d036482807d42976Dc0c145de6159E9c
14,636,0x2240EC9438C00F4E863b5222CD92337796E6933b,289,0xC7912c59d036482807d42976Dc0c145de6159E9c
14,640,0x1052b36E5b18aBe279996c140cFdc8Ad71A0b33F,289,0xC7912c59d036482807d42976Dc0c145de6159E9c
14,643,0xCa1295d8DEC55e3AC965CE2266F5B62DA653E0C4,289,0xC7912c59d036482807d42976Dc0c145de6159E9c
14,728,0xb9710Cb58399ee1e222B0e68d5c9b27813E40eDB,289,0xC7912c59d036482807d42976Dc0c145de6159E9c
14,743,0x5aff50F6D468eA073981DF4B5fc2467d4953c689,289,0xC7912c59d036482807d42976Dc0c145de6159E9c
14,770,0x383857B98075D1E4856d5acb1761e879e37c5731,289,0xC7912c59d036482807d42976Dc0c145de6159E9c
14,781,0xE7cc92dD390dF8B4c1095901A6c8AC7B9681858f,289,0xC7912c59d036482807d42976Dc0c145de6159E9c
14,786,0xE77F6700cb68af0681C3374eB3bc7B8c890c3509,289,0xC7912c59d036482807d42976Dc0c145de6159E9c
14,818,0xf70C63d7d4b603690810673d90b4089310b0B73A,289,0xC7912c59d036482807d42976Dc0c145de6159E9c
14,855,0xdaF363f994D7416246E9BA39bb10ca0396f94d28,289,0xC7912c59d036482807d42976Dc0c145de6159E9c
14,857,0xD1373c94d12A00832D17e5710E52335Cc3AB2D1f,289,0xC7912c59d036482807d42976Dc0c145de6159E9c
14,892,0x38C3a1F65Ee1dfFa588af1875855A07b3332547f,289,0xC7912c59d036482807d42976Dc0c145de6159E9c
14,920,0x3dfa2eDE7111E242d9F24DEe3E9c42Cd684a3434,289,0xC7912c59d036482807d42976Dc0c145de6159E9c
14,960,0x0c3cBF5A2B6953172Cc86705cBE8144275dE1833,289,0xC7912c59d036482807d42976Dc0c145de6159E9c
14,967,0x6e57b443542faDD5673D8Ef7514891BA72700190,289,0xC7912c59d036482807d42976Dc0c145de6159E9c
14,993,0xb1f7eEfB56903B483ee722ABCB8f385b3aBBd641,289,0xC7912c59d036482807d42976Dc0c145de6159E9c
14,1012,0x6a10b9a6D2aDA3930Ba6D138c3e1604A1FE614A0,289,0xC7912c59d036482807d42976Dc0c145de6159E9c
14,1020,0x27656144D20A5bF71c87C34b9420b4F9631AeB4d,289,0xC7912c59d036482807d42976Dc0c145de6159E9c
14,1040,0x5f04D728365CCa018BAF50C4E178c39B86E50bDB,289,0xC7912c59d036482807d42976Dc0c145de6159E9c
14,1048,0x9cCA4f4CA467F85FB16C6cc668E144B583793b08,289,0xC7912c59d036482807d42976Dc0c145de6159E9c
14,1055,0x9Baa2234C822957030C74a104EE50B8Cd8Fc71bc,289,0xC7912c59d036482807d42976Dc0c145de6159E9c
14,1066,0x375DB1F414ff0887201def00577C10aC0C94711b,289,0xC7912c59d036482807d42976Dc0c145de6159E9c
14,1082,0x23b73ebeA3eEBED45838E98E7a3636c71742dE9A,289,0xC7912c59d036482807d42976Dc0c145de6159E9c
14,1128,0x4fe8565aB0773809d01911E37ebDdD1B64145D7E,289,0xC7912c59d036482807d42976Dc0c145de6159E9c
14,1151,0xCaD948B64746aFC5E5bfb7575858C64bCdD6956a,289,0xC7912c59d036482807d42976Dc0c145de6159E9c
14,1162,0x15710dd0270cdA81046Cee3cAb65185ac2DE9a90,289,0xC7912c59d036482807d42976Dc0c145de6159E9c
14,1170,0x6Dd0c4247cFAB1dcdd1323A00bFeA4CF997a5137,289,0xC7912c59d036482807d42976Dc0c145de6159E9c
14,1189,0x190aE3aa67737f6b4d9847284B2B959f51357197,289,0xC7912c59d036482807d42976Dc0c145de6159E9c
14,1224,0x78955c05336253E54882F478D94c8cAF741826fe,289,0xC7912c59d036482807d42976Dc0c145de6159E9c
14,1255,0x20FD6998AFF99E539923B239ca2030E5E849cfB4,289,0xC7912c59d036482807d42976Dc0c145de6159E9c
14,1257,0xCc39Db5Ef7a848400066697cb2e20C79c37a028a,289,0xC7912c59d036482807d42976Dc0c145de6159E9c
14,1260,0x6a6E93D4c99efB63731E076509d862d1328355F7,289,0xC7912c59d036482807d42976Dc0c145de6159E9c
14,1273,0xD82eed8D67279159C38F2834E23c8E8fAbb19fb4,289,0xC7912c59d036482807d42976Dc0c145de6159E9c
14,1281,0x0639b1aEA3e614C14d01BBf4E5662028CBd8Ab73,289,0xC7912c59d036482807d42976Dc0c145de6159E9c
14,1293,0x80BDa875B8111C81bfb70d6a45fFDD5b66C63B14,289,0xC7912c59d036482807d42976Dc0c145de6159E9c
14,1368,0x28De42F7958e363AB8493081a030200D6256C7B0,289,0xC7912c59d036482807d42976Dc0c145de6159E9c
14,1375,0xf86C5E0E5beFC66120fE989Fbe9c032F000E35ae,289,0xC7912c59d036482807d42976Dc0c145de6159E9c
14,1404,0xa55dde842Dba7a8c998Ec25dc8a5deD297e5109B,289,0xC7912c59d036482807d42976Dc0c145de6159E9c
14,1405,0x9b4292b54e9A2d31C6aB718e37B6fF25d8485261,289,0xC7912c59d036482807d42976Dc0c145de6159E9c
14,1411,0x90acbD0A2d1d6dd8c84dDE8a9A4960D102027Ff2,289,0xC7912c59d036482807d42976Dc0c145de6159E9c
14,1447,0xC5399D29c9882aBf77e7E93Df9e3Da3e4D5C84C0,289,0xC7912c59d036482807d42976Dc0c145de6159E9c
14,1457,0x0caB080aDC4A84E8f9e07dd114Cc398A4d831a85,289,0xC7912c59d036482807d42976Dc0c145de6159E9c
14,1464,0xCe7Cc286d8561A84dC76dBF5eAC76314A08eD4b8,289,0xC7912c59d036482807d42976Dc0c145de6159E9c
14,1481,0x124E7370c2bEAd0A45f1965b921CF9a7E4e27483,289,0xC7912c59d036482807d42976Dc0c145de6159E9c
14,1523,0x5D804E75bda64669dfB1a0BAcb6aE8510Def9aAf,289,0xC7912c59d036482807d42976Dc0c145de6159E9c
14,1569,0x2e869De22d85b9A09A1D84d87b961c1E3c456Bd7,289,0xC7912c59d036482807d42976Dc0c145de6159E9c
14,1696,0x26FdC9e58A2D05c075137b6Fe1BB5bC8f4E0194e,289,0xC7912c59d036482807d42976Dc0c145de6159E9c
14,1700,0xb7f7CC22F584CC70A22886eC96e73AF073B70634,289,0xC7912c59d036482807d42976Dc0c145de6159E9c
14,1746,0xC07B669C1d66Eb6EFE64fCFc9216b260350dEafE,289,0xC7912c59d036482807d42976Dc0c145de6159E9c
14,1766,0x1Fe08b9d0F493Bf45afEAAB12Fa4b77615a77cDC,289,0xC7912c59d036482807d42976Dc0c145de6159E9c
14,1850,0xE32CE36A2156793F960771cF2Ba4d5336CA1fDDd,289,0xC7912c59d036482807d42976Dc0c145de6159E9c
14,1856,0x6fcF6bC54d913Bf6478Aa7b45199e659dc8391E2,289,0xC7912c59d036482807d42976Dc0c145de6159E9c
14,1897,0xB2C129E088E7322e549F9cF2B09c6fA92686ff6a,289,0xC7912c59d036482807d42976Dc0c145de6159E9c
14,1906,0xD84cFE2449250c7E1512cF5cE08A51791818BF97,289,0xC7912c59d036482807d42976Dc0c145de6159E9c
14,1930,0x6D3Dc7fC836195850fC58C8717f5E17bdA055863,289,0xC7912c59d036482807d42976Dc0c145de6159E9c
14,2038,0x37C0225981dAfCa1c3A0283720873a8740beB29C,289,0xC7912c59d036482807d42976Dc0c145de6159E9c
14,2062,0x95F274789Af86b09E98898d9B399564E95567977,289,0xC7912c59d036482807d42976Dc0c145de6159E9c
14,2083,0x4619b7D2cD5fe00f67B38B3f55AFE9D31B18756E,289,0xC7912c59d036482807d42976Dc0c145de6159E9c
14,2090,0x7725A93063804f16E4F4Ca83Be6bD0f1fa33cFD2,289,0xC7912c59d036482807d42976Dc0c145de6159E9c
14,2104,0x34225DB932D5d5AfC83b435e1e227d4baA171cCA,289,0xC7912c59d036482807d42976Dc0c145de6159E9c
14,2185,0xb97e9ffd85bDff419caA7951c9B5122143362cD9,289,0xC7912c59d036482807d42976Dc0c145de6159E9c
14,2214,0x8E68c044e4D865a4bdA2021Bd38f89F31e569da5,289,0xC7912c59d036482807d42976Dc0c145de6159E9c
14,2227,0x2e0c08ecaE29B46b62384ec813b31A4Af054cc70,289,0xC7912c59d036482807d42976Dc0c145de6159E9c
14,2247,0x30488406Ec10dC32b9B74B67Fe82bEA3d8113f3A,289,0xC7912c59d036482807d42976Dc0c145de6159E9c
14,2249,0xb8539e6ea4609293b1ADB340c5b2418D88fedE7D,289,0xC7912c59d036482807d42976Dc0c145de6159E9c
14,2264,0x655a19358283cF3c795C7fd8e6CE9d130326C621,289,0xC7912c59d036482807d42976Dc0c145de6159E9c
14,2397,0x0B79695A6f2EF2c945A6adbcD05cc4b99af7d0C7,289,0xC7912c59d036482807d42976Dc0c145de6159E9c
14,2405,0xc7066127CB224C22361390EAC11D7Ab3968835Cc,289,0xC7912c59d036482807d42976Dc0c145de6159E9c
14,2417,0x8bf4f93eD09aCaD889579EDBF5049D40339a8679,289,0xC7912c59d036482807d42976Dc0c145de6159E9c
14,2432,0x00a7adD9B38bD400FDd5ED9f735EE3487E5E1946,289,0xC7912c59d036482807d42976Dc0c145de6159E9c
14,2443,0x2f1DAB04C11D3267D25Da8d4B11a2063456203C5,289,0xC7912c59d036482807d42976Dc0c145de6159E9c
14,2475,0x8A438A40405dEFBBeD6dd92e63F3942cC3Dc3D55,289,0xC7912c59d036482807d42976Dc0c145de6159E9c
14,2564,0xa1a72df0F1f2853204Eb582b3c45AA94b5E509E9,289,0xC7912c59d036482807d42976Dc0c145de6159E9c
14,2597,0x4158147eD6c8E1615DccBCF190da2a2dFbc939a3,289,0xC7912c59d036482807d42976Dc0c145de6159E9c
14,2604,0x4f894E19A823Aa667cEB69edf176A28779CB85Ab,289,0xC7912c59d036482807d42976Dc0c145de6159E9c
14,2610,0x75FA2314c6EED048c0973E569CC5619c3d0BFb7F,289,0xC7912c59d036482807d42976Dc0c145de6159E9c
14,2617,0xb7bF497ac2024f629Fb00b53d759B3B08Daa5e00,289,0xC7912c59d036482807d42976Dc0c145de6159E9c
14,2618,0x293Dc14509ECBB44deFc870f707D4d7E5d1bA183,289,0xC7912c59d036482807d42976Dc0c145de6159E9c
14,2622,0x5D34aA1Da2a69De659092Fa2777F611515664Eb8,289,0xC7912c59d036482807d42976Dc0c145de6159E9c
14,2640,0xE1F0232e39c0b84638691d271D47B592E4b74D51,289,0xC7912c59d036482807d42976Dc0c145de6159E9c
14,2675,0xd61513A23b038f5ccD3815C57A41901EB0d5C208,289,0xC7912c59d036482807d42976Dc0c145de6159E9c
14,2690,0xae28c2A94f2e5449A14c3cc9Ad351874d98Cfb5a,289,0xC7912c59d036482807d42976Dc0c145de6159E9c
14,2697,0x566a00a7A3D16cBf80928eDD29556CF703A9B9Eb,289,0xC7912c59d036482807d42976Dc0c145de6159E9c
14,2738,0xfC3AE9Ab5Ea86FF44de4CF757049a2D2bF5cbc97,289,0xC7912c59d036482807d42976Dc0c145de6159E9c
14,2747,0x62FfE18de2dd5650942cf4CdC98176a328021066,289,0xC7912c59d036482807d42976Dc0c145de6159E9c
14,2755,0x9bf92ee3c38E86CD6f4A0ED6e937b35C1D8bAd59,289,0xC7912c59d036482807d42976Dc0c145de6159E9c
14,2767,0xD98d1fBB24842d5B4d0B00E4ee98382052433EC1,289,0xC7912c59d036482807d42976Dc0c145de6159E9c
14,2783,0x0A60428797f4f0F9C83F1aA26D5a2D6c3d0158a4,289,0xC7912c59d036482807d42976Dc0c145de6159E9c
14,2793,0x61C26CaF5AfCd574f436BA417a041d395Ed757DA,289,0xC7912c59d036482807d42976Dc0c145de6159E9c
14,2794,0xd450C5829E86620C980440d47C37C1b53eeb1aAC,289,0xC7912c59d036482807d42976Dc0c145de6159E9c
14,2795,0x836a3b630578C012591c898b25c58eBb689b69a9,289,0xC7912c59d036482807d42976Dc0c145de6159E9c
14,2803,0x2e16a498cF40eC9C5DcE4c19c42A467A4460FFE0,289,0xC7912c59d036482807d42976Dc0c145de6159E9c
14,2827,0xd4085Fda40B2426145874626687960Dcf85f8CE1,289,0xC7912c59d036482807d42976Dc0c145de6159E9c
14,2833,0x5145364c5664951c1095CA5247c4cDd2b0c56584,289,0xC7912c59d036482807d42976Dc0c145de6159E9c
14,2868,0xC8c0DaD63e3eb2B43E062e30a3AEE15e238B9c43,289,0xC7912c59d036482807d42976Dc0c145de6159E9c
14,2869,0x6170553078C825E23f823b5e1dc4553791cD3474,289,0xC7912c59d036482807d42976Dc0c145de6159E9c
14,2872,0xaE4F510eE3d8Aaf74Cc05e3f38808d9F0B84E0CE,289,0xC7912c59d036482807d42976Dc0c145de6159E9c
14,2898,0xe24F1Caefdb846164f7A1ED6806a711011a5FCD3,289,0xC7912c59d036482807d42976Dc0c145de6159E9c
14,2910,0x27B27f0510aD8cA030F64114754362fE8cBA561e,289,0xC7912c59d036482807d42976Dc0c145de6159E9c
14,2914,0x365a00F5450e004Ac8bEEC0C38cE73CFFb62c24a,289,0xC7912c59d036482807d42976Dc0c145de6159E9c
14,2928,0xf03d1D1305fabD242Bf720Be6ca0f5b65F71b10A,289,0xC7912c59d036482807d42976Dc0c145de6159E9c
14,2972,0xeFD3d35F335fFE009D035aA2b5325a1Ab884C594,289,0xC7912c59d036482807d42976Dc0c145de6159E9c
14,2992,0x4173578b208eb64947e3A3076A085b36D40207aE,289,0xC7912c59d036482807d42976Dc0c145de6159E9c
14,2994,0x6EE51C72F0c2fcAcD6DdB9fc12a368C5e44D8ee0,289,0xC7912c59d036482807d42976Dc0c145de6159E9c
14,3003,0xe88f6035b4bf589dDf5A1D74E1D9D656f1b711A9,289,0xC7912c59d036482807d42976Dc0c145de6159E9c
14,3020,0x1d15a4B6f39A4F72CcfBe9a79627FC08e04486BE,289,0xC7912c59d036482807d42976Dc0c145de6159E9c
84,10,0xec8bfa08Bd872EC79801D6Cc4A52e29B3e024401,28,0x3a8d7830fecD095682572e09B9905da4B57E7A72
84,14,0xF86713bEa980583C176698152bBd85B2986C74eb,28,0x3a8d7830fecD095682572e09B9905da4B57E7A72
84,37,0xf5C80f7A694A4Af36A28a7bF6b24860235d9df0F,28,0x3a8d7830fecD095682572e09B9905da4B57E7A72
84,77,0x37C8183C240f8355f4a871FA1BCF0f3Cd9A0EB37,28,0x3a8d7830fecD095682572e09B9905da4B57E7A72
84,98,0x43F22053FD2F2513EC83D0aE79C3A802BAE5b94C,28,0x3a8d7830fecD095682572e09B9905da4B57E7A72
84,192,0x49eB273d5cCC23784Ac2902363CcE2Ac30077Eb8,28,0x3a8d7830fecD095682572e09B9905da4B57E7A72
84,195,0xb1451eEad5b01C82820F56114612D3d98cB4A790,28,0x3a8d7830fecD095682572e09B9905da4B57E7A72
84,198,0x1acf751Ba9D62f7e89E213f500A166cC2c0808C6,28,0x3a8d7830fecD095682572e09B9905da4B57E7A72
84,204,0x44411D5f38b45717D123fFC2f4946A530424a5a6,28,0x3a8d7830fecD095682572e09B9905da4B57E7A72
84,239,0xc2fcfbDC077fFF959d26C612eA155cb64989529f,28,0x3a8d7830fecD095682572e09B9905da4B57E7A72
84,241,0xc79776C7D3f90108E7772cD4b676fB5C24E82531,28,0x3a8d7830fecD095682572e09B9905da4B57E7A72
84,314,0xA967B29F29592190e28c2C5b96C38204df3D8A87,28,0x3a8d7830fecD095682572e09B9905da4B57E7A72
84,330,0x180b0577A7b2E6499936e585E94c58E999836BDA,28,0x3a8d7830fecD095682572e09B9905da4B57E7A72
84,351,0xa932383e5E397c08C95d9FDa684D54E08f038A05,28,0x3a8d7830fecD095682572e09B9905da4B57E7A72
84,356,0x4F39abA9A9b425511d31F063b0bB6ad64a6991D6,28,0x3a8d7830fecD095682572e09B9905da4B57E7A72
84,377,0x7AE8021acD861227Aa6A773eA2DC72dF83aa9990,28,0x3a8d7830fecD095682572e09B9905da4B57E7A72
84,407,0x7a6DCd7532b547a7A5f73219ea97833240C26223,28,0x3a8d7830fecD095682572e09B9905da4B57E7A72
84,430,0x4ff713ca435d4cD3C3bC3F769C2c5A1A2a45Aa8F,28,0x3a8d7830fecD095682572e09B9905da4B57E7A72
84,552,0x8B64ecfF93BDdB7780cafC8519Bd74B851C8A371,28,0x3a8d7830fecD095682572e09B9905da4B57E7A72
84,577,0xF706e119Fe35DbAF5521F1C7fFb2bBB105c0683D,28,0x3a8d7830fecD095682572e09B9905da4B57E7A72
84,627,0xC958d275a1068Be195E09A53216D9bE3F247661c,28,0x3a8d7830fecD095682572e09B9905da4B57E7A72
84,631,0x209CA5dB45C736E400DdE2959fec2d91aD1A3596,28,0x3a8d7830fecD095682572e09B9905da4B57E7A72
84,681,0xa60d2655539cE867231c2DF737de301cf856a5d0,28,0x3a8d7830fecD095682572e09B9905da4B57E7A72
84,692,0xe6b65a978D453Bf9Bbd25ef97faBfD1131E59371,28,0x3a8d7830fecD095682572e09B9905da4B57E7A72
84,696,0x64Aa046A39c6A91E128E9b4A2762A1842FCBe859,28,0x3a8d7830fecD095682572e09B9905da4B57E7A72
84,704,0xE18554b50970EdCbe89027c5BD48E998e56B56A2,28,0x3a8d7830fecD095682572e09B9905da4B57E7A72
84,744,0xDeb143F81647Fb91f02D0EE192206231606Be24C,28,0x3a8d7830fecD095682572e09B9905da4B57E7A72
84,756,0x8c52437Bcb72349Fa4e7B2eFb4Fe38a8FB76aa93,28,0x3a8d7830fecD095682572e09B9905da4B57E7A72
84,787,0x118dbA90773f8cC6a805587f5d1B9A1740f63258,28,0x3a8d7830fecD095682572e09B9905da4B57E7A72
84,795,0x1D1e887886cDd89E14666A8b585152D5c282A9F4,28,0x3a8d7830fecD095682572e09B9905da4B57E7A72
84,828,0xe27d29A11fac4f2585D073d3915D49fc1A52A0e3,28,0x3a8d7830fecD095682572e09B9905da4B57E7A72
84,836,0xF08E4314350f1e766cab12C72eE2bfB86C252330,28,0x3a8d7830fecD095682572e09B9905da4B57E7A72
84,910,0x32c4fD3DFb26E8532120B057696007391e5Ae42C,28,0x3a8d7830fecD095682572e09B9905da4B57E7A72
84,937,0x51ac42BF85a810F0b633D185771Ee7fe8928fa43,28,0x3a8d7830fecD095682572e09B9905da4B57E7A72
84,940,0x7F0031Be38576944294B682b410078cF540C4898,28,0x3a8d7830fecD095682572e09B9905da4B57E7A72
84,972,0xfB4af6F7E2E6E5746e4E0A42949d296bAC7466C1,28,0x3a8d7830fecD095682572e09B9905da4B57E7A72
84,1013,0xDb05dB508AeC99D71547599BBF45aa591a430860,28,0x3a8d7830fecD095682572e09B9905da4B57E7A72
84,1021,0xe533CA93FD5bcB71eF7C7E8Ce77cEA9B6b4D1cA0,28,0x3a8d7830fecD095682572e09B9905da4B57E7A72
84,1061,0x05E5A325C0Df2Aa6d736Aa96B1E5AEfB0AcDaFDC,28,0x3a8d7830fecD095682572e09B9905da4B57E7A72
84,1073,0x2Ca6af86CaE062a678B0B9bd9e4a5DA9C9764e9D,28,0x3a8d7830fecD095682572e09B9905da4B57E7A72
84,1076,0xcD8acf29bFebF8e58D3848f44dF913786E456dEB,28,0x3a8d7830fecD095682572e09B9905da4B57E7A72
84,1118,0x2cf0CD24d3b128c8bAEf1b9a089Ec4ac5D75a388,28,0x3a8d7830fecD095682572e09B9905da4B57E7A72
84,1153,0x65362dD25E1257E6fB78B37c4363584D42aa7676,28,0x3a8d7830fecD095682572e09B9905da4B57E7A72
84,1154,0xa7AF8e3683dB42e0a77f7f451EA839D973563597,28,0x3a8d7830fecD095682572e09B9905da4B57E7A72
84,1181,0x1d6Ab86C74f25549B7Fe371990Ad88676A14992F,28,0x3a8d7830fecD095682572e09B9905da4B57E7A72
84,1187,0x387aC08bb4395311ADb75EEc7f202f5C23bD93e3,28,0x3a8d7830fecD095682572e09B9905da4B57E7A72
84,1208,0xE4053D1C6375231c61BBAFbffE3D5151a8352e44,28,0x3a8d7830fecD095682572e09B9905da4B57E7A72
84,1231,0x04EAbD09E5140331b12F0FD9834611eA6A3bB720,28,0x3a8d7830fecD095682572e09B9905da4B57E7A72
84,1233,0xBd9fC1a6C865E2CA42E80c24208824CAb707F984,28,0x3a8d7830fecD095682572e09B9905da4B57E7A72
84,1240,0x33dde7F75E8E82EA918378C8948Fb24b8AbfC196,28,0x3a8d7830fecD095682572e09B9905da4B57E7A72
84,1254,0x496aA42eaA90a83685D48b85A64B5D0F9A5e03ab,28,0x3a8d7830fecD095682572e09B9905da4B57E7A72
84,1329,0x458709157e99E0c2A5D4060a30F31308c65E0d0f,28,0x3a8d7830fecD095682572e09B9905da4B57E7A72
84,1339,0xB86B3DcaC4069866fF3e3D24D2D1527542FF72f0,28,0x3a8d7830fecD095682572e09B9905da4B57E7A72
84,1343,0xD92555fff4B2BC185AcF9Cb4b44afB512a86f1AB,28,0x3a8d7830fecD095682572e09B9905da4B57E7A72
84,1347,0x0951C1aAf3493A932aAfF5989418c6f96b3Cc08D,28,0x3a8d7830fecD095682572e09B9905da4B57E7A72
84,1387,0x0A9393037EfbE0Bb0250241f3CD73518f9e30ad8,28,0x3a8d7830fecD095682572e09B9905da4B57E7A72
84,1420,0x1462fcce72Eff05e17bc68D5B67aa2091Fa587C1,28,0x3a8d7830fecD095682572e09B9905da4B57E7A72
84,1467,0x9EE4F536026F3653D40f27703568A4B69b9A064b,28,0x3a8d7830fecD095682572e09B9905da4B57E7A72
84,1494,0x72b5d477a73cB2D9F3e6d85DA1f2Ec753A4F4f7f,28,0x3a8d7830fecD095682572e09B9905da4B57E7A72
84,1536,0xfBB5e140770480e6AC8745Ab6faD131c5EdB56Ac,28,0x3a8d7830fecD095682572e09B9905da4B57E7A72
84,1537,0x6683C533b44Dfa7895E0F78127583c89fd378201,28,0x3a8d7830fecD095682572e09B9905da4B57E7A72
84,1631,0x832889e6Ad771AA1eeAB5e6e29a17ffFeCD4fa4f,28,0x3a8d7830fecD095682572e09B9905da4B57E7A72
84,1646,0xB02cdd9FDcb061Bb90c54A647241461B9Ea5D469,28,0x3a8d7830fecD095682572e09B9905da4B57E7A72
84,1652,0x39283D9963B861590ED8AC030E449CeC7D4425f4,28,0x3a8d7830fecD095682572e09B9905da4B57E7A72
84,1664,0x23628e0440cC438925C6E9AD1362A1C0783a0CF2,28,0x3a8d7830fecD095682572e09B9905da4B57E7A72
84,1690,0xCD3262941f203a25c4A84828Eb1cebd37F6E945E,28,0x3a8d7830fecD095682572e09B9905da4B57E7A72
84,1726,0x23BFE5fa79D03BBf3EFBC3A40eD85940F3b41150,28,0x3a8d7830fecD095682572e09B9905da4B57E7A72
84,1756,0x17C18aCbb6d79A75966812C0dAfdED3F1544071f,28,0x3a8d7830fecD095682572e09B9905da4B57E7A72
84,1783,0xC0eC7a7389e593e1Fe471B6E3473c5f323A7BF07,28,0x3a8d7830fecD095682572e09B9905da4B57E7A72
84,1794,0xf2aCFFdDc25f828D253c3552519b650F843e013b,28,0x3a8d7830fecD095682572e09B9905da4B57E7A72
84,1820,0x751802572564621DD0383B6680eF98497381aA2D,28,0x3a8d7830fecD095682572e09B9905da4B57E7A72
84,1846,0x3c0C6D3F959937FA41c082c0586dEC9A4A872A76,28,0x3a8d7830fecD095682572e09B9905da4B57E7A72
84,1847,0x50dcE09421FC986Eb761a4B866010b9C3D86d271,28,0x3a8d7830fecD095682572e09B9905da4B57E7A72
84,1864,0x112d63971D3B0c7E64F63208813A34FF076aA6A2,28,0x3a8d7830fecD095682572e09B9905da4B57E7A72
84,1888,0x86E2d932B9811D65f958d3b87E038Cea4BEE4BC4,28,0x3a8d7830fecD095682572e09B9905da4B57E7A72
84,1890,0xC36B587Cf93B052a39765E27D5BD5DB9A7028707,28,0x3a8d7830fecD095682572e09B9905da4B57E7A72
84,1899,0xF82Dd7CA853B56228865B484e5f3B19268135042,28,0x3a8d7830fecD095682572e09B9905da4B57E7A72
84,1938,0x5Da6c4dcc1b8C947E19940DaF14613a115Bb41Ba,28,0x3a8d7830fecD095682572e09B9905da4B57E7A72
84,1948,0xDc9bBeD93E0AEa39E3b8B39032e0090E8920a843,28,0x3a8d7830fecD095682572e09B9905da4B57E7A72
84,1968,0xA858a0CE9321D33cd2c2e6B5812a3cB20228dB6F,28,0x3a8d7830fecD095682572e09B9905da4B57E7A72
84,1974,0x9145635cD751A7C44bfAC19e7cA754Ab536ADE0A,28,0x3a8d7830fecD095682572e09B9905da4B57E7A72
84,1991,0x472275e437892653357D15C9FF8deA109Fb0A026,28,0x3a8d7830fecD095682572e09B9905da4B57E7A72
84,1996,0xC95b148F86Aa6A264Ff684b8c63c8186a82e51B9,28,0x3a8d7830fecD095682572e09B9905da4B57E7A72
84,1998,0x7F6c4957A0Ec90d67c33A60223cDcC1566E09430,28,0x3a8d7830fecD095682572e09B9905da4B57E7A72
84,2008,0x908286aBC713c29bc83CD47Ac23f91ad13A1D940,28,0x3a8d7830fecD095682572e09B9905da4B57E7A72
84,2020,0x8217467900AbbFE23641200745F9F51b7963fb68,28,0x3a8d7830fecD095682572e09B9905da4B57E7A72
84,2030,0x22C26b43eBB83F1B625912aaf6CAD0403D81Fe55,28,0x3a8d7830fecD095682572e09B9905da4B57E7A72
84,2045,0xf855d1366C64691FEF3C20c5d2C68254d08cc0f5,28,0x3a8d7830fecD095682572e09B9905da4B57E7A72
84,2049,0x3256541d3A186463B1D7179Df372bAFe5eC22D99,28,0x3a8d7830fecD095682572e09B9905da4B57E7A72
84,2071,0x74177d0a171c167652B42471d343B5a83b2a3b8d,28,0x3a8d7830fecD095682572e09B9905da4B57E7A72
84,2076,0x3619E8c114fA17E0049b701eA87AB77cfaABC956,28,0x3a8d7830fecD095682572e09B9905da4B57E7A72
84,2112,0xd25329D7FD6879c56f01c51C24900e65d3F37Da7,28,0x3a8d7830fecD095682572e09B9905da4B57E7A72
84,2236,0xC441b777286643E3214ADFfc72A873BAaA3AccD2,28,0x3a8d7830fecD095682572e09B9905da4B57E7A72
84,2258,0x0c7B31A60f7FEaF6Ff433fAbBEc88906a0D59157,28,0x3a8d7830fecD095682572e09B9905da4B57E7A72
84,2343,0x5C04122799768c715a22ab1CF9B1593A7fBea2DF,28,0x3a8d7830fecD095682572e09B9905da4B57E7A72
84,2363,0x81914F6C25f78d10542ceea4d00C3674623167B5,28,0x3a8d7830fecD095682572e09B9905da4B57E7A72
84,2373,0xA522e9B65215f88ac59E1aBE11a0b43694203b85,28,0x3a8d7830fecD095682572e09B9905da4B57E7A72
84,2378,0x1a6aF5E1D09aF112C83213c26C1F829cbC6448d1,28,0x3a8d7830fecD095682572e09B9905da4B57E7A72
84,2430,0x51B88Eb1b33547d266ac23AB505FA18C7bb710Dc,28,0x3a8d7830fecD095682572e09B9905da4B57E7A72
84,2472,0x1D63fa4Fe32a65C6Fd503E086A3102fE5C2C6107,28,0x3a8d7830fecD095682572e09B9905da4B57E7A72
84,2491,0x99029500b812C1E08f0bE4172F19aAFb89C3079F,28,0x3a8d7830fecD095682572e09B9905da4B57E7A72
84,2499,0xEe984b8A374aF1dE0Fe456aAbd8128d4920c8958,28,0x3a8d7830fecD095682572e09B9905da4B57E7A72
84,2504,0xb13c8F9E8EF5F2fAE2E91Ef1AD9C91B7d2669e14,28,0x3a8d7830fecD095682572e09B9905da4B57E7A72
84,2522,0x0c96cf0c352D6EB029e1F39Bae3e84FeF5144129,28,0x3a8d7830fecD095682572e09B9905da4B57E7A72
84,2574,0xdA82da15C34B1C9B07CE7d6E7EBDf361eD80Fc4b,28,0x3a8d7830fecD095682572e09B9905da4B57E7A72
84,2644,0xb094ADc175c1AE039859271f71498950C548FfC9,28,0x3a8d7830fecD095682572e09B9905da4B57E7A72
84,2645,0xAB7545f666D49F22f52CD1cc7E42853c4b177c1B,28,0x3a8d7830fecD095682572e09B9905da4B57E7A72
84,2708,0xe2B960EF875C8FAf0F0F25308Ac4C5E1233Eb88D,28,0x3a8d7830fecD095682572e09B9905da4B57E7A72
84,2710,0x406DbF3f9b9a9235f18f28ceDC15FAfE59491ec5,28,0x3a8d7830fecD095682572e09B9905da4B57E7A72
84,2715,0xe24294acEaF2FCB8188495c813B7A96441F984f5,28,0x3a8d7830fecD095682572e09B9905da4B57E7A72
84,2728,0x36F9B2E0A55206a3946C60bA04A782CBd3fA71CD,28,0x3a8d7830fecD095682572e09B9905da4B57E7A72
84,2746,0x5204E00C8EC3E406e77f3EB6Fb77522eEaF4254D,28,0x3a8d7830fecD095682572e09B9905da4B57E7A72
84,2853,0xa79ad55171df576bf1d3Db6D5BB3c844a49f1085,28,0x3a8d7830fecD095682572e09B9905da4B57E7A72
84,2856,0xc0Aed83aBf1D34B245e62498Bb669149a8d67eD6,28,0x3a8d7830fecD095682572e09B9905da4B57E7A72
84,2962,0xD826764224A35107c595A8a5e0bba1aa28a6f4a8,28,0x3a8d7830fecD095682572e09B9905da4B57E7A72
84,2966,0x0a8913C7EC2d6048be20D7F2F909A728001AcA89,28,0x3a8d7830fecD095682572e09B9905da4B57E7A72
84,2975,0x4fAD4e2Ad772eb81E8C1Edc2c3ae21ad6150c173,28,0x3a8d7830fecD095682572e09B9905da4B57E7A72
96,55,0x7219af46427896b78b06DDdc5ae5bBF6ab1cedC4,30,0x53E2cd2641435bbCc441cA6FCE21520206fe70f5
96,58,0x4eeBBD1CEaEC72368E41E7be39032c18D390a586,30,0x53E2cd2641435bbCc441cA6FCE21520206fe70f5
96,65,0xB55Be6569A72B2946A439f18e13d55Cf697078ce,30,0x53E2cd2641435bbCc441cA6FCE21520206fe70f5
96,69,0xe945CfFEB1CFE93221d5DaaaA0d1A65bE3c2b2c5,30,0x53E2cd2641435bbCc441cA6FCE21520206fe70f5
96,94,0xd28518e2B7d42e27069cD1e30Cd685f6C64D093B,30,0x53E2cd2641435bbCc441cA6FCE21520206fe70f5
96,101,0x53EC9b1655bd7cd12c6A61B14416E8e869d0A2b3,30,0x53E2cd2641435bbCc441cA6FCE21520206fe70f5
96,115,0x58B1eF33B0b9c0b5226282942794e2Fca8d9af82,30,0x53E2cd2641435bbCc441cA6FCE21520206fe70f5
96,133,0x2c6AB186729bf9520FBA250ed5e171f55f8A13eb,30,0x53E2cd2641435bbCc441cA6FCE21520206fe70f5
96,161,0x4D62C08b728067B8CAdDD4a119aA6879Dfd8466D,30,0x53E2cd2641435bbCc441cA6FCE21520206fe70f5
96,230,0x8E440a65B68cD341BcC992159309c29f31667196,30,0x53E2cd2641435bbCc441cA6FCE21520206fe70f5
96,257,0x473481312bcF1d188fBe748a87332C8E0890d169,30,0x53E2cd2641435bbCc441cA6FCE21520206fe70f5
96,283,0xfcC4c29f1ea0B0671190FeE2Da112305b2A39130,30,0x53E2cd2641435bbCc441cA6FCE21520206fe70f5
96,305,0xA276dacd2fFb63Dd56Abe008fFe7D5B8273cC0d0,30,0x53E2cd2641435bbCc441cA6FCE21520206fe70f5
96,318,0xFAF2c66a2e1241E72E30F31618eA2c1caBa0Ec29,30,0x53E2cd2641435bbCc441cA6FCE21520206fe70f5
96,327,0x074F39F92cde9d4425df4Fd13724cB57e07DeEF0,30,0x53E2cd2641435bbCc441cA6FCE21520206fe70f5
96,350,0x56713504F40a122d91E58B8c209D489379e930Dd,30,0x53E2cd2641435bbCc441cA6FCE21520206fe70f5
96,382,0x92f23b853595cE6bbfe06dD4De7250fCde82d818,30,0x53E2cd2641435bbCc441cA6FCE21520206fe70f5
96,409,0x503E5aa3a4Dddf93B0BE896Da71bC6AB13B63706,30,0x53E2cd2641435bbCc441cA6FCE21520206fe70f5
96,415,0x52Db2730f568153B3D0feDf18CEc7B5FdE3E9524,30,0x53E2cd2641435bbCc441cA6FCE21520206fe70f5
96,482,0x82332B7e99db4ec9C07FBCEcadCFC4bd67B57995,30,0x53E2cd2641435bbCc441cA6FCE21520206fe70f5
96,493,0x2A9B699b4cfdD0eEABFE11Bf833316FaAA672D42,30,0x53E2cd2641435bbCc441cA6FCE21520206fe70f5
96,542,0x5742bfa52587885497f1Bfc8C567E38243166B16,30,0x53E2cd2641435bbCc441cA6FCE21520206fe70f5
96,565,0xFa9115a9cbc77f61c6Fff97B86bFA45707Bf0001,30,0x53E2cd2641435bbCc441cA6FCE21520206fe70f5
96,585,0xE693D8F2704A96bbcfB6E9AE6398BA98a473B396,30,0x53E2cd2641435bbCc441cA6FCE21520206fe70f5
96,607,0x946058c015152d69740c6d40E8AA553b430734FB,30,0x53E2cd2641435bbCc441cA6FCE21520206fe70f5
96,632,0x03E7F064c8aD4Ae982B4Ce041b7dad82Cb163E80,30,0x53E2cd2641435bbCc441cA6FCE21520206fe70f5
96,662,0xeA4FeB27d3192C6A8BCF4487CB7cE0b5b34573e7,30,0x53E2cd2641435bbCc441cA6FCE21520206fe70f5
96,673,0x6F43580F9210103a046F4632692749139c9ca135,30,0x53E2cd2641435bbCc441cA6FCE21520206fe70f5
96,675,0x4eE64855Abe3892ABdec3a0A0272290d9b805DCC,30,0x53E2cd2641435bbCc441cA6FCE21520206fe70f5
96,676,0x8f3fF3977E88730933D00bA21f1da70DC823FcEd,30,0x53E2cd2641435bbCc441cA6FCE21520206fe70f5
96,701,0xCb035Bfb20E8F0c7C0f1E844AA63d47f3524a50f,30,0x53E2cd2641435bbCc441cA6FCE21520206fe70f5
96,718,0x909397aBec49320916222c09E00a6D32984141F2,30,0x53E2cd2641435bbCc441cA6FCE21520206fe70f5
96,760,0x64E36289C644C127Fda725B3779Fbf17C1BC7cBb,30,0x53E2cd2641435bbCc441cA6FCE21520206fe70f5
96,762,0x3e6168B96cDE6d8c5f886eeC720642Fc6d1bfa0b,30,0x53E2cd2641435bbCc441cA6FCE21520206fe70f5
96,780,0x18A58443486a03D8a5d6097095D5D00FD9C197ac,30,0x53E2cd2641435bbCc441cA6FCE21520206fe70f5
96,796,0x319a3567021B1eC70087B89405693bAd3F9D29f3,30,0x53E2cd2641435bbCc441cA6FCE21520206fe70f5
96,801,0x2239F4c9F857ea40D2B76Aa811c0AdD340B1B03e,30,0x53E2cd2641435bbCc441cA6FCE21520206fe70f5
96,803,0x78BA896c49676F3A271455acD14Cd4aFF5c096d4,30,0x53E2cd2641435bbCc441cA6FCE21520206fe70f5
96,810,0x5a2a3092263c2ea4B3C7632C6bBD4bcB52B6E9BC,30,0x53E2cd2641435bbCc441cA6FCE21520206fe70f5
96,845,0xafc235E2F8ee9350889989f52ab7fFAd9E6367dC,30,0x53E2cd2641435bbCc441cA6FCE21520206fe70f5
96,847,0x1f9D58cEE54E7E118454Ede226d0eF588ec20AE6,30,0x53E2cd2641435bbCc441cA6FCE21520206fe70f5
96,850,0xE93C569d943A7F6AB9c240E7d6622732350F17b7,30,0x53E2cd2641435bbCc441cA6FCE21520206fe70f5
96,852,0x2249FA2C96aCA6DCEf59e5d50eD48F16707234B9,30,0x53E2cd2641435bbCc441cA6FCE21520206fe70f5
96,867,0xAF1c1622F10D55Dbb265355c31df5eC6E9931f70,30,0x53E2cd2641435bbCc441cA6FCE21520206fe70f5
96,871,0xAF83328a243aB51fc7d1025D3Ac96De56798372b,30,0x53E2cd2641435bbCc441cA6FCE21520206fe70f5
96,874,0x18dB823d1671113bb98a610cD1D4BeB499CB23cA,30,0x53E2cd2641435bbCc441cA6FCE21520206fe70f5
96,895,0x6D6b76e9b213109aAa300D30E81B7bE85d593469,30,0x53E2cd2641435bbCc441cA6FCE21520206fe70f5
96,907,0xf6A689f473E9851FdDc2996d0aEe7718AA1210aE,30,0x53E2cd2641435bbCc441cA6FCE21520206fe70f5
96,951,0x16A7a78189988bB7EDC7eBA39A7369fADE0f4EA3,30,0x53E2cd2641435bbCc441cA6FCE21520206fe70f5
96,961,0x502C55783EA22AdcF50F070e34e8C78353F3BaAC,30,0x53E2cd2641435bbCc441cA6FCE21520206fe70f5
96,973,0xa370A7Fb2ae0E32cE328Dda55B307d4F3cfe658f,30,0x53E2cd2641435bbCc441cA6FCE21520206fe70f5
96,1000,0x9AA4004d540E0Ce9E7959300a38Ca22512934736,30,0x53E2cd2641435bbCc441cA6FCE21520206fe70f5
96,1011,0xAf749C389de8661857815bcBBf5bA738E21C883D,30,0x53E2cd2641435bbCc441cA6FCE21520206fe70f5
96,1060,0xfED604f9b85cc15f30695Ad4cD740Ff15801aEdc,30,0x53E2cd2641435bbCc441cA6FCE21520206fe70f5
96,1069,0xc454577B327081FF2faB806ba7c23223233FA9f3,30,0x53E2cd2641435bbCc441cA6FCE21520206fe70f5
96,1085,0xa805CacCDa72556627Cb665A07eF9132AC6B7b44,30,0x53E2cd2641435bbCc441cA6FCE21520206fe70f5
96,1088,0x874eD5D80819678433485f29CC066ae79571f341,30,0x53E2cd2641435bbCc441cA6FCE21520206fe70f5
96,1102,0x73Dcd8E487a753C3949d18cec7Da82A1dcFb4f0E,30,0x53E2cd2641435bbCc441cA6FCE21520206fe70f5
96,1125,0x23Fc9ECEB52c200E04Bd3dDC4B109E00b9844D57,30,0x53E2cd2641435bbCc441cA6FCE21520206fe70f5
96,1129,0x46eA34e682068041A0699F08efFC3D7004C84f0F,30,0x53E2cd2641435bbCc441cA6FCE21520206fe70f5
96,1140,0xc7e13AD66b9872AA033554EE409D1748bEb74f8f,30,0x53E2cd2641435bbCc441cA6FCE21520206fe70f5
96,1195,0x4C8aAD6eAdecf0b6F341c4e88ABf2e903283AdD6,30,0x53E2cd2641435bbCc441cA6FCE21520206fe70f5
96,1197,0x7885934eec9cDcC70F2dbF85162189d55E5889EC,30,0x53E2cd2641435bbCc441cA6FCE21520206fe70f5
96,1287,0x71cCf3faeC2dd807b2E65c0071BBc7467888DF17,30,0x53E2cd2641435bbCc441cA6FCE21520206fe70f5
96,1330,0x7f706303178a2250E00AA0deD57b6125925DBC9C,30,0x53E2cd2641435bbCc441cA6FCE21520206fe70f5
96,1334,0x6F2611eC0860da64c8E8Cb10422860F056a056FE,30,0x53E2cd2641435bbCc441cA6FCE21520206fe70f5
96,1335,0x7C12f97eDFee23F8382bb03c64197D4ebBe17851,30,0x53E2cd2641435bbCc441cA6FCE21520206fe70f5
96,1374,0x9BC7e4ed67B837e3359f35099b3e340e1B148fAd,30,0x53E2cd2641435bbCc441cA6FCE21520206fe70f5
96,1380,0xbAC2079Cf71CDEc55DbB39Aac356b85bEd50097f,30,0x53E2cd2641435bbCc441cA6FCE21520206fe70f5
96,1384,0xa4973F896139088aA36f96FDB07a0A00623Cd8Bf,30,0x53E2cd2641435bbCc441cA6FCE21520206fe70f5
96,1385,0xD64EF057379AaCf82f996E48CaB710a8307aA5E2,30,0x53E2cd2641435bbCc441cA6FCE21520206fe70f5
96,1401,0xFC6236D4e8a29D8c1950E715d76797cAe45520d9,30,0x53E2cd2641435bbCc441cA6FCE21520206fe70f5
96,1410,0x74250d4124eCD8Ede0FfE7cb88c5E7b840624288,30,0x53E2cd2641435bbCc441cA6FCE21520206fe70f5
96,1448,0x1548f26e3D44C6571fE83759F2e87c63B4ba1D4B,30,0x53E2cd2641435bbCc441cA6FCE21520206fe70f5
96,1484,0x5fC098e117CA6B835e84D6dC7792679E81dA5549,30,0x53E2cd2641435bbCc441cA6FCE21520206fe70f5
96,1524,0xFC0072A905271AdF003376d650d9Dd4280f50241,30,0x53E2cd2641435bbCc441cA6FCE21520206fe70f5
96,1586,0xD353cb9325D940Be7e6b34728e195C239a30694d,30,0x53E2cd2641435bbCc441cA6FCE21520206fe70f5
96,1630,0x2C2215a0BCb2F43dE0314026236A1bB4DD136331,30,0x53E2cd2641435bbCc441cA6FCE21520206fe70f5
96,1641,0x19863c4CA0b914A5DE91f481D036081A9ecBA0Df,30,0x53E2cd2641435bbCc441cA6FCE21520206fe70f5
96,1647,0x09B89B5C0bEb6d718A9CAc9860BF61Ebcc61D53D,30,0x53E2cd2641435bbCc441cA6FCE21520206fe70f5
96,1651,0x7df5dAA92f90F5bA64A14E73879B3c628595bFe4,30,0x53E2cd2641435bbCc441cA6FCE21520206fe70f5
96,1738,0xf4216CF2f3415E15878CAd33257ddcdfec6F3e8A,30,0x53E2cd2641435bbCc441cA6FCE21520206fe70f5
96,1824,0xa38F8948fC656D6827583E2C5b64315e2176527d,30,0x53E2cd2641435bbCc441cA6FCE21520206fe70f5
96,1843,0xdCaD8c2a12d25619B3A06817B4340061F8A7311D,30,0x53E2cd2641435bbCc441cA6FCE21520206fe70f5
96,1854,0xf6F5736F966E5542AD8156C84d1D5393487a0f98,30,0x53E2cd2641435bbCc441cA6FCE21520206fe70f5
96,1859,0x4d8744527935515fa9E045dB7Ca57ABc9b3E5b66,30,0x53E2cd2641435bbCc441cA6FCE21520206fe70f5
96,1877,0x8d8Ecb3c1Cc347f1aA5e328A05b671bD126E0d11,30,0x53E2cd2641435bbCc441cA6FCE21520206fe70f5
96,1879,0x1Ad9547EaFb53EB4C8847B1b27fe3296D9BF952c,30,0x53E2cd2641435bbCc441cA6FCE21520206fe70f5
96,1885,0xA1A2a61969837E937179367CDfe9d9Ea7B65591A,30,0x53E2cd2641435bbCc441cA6FCE21520206fe70f5
96,1896,0x35BbAc69061818585953C57639c79C2d4e4Ea87E,30,0x53E2cd2641435bbCc441cA6FCE21520206fe70f5
96,1908,0x335101C7D981dE186152E64E5C1ce9d44C9A5D80,30,0x53E2cd2641435bbCc441cA6FCE21520206fe70f5
96,1918,0x04c76532C42a675A0A7Ca4bfC345f26f85AB93dc,30,0x53E2cd2641435bbCc441cA6FCE21520206fe70f5
96,1943,0x3d79F4f3C65B0Ba8a4909CCfB1bF45846f8642D0,30,0x53E2cd2641435bbCc441cA6FCE21520206fe70f5
96,2021,0x171E42FeC2A43D42c18e9818E7c5D58bE2B428b0,30,0x53E2cd2641435bbCc441cA6FCE21520206fe70f5
96,2051,0x33eBF76aB7E8a9EC637EFc0aF1f8CB7d5A1bEd7F,30,0x53E2cd2641435bbCc441cA6FCE21520206fe70f5
96,2061,0xDBe93231D279a6B8AB9444B3055Ff10E7380b2Ea,30,0x53E2cd2641435bbCc441cA6FCE21520206fe70f5
96,2067,0xA970f5E459b226192c41Bf2d9C23adDF689DF985,30,0x53E2cd2641435bbCc441cA6FCE21520206fe70f5
96,2135,0x9b8ab99F1D4406D16e43e58566186cc84D38Fbc3,30,0x53E2cd2641435bbCc441cA6FCE21520206fe70f5
96,2166,0x26Ac83Eeb79573C1D361Ee0b0e976A9FC3619540,30,0x53E2cd2641435bbCc441cA6FCE21520206fe70f5
96,2177,0xe5c19Ff4ec4e3BfbB80Ab01Be6a33c0285D09E61,30,0x53E2cd2641435bbCc441cA6FCE21520206fe70f5
96,2219,0xF8872A259e3E57c9df2C78f0337bc0858dDbe408,30,0x53E2cd2641435bbCc441cA6FCE21520206fe70f5
96,2237,0x8459dA804D7ae1F91B5C3AcdC9e2dB9403692285,30,0x53E2cd2641435bbCc441cA6FCE21520206fe70f5
96,2245,0x477b6Cf967F42fa72A918a54926eEa5C2b2045c3,30,0x53E2cd2641435bbCc441cA6FCE21520206fe70f5
96,2276,0xf5a68b021BF616B5bA2061a999De900A98caC83a,30,0x53E2cd2641435bbCc441cA6FCE21520206fe70f5
96,2288,0x1495E59575ba96a14e6B4fA625366A531336a3E7,30,0x53E2cd2641435bbCc441cA6FCE21520206fe70f5
96,2331,0x0Ff4482A391CB4aa1b5A68e73086e99432b9A50A,30,0x53E2cd2641435bbCc441cA6FCE21520206fe70f5
96,2341,0x6F870bB06201a704D5b7Edf3c69D1949Cc745C27,30,0x53E2cd2641435bbCc441cA6FCE21520206fe70f5
96,2359,0xe3cAF4fe62cD321d55916BC8511F41Cc52d093f8,30,0x53E2cd2641435bbCc441cA6FCE21520206fe70f5
96,2360,0xe37DCEfc6aC29B35D0fD952f505a1A6987271b32,30,0x53E2cd2641435bbCc441cA6FCE21520206fe70f5
96,2364,0x71e124FD364e2246Af23bE3ACCa620DA00d475d6,30,0x53E2cd2641435bbCc441cA6FCE21520206fe70f5
96,2368,0x05aA96fD9AF052333EA5C391a1Faeb22800af131,30,0x53E2cd2641435bbCc441cA6FCE21520206fe70f5
96,2388,0x1DEf191d5C4CeE9662658F643c1B6D9Bf9C4f1cd,30,0x53E2cd2641435bbCc441cA6FCE21520206fe70f5
96,2404,0xB2E6B4D0C10d20fb783c58aD143Bb5e03fbEEF89,30,0x53E2cd2641435bbCc441cA6FCE21520206fe70f5
96,2415,0x839Cf162932fdA8094983675d0f67f79509736b8,30,0x53E2cd2641435bbCc441cA6FCE21520206fe70f5
96,2433,0x0bB00C23Dba9e5e151dde1Ec0Dd6C4Ac463Bedc5,30,0x53E2cd2641435bbCc441cA6FCE21520206fe70f5
96,2436,0x37b3a366451458C7f9Ff4E2e7F67BCd711EEBE4E,30,0x53E2cd2641435bbCc441cA6FCE21520206fe70f5
96,2445,0x672C1432e08b2b45d446CDb1211235E38531Ead6,30,0x53E2cd2641435bbCc441cA6FCE21520206fe70f5
96,2511,0x64063563199A9b551650460fb507A21e09bf54a2,30,0x53E2cd2641435bbCc441cA6FCE21520206fe70f5
96,2583,0xD5a50E571abd31b6802A93DCe079f4179AFF81a8,30,0x53E2cd2641435bbCc441cA6FCE21520206fe70f5
96,2595,0x3C1b93ff0532950dce0a475A6a9d51dd284f7EED,30,0x53E2cd2641435bbCc441cA6FCE21520206fe70f5
96,2605,0x5D7fd68ca6782c752876Cff05047602651EA1aF9,30,0x53E2cd2641435bbCc441cA6FCE21520206fe70f5
96,2661,0x353287f9175D4c421ea998db00241F57b9822981,30,0x53E2cd2641435bbCc441cA6FCE21520206fe70f5
96,2667,0xac64120443d56c304E789E27Ca1540dE3D3Df7DF,30,0x53E2cd2641435bbCc441cA6FCE21520206fe70f5
96,2680,0x98a64f031100564e12B8D56295557927e47F38eB,30,0x53E2cd2641435bbCc441cA6FCE21520206fe70f5
96,2703,0x27fA6bd595B425BfaF2F3AA84a15C782e7F5762d,30,0x53E2cd2641435bbCc441cA6FCE21520206fe70f5
96,2709,0x06c853e56B957e341E6f76e55d0b8682e22EE55b,30,0x53E2cd2641435bbCc441cA6FCE21520206fe70f5
96,2731,0x76dE05c4273515b43c1b07A88cC8384FBD150755,30,0x53E2cd2641435bbCc441cA6FCE21520206fe70f5
96,2742,0x5B429843BE07f88CF38DfF8311f7664ba8673ed6,30,0x53E2cd2641435bbCc441cA6FCE21520206fe70f5
96,2756,0xAb664927d3F41e0818206929338ac2a59d50F3eF,30,0x53E2cd2641435bbCc441cA6FCE21520206fe70f5
96,2784,0xA9D8E13151C6c7D7085c7b3e93b305798159199C,30,0x53E2cd2641435bbCc441cA6FCE21520206fe70f5
96,2811,0x5BACbc60774bF75821971C0BEa2e3A5323102e83,30,0x53E2cd2641435bbCc441cA6FCE21520206fe70f5
96,2863,0x1c152edAd97820d1BF5fd1A1C7d30E67df309B73,30,0x53E2cd2641435bbCc441cA6FCE21520206fe70f5
96,2878,0x66A56623EF21c335f5Ca06F6A199c27db5487D8F,30,0x53E2cd2641435bbCc441cA6FCE21520206fe70f5
96,2883,0x66fFa3b11B6bd9512FbcA550AFc61f4Da3554785,30,0x53E2cd2641435bbCc441cA6FCE21520206fe70f5
96,2891,0x9d2DF02e7ECbAd901a0049DFdE6267c18cb52aDD,30,0x53E2cd2641435bbCc441cA6FCE21520206fe70f5
96,2901,0xfcdD298c24D53Fc78047d845f450fB81A1D0D3d0,30,0x53E2cd2641435bbCc441cA6FCE21520206fe70f5
96,2968,0x607F9D28D6fcDD441B59CC76e7d4237Cd6cB2Bd2,30,0x53E2cd2641435bbCc441cA6FCE21520206fe70f5
101,16,0x2Db63d2229EE99523dDBa140d93524c2cd5335CF,28,0x3a8d7830fecD095682572e09B9905da4B57E7A72
101,66,0x9d068E8DF511Eb848f94D8cA6F18425E4Ad92A80,28,0x3a8d7830fecD095682572e09B9905da4B57E7A72
101,91,0xa4A1D6CBA1E874Fd382Fda073e627777b6D681A9,28,0x3a8d7830fecD095682572e09B9905da4B57E7A72
101,113,0xb62f69116f6a5787f90c0F9B19A6909ADF9ACc9A,28,0x3a8d7830fecD095682572e09B9905da4B57E7A72
101,119,0x8a0887211D37dB02fAd06ed0AC7316D0ebf891f0,28,0x3a8d7830fecD095682572e09B9905da4B57E7A72
101,125,0x9DdD73EDE2e077F00716c288Fd00C4617e74e504,28,0x3a8d7830fecD095682572e09B9905da4B57E7A72
101,146,0x821A130AF80D458E0121DA52718beAc9237597Cb,28,0x3a8d7830fecD095682572e09B9905da4B57E7A72
101,254,0x35432dE3Ea229Cf480A9C3C87BB062184eE3f50E,28,0x3a8d7830fecD095682572e09B9905da4B57E7A72
101,264,0xFA58612D7456EE7Bae00721660E583ccE7BAE39C,28,0x3a8d7830fecD095682572e09B9905da4B57E7A72
101,353,0xa6E4f42D5333ea3061b836C673aFd1Db3bc81c14,28,0x3a8d7830fecD095682572e09B9905da4B57E7A72
101,379,0xB5D5CDB633AB7975DeD923C14F71C2F0B3dbeb65,28,0x3a8d7830fecD095682572e09B9905da4B57E7A72
101,398,0xD6D887f1f2b764D8f8Bd5DA69ceF380803f0Ae95,28,0x3a8d7830fecD095682572e09B9905da4B57E7A72
101,439,0x55A925Bfb3bd5FABbff1000caf35e92486195b33,28,0x3a8d7830fecD095682572e09B9905da4B57E7A72
101,457,0x20D5cf21d2F87d9d6e1FAaEdCee757011c3A2FE1,28,0x3a8d7830fecD095682572e09B9905da4B57E7A72
101,511,0x688449Dfbb6522c90E61e6BccEd96011B866851A,28,0x3a8d7830fecD095682572e09B9905da4B57E7A72
101,622,0xCD012217E7067Aeb7afB66470ADc3aee7FCDF515,28,0x3a8d7830fecD095682572e09B9905da4B57E7A72
101,721,0x3e0EF1c5A744B2512C14064AD646365848BBA54C,28,0x3a8d7830fecD095682572e09B9905da4B57E7A72
101,748,0x47D1Ac78Ed070b29FB4882c4Af95A2e20830301a,28,0x3a8d7830fecD095682572e09B9905da4B57E7A72
101,785,0x0140bA71f72F5f0FA09010ab70d2AEb66F60A418,28,0x3a8d7830fecD095682572e09B9905da4B57E7A72
101,804,0xD850B7D89847BaE9D2d50c78C0b1721a27E53165,28,0x3a8d7830fecD095682572e09B9905da4B57E7A72
101,815,0xcd575370764E8C9089cEEcdEc7Bc176860723A62,28,0x3a8d7830fecD095682572e09B9905da4B57E7A72
101,832,0x4118f71824edC656DDf282e7dd48dfF6Ff4cfB6f,28,0x3a8d7830fecD095682572e09B9905da4B57E7A72
101,837,0xbC910CB9Cf6331Ad8186027D6b79Ea15CD38C41d,28,0x3a8d7830fecD095682572e09B9905da4B57E7A72
101,844,0x0E86bcE27c1667dC1B2c68376E4e8f02038E4277,28,0x3a8d7830fecD095682572e09B9905da4B57E7A72
101,863,0xFd70A0eBCa57E1B9F766e0D5845CF1791dEeC4dF,28,0x3a8d7830fecD095682572e09B9905da4B57E7A72
101,886,0x50c46FBa52A994Ef1b83cd93fa0ab1c4a7bE3141,28,0x3a8d7830fecD095682572e09B9905da4B57E7A72
101,897,0xC5b0043Bf275f99B5AdE98cc69510fC05ed3a1ac,28,0x3a8d7830fecD095682572e09B9905da4B57E7A72
101,924,0x8efFA5BF8b4b1Dd1029c94495C8dd8Db4cf94caf,28,0x3a8d7830fecD095682572e09B9905da4B57E7A72
101,929,0xE231D4F4AF93005EBcd61fA63f340FC621789910,28,0x3a8d7830fecD095682572e09B9905da4B57E7A72
101,942,0x2B46976F778983E62318D92e91005261Efa054dC,28,0x3a8d7830fecD095682572e09B9905da4B57E7A72
101,970,0x8Aa41EE3Fe75a07C196A2FC81Fcb418AF8c27C3f,28,0x3a8d7830fecD095682572e09B9905da4B57E7A72
101,989,0x0306f277399e05A94f54416D1E7975B29649C1e9,28,0x3a8d7830fecD095682572e09B9905da4B57E7A72
101,1098,0xB714535e97D122704bF4cF9b9b29ce3C18287a71,28,0x3a8d7830fecD095682572e09B9905da4B57E7A72
101,1116,0xE16D105087E40E151c8cD2A5F0C990131674d721,28,0x3a8d7830fecD095682572e09B9905da4B57E7A72
101,1130,0x8DA79eB26414B6cB476275E037191d360125C9B8,28,0x3a8d7830fecD095682572e09B9905da4B57E7A72
101,1143,0x2AF365a5dC124422EB26DE04843347e488d39D2a,28,0x3a8d7830fecD095682572e09B9905da4B57E7A72
101,1192,0x20706E2dBA58E4Eec47DE8a1CFB9389f89B0b11d,28,0x3a8d7830fecD095682572e09B9905da4B57E7A72
101,1239,0x83c472a647c19048008F6EcAC8873de0188916D4,28,0x3a8d7830fecD095682572e09B9905da4B57E7A72
101,1319,0x3dfBf8d367F132BE0FF2eC8767f8cf44fbB989E6,28,0x3a8d7830fecD095682572e09B9905da4B57E7A72
101,1322,0x252B04F1d31B8acCB345BE1AdB4E0CeF54d09fb8,28,0x3a8d7830fecD095682572e09B9905da4B57E7A72
101,1378,0x14D469aaf00d1812a6605d9255C035094E394650,28,0x3a8d7830fecD095682572e09B9905da4B57E7A72
101,1407,0x0F8b8b07d92D8B4bB22fE2C4063CC2291E64795b,28,0x3a8d7830fecD095682572e09B9905da4B57E7A72
101,1429,0x325600A2dF0e9BECACfCb2fec5C408A54d891B57,28,0x3a8d7830fecD095682572e09B9905da4B57E7A72
101,1528,0x8f95C5024b491830b7baf297490b3b1083c5b2C3,28,0x3a8d7830fecD095682572e09B9905da4B57E7A72
101,1535,0x0a5Cc71d4671186F4DD5dc23d906167DDa7433CD,28,0x3a8d7830fecD095682572e09B9905da4B57E7A72
101,1548,0xfbf0D090448728c126fD9ecb9CCd37E8b518B7AD,28,0x3a8d7830fecD095682572e09B9905da4B57E7A72
101,1575,0x7f7300a053A1193C69cf68450bdd50a1bccE8C49,28,0x3a8d7830fecD095682572e09B9905da4B57E7A72
101,1689,0xBE67B1283dE523E5f31fe5F4eB5823B7Dc5FAF55,28,0x3a8d7830fecD095682572e09B9905da4B57E7A72
101,1804,0xbd800F4Fb8B35f8EB512B955c13C43B075F21dA4,28,0x3a8d7830fecD095682572e09B9905da4B57E7A72
101,1934,0x0464c261EdBf46c8F075B2f746F66d9569c57dEa,28,0x3a8d7830fecD095682572e09B9905da4B57E7A72
101,1956,0x4c18F2589fDe50fca6Ea2c90441fdaFd09f3181E,28,0x3a8d7830fecD095682572e09B9905da4B57E7A72
101,2074,0xac3d62f453D1799AB3B5446865AcA1dE6362687a,28,0x3a8d7830fecD095682572e09B9905da4B57E7A72
101,2089,0x0eb3Cedaf8dadE1D0AFd3e95f213a13928921823,28,0x3a8d7830fecD095682572e09B9905da4B57E7A72
101,2095,0xe3E9A58802DCffE79AD6aA2a1a9f5e3F2575b654,28,0x3a8d7830fecD095682572e09B9905da4B57E7A72
101,2125,0x694721d906d822D4FCc890E108D004C3c3226de7,28,0x3a8d7830fecD095682572e09B9905da4B57E7A72
101,2147,0x7e8f5BA0FEe6ff5220691CFFd28EdE5e34ac8B3D,28,0x3a8d7830fecD095682572e09B9905da4B57E7A72
101,2159,0x5c07f9591720dfEedF768B31bF8BA697332c6A2d,28,0x3a8d7830fecD095682572e09B9905da4B57E7A72
101,2174,0x6044BAcE0dF2cd03F684C3653E7b4aeFf8840072,28,0x3a8d7830fecD095682572e09B9905da4B57E7A72
101,2216,0xa0E0d4F84B4F66DaD9Ff006e3726dA0616887e74,28,0x3a8d7830fecD095682572e09B9905da4B57E7A72
101,2233,0x328D05315290c11bF2E471d8Ae6Fd6a9246c5d2b,28,0x3a8d7830fecD095682572e09B9905da4B57E7A72
101,2282,0x4FE997E9D6B59393187Bd90693afCb5B209B590E,28,0x3a8d7830fecD095682572e09B9905da4B57E7A72
101,2347,0x079528392193802cdCA1664ECE763c150Cd7403c,28,0x3a8d7830fecD095682572e09B9905da4B57E7A72
101,2353,0x2a1fd3F7837FB53b306ab2F95Ae2D918e8aA2353,28,0x3a8d7830fecD095682572e09B9905da4B57E7A72
101,2418,0xe5A68111Ca76ba4381A7177e0B429591eDa528DD,28,0x3a8d7830fecD095682572e09B9905da4B57E7A72
101,2425,0x5BB9a47b8e183160075a38f9050725a29d3d81B0,28,0x3a8d7830fecD095682572e09B9905da4B57E7A72
101,2462,0xfabB59173d1497FE9C67E772E33a5fB93595A1b8,28,0x3a8d7830fecD095682572e09B9905da4B57E7A72
101,2502,0x46870623D3423845e1f97dAB9b8a6AbcE1Dc2541,28,0x3a8d7830fecD095682572e09B9905da4B57E7A72
101,2554,0x062dfaD9Ed2891f00C4017C85007882fb5643D66,28,0x3a8d7830fecD095682572e09B9905da4B57E7A72
101,2562,0x6969D85b0EfC61F64972166E6ACA3ee7ED830718,28,0x3a8d7830fecD095682572e09B9905da4B57E7A72
101,2584,0x7a5e8Db5aD1406cbf94A399273AE0C904a562415,28,0x3a8d7830fecD095682572e09B9905da4B57E7A72
101,2592,0x0bb8104eC850f403236b4FaDBD78FE4ef444B728,28,0x3a8d7830fecD095682572e09B9905da4B57E7A72
101,2607,0xe9c1c9F8b148807C1a0A1342ed19ca1dc5Fd5967,28,0x3a8d7830fecD095682572e09B9905da4B57E7A72
101,2620,0x601F2c77E94D665fe31bCD5FD1Aa87856eABd29e,28,0x3a8d7830fecD095682572e09B9905da4B57E7A72
101,2628,0xA3b1BeFac14cA0803bE392f28f342375Bf92E10E,28,0x3a8d7830fecD095682572e09B9905da4B57E7A72
101,2649,0x9bBF11C35CF8BCBE4795fd876cb58cD0Ed52D78E,28,0x3a8d7830fecD095682572e09B9905da4B57E7A72
101,2814,0x8fAcAD50796A798b733DE97F0d0D189D845f361D,28,0x3a8d7830fecD095682572e09B9905da4B57E7A72
101,2832,0xc73cB4b7C82A3dF7A5e85AdF368e48206f56320c,28,0x3a8d7830fecD095682572e09B9905da4B57E7A72
101,2870,0x904cF3451ceBA763b9fc5d3175275ec63E3d2caA,28,0x3a8d7830fecD095682572e09B9905da4B57E7A72
101,2955,0x23ABee464CcDb49c0fC5e3782ee128B087FE513D,28,0x3a8d7830fecD095682572e09B9905da4B57E7A72
101,2982,0x52F39B6359B583B5d9D1041e321e536A51481c63,28,0x3a8d7830fecD095682572e09B9905da4B57E7A72
287,1,0xFA17D9fB2c192d677fAdDDBdBbc8f4Fdc58e6C4c,460,0xE98b036e15318D1bd89A933eED33Bee42692cF43
287,9,0xB7c452539Fdd21120F4EbE4f74d642897E968Ffb,460,0xE98b036e15318D1bd89A933eED33Bee42692cF43
287,56,0x0D017de5bC4344090Ef947706b68f2C583669445,460,0xE98b036e15318D1bd89A933eED33Bee42692cF43
287,74,0x8cbfC5037337d6338BC5B11A55E58C896f17294b,460,0xE98b036e15318D1bd89A933eED33Bee42692cF43
287,84,0xA4c383C30F697AFAf6a56B58B8fb3528EB1358bB,460,0xE98b036e15318D1bd89A933eED33Bee42692cF43
287,108,0x003e2f1683990DB38C194FbD8C011F6e58Eb534f,460,0xE98b036e15318D1bd89A933eED33Bee42692cF43
287,184,0xDd876203AC1FB3FeEf9b5Bc2d7b1dE4021A4d2E6,460,0xE98b036e15318D1bd89A933eED33Bee42692cF43
287,193,0xd63EBfE15f9C434fB9877838567c493e5bfA716f,460,0xE98b036e15318D1bd89A933eED33Bee42692cF43
287,205,0xB464b801Ce9bCe3e2f1F92eAED7677F4080d0fC7,460,0xE98b036e15318D1bd89A933eED33Bee42692cF43
287,212,0x10214D02C8a14487298E6fc1E7461797dE1Cd2f2,460,0xE98b036e15318D1bd89A933eED33Bee42692cF43
287,226,0x4cf955843305a47A249B5E67181e13dcA7889b4F,460,0xE98b036e15318D1bd89A933eED33Bee42692cF43
287,255,0xF98d473DF35f48CE3b649b4DC280a32993eE09Df,460,0xE98b036e15318D1bd89A933eED33Bee42692cF43
287,294,0x436e3CDc40f95aDBdf2dC57387188E0655cD2279,460,0xE98b036e15318D1bd89A933eED33Bee42692cF43
287,297,0x1932207Fd419E99813C41d421377Dd111D7771e1,460,0xE98b036e15318D1bd89A933eED33Bee42692cF43
287,334,0x34527625789d645AFE2d9C8a13f86B45D5e92E7d,460,0xE98b036e15318D1bd89A933eED33Bee42692cF43
287,335,0x8402aF5D0626C1fbe95a7901aABe334801B06C72,460,0xE98b036e15318D1bd89A933eED33Bee42692cF43
287,337,0x1580026DE2fCfDf2Eb42b55B178bf81771e67F99,460,0xE98b036e15318D1bd89A933eED33Bee42692cF43
287,378,0xf1667a0c3907c5Ce4b53E38490E1Db2A4357D9d4,460,0xE98b036e15318D1bd89A933eED33Bee42692cF43
287,383,0x86dDb9c804fa2B9C84D6947E093D9d1B9B1C7768,460,0xE98b036e15318D1bd89A933eED33Bee42692cF43
287,441,0x6AB8C8E422A56A2ccdd0e25850c16A5c48Bf3522,460,0xE98b036e15318D1bd89A933eED33Bee42692cF43
287,446,0x3C3B358C4Cf741a653E56dec31026eD17bAa425a,460,0xE98b036e15318D1bd89A933eED33Bee42692cF43
287,461,0x8663aAe1b8EA6F7E01C71528674D92DDcC6F87f4,460,0xE98b036e15318D1bd89A933eED33Bee42692cF43
287,507,0xe67c6b061FfeFbEC1d4b29b6c8BbC2C7B69beA5C,460,0xE98b036e15318D1bd89A933eED33Bee42692cF43
287,509,0x47A0a248e2156179FDbBe0504713872F44319Ba7,460,0xE98b036e15318D1bd89A933eED33Bee42692cF43
287,520,0x77bF6d85Be463bbEEE47F6cEb1cbd320FEBdc335,460,0xE98b036e15318D1bd89A933eED33Bee42692cF43
287,592,0x9627de86D6E66DdfD1e9Db207460e30134Bac2D9,460,0xE98b036e15318D1bd89A933eED33Bee42692cF43
287,650,0x504682c31Af690E3e00c2F529842a3eadB2719a8,460,0xE98b036e15318D1bd89A933eED33Bee42692cF43
287,717,0x7bDFB6Cb0Ff23a50e9357BF60c056D734d612486,460,0xE98b036e15318D1bd89A933eED33Bee42692cF43
287,724,0x11f8cE50A3Cc51c19807186a1D8a90185c16D62F,460,0xE98b036e15318D1bd89A933eED33Bee42692cF43
287,727,0x9797D2325e93440F8de9AeA10A9bcf9ef8FF8d72,460,0xE98b036e15318D1bd89A933eED33Bee42692cF43
287,757,0x1FA706E047DF96B96ca038338F8aeDe549E673F7,460,0xE98b036e15318D1bd89A933eED33Bee42692cF43
287,759,0x8478e6c6E19f3d08b61Bd73c07f17307EF51beF8,460,0xE98b036e15318D1bd89A933eED33Bee42692cF43
287,824,0xedeF80770D06C3042BCd37eB07C24448534ea00e,460,0xE98b036e15318D1bd89A933eED33Bee42692cF43
287,870,0x348691fE2a80710c10Ccf41818f42D232765149d,460,0xE98b036e15318D1bd89A933eED33Bee42692cF43
287,875,0x1acD2DfCFcd054BcDb4600355C2c717396069Fa1,460,0xE98b036e15318D1bd89A933eED33Bee42692cF43
287,888,0x64d94429d0Ef0E941CA4E4a78C05F0E514F2d5E7,460,0xE98b036e15318D1bd89A933eED33Bee42692cF43
287,899,0x79ca3cA7B3Cdf6742CeC5784ca30cEe5dE8b94b7,460,0xE98b036e15318D1bd89A933eED33Bee42692cF43
287,954,0xEf8b73Ec1Ccdf5B9D94153BBa3B598d1Bb81f72a,460,0xE98b036e15318D1bd89A933eED33Bee42692cF43
287,1050,0xc7D08088de9399f59aE9Afd56B1C99bab4bdA43E,460,0xE98b036e15318D1bd89A933eED33Bee42692cF43
287,1113,0x282f98Aa3B3a73688FD285dfB4a7CA4fd0983E57,460,0xE98b036e15318D1bd89A933eED33Bee42692cF43
287,1161,0x58781FD01428157A96cC0Cab9824832e768d623e,460,0xE98b036e15318D1bd89A933eED33Bee42692cF43
287,1191,0x3DA23eaEf0E5d74B50284915Bce2C12dA8C0D72e,460,0xE98b036e15318D1bd89A933eED33Bee42692cF43
287,1244,0xFefef1D3Ae81E0195cBfa7fCC6788eAD9a807B45,460,0xE98b036e15318D1bd89A933eED33Bee42692cF43
287,1246,0xe2281B037FECBD61110084d7844C8d8EB8AB915F,460,0xE98b036e15318D1bd89A933eED33Bee42692cF43
287,1259,0x1F43ce6a54338e325038342B391C301F0Cf65B3a,460,0xE98b036e15318D1bd89A933eED33Bee42692cF43
287,1270,0xF36c9157f60f21E849EfD003172B70509099746f,460,0xE98b036e15318D1bd89A933eED33Bee42692cF43
287,1280,0xf04a17AF0896A92593d65cD6bE131779c436D986,460,0xE98b036e15318D1bd89A933eED33Bee42692cF43
287,1290,0x542e40Db3DDec9ce434604bB3CAf3D8d73b6aca2,460,0xE98b036e15318D1bd89A933eED33Bee42692cF43
287,1331,0xb31731906fA37741a1A4b0Aa2d4F802046E69169,460,0xE98b036e15318D1bd89A933eED33Bee42692cF43
287,1346,0x6893113F3Dd8c9557eC5Bcf181F0253C105CD369,460,0xE98b036e15318D1bd89A933eED33Bee42692cF43
287,1360,0xec850Bc316Cd4685EBad18565b8E696124E887D4,460,0xE98b036e15318D1bd89A933eED33Bee42692cF43
287,1393,0x951f11B739c10645724d8763abD2b49d07c23371,460,0xE98b036e15318D1bd89A933eED33Bee42692cF43
287,1397,0xE8246955407760Ab509c801735C88851dF780ee6,460,0xE98b036e15318D1bd89A933eED33Bee42692cF43
287,1428,0xc7B5FC1c563a732f83D6f5e177C2acE014617cc4,460,0xE98b036e15318D1bd89A933eED33Bee42692cF43
287,1430,0xbbd8f188E6f506ebb61193359737830F3c7EaE9D,460,0xE98b036e15318D1bd89A933eED33Bee42692cF43
287,1503,0xd5Cd5D32b67F767D3CB6FFf90BD1C49FA996392A,460,0xE98b036e15318D1bd89A933eED33Bee42692cF43
287,1514,0xd08DB4A8b8449A4e1c2E2d25Ebb490a2518ffa14,460,0xE98b036e15318D1bd89A933eED33Bee42692cF43
287,1601,0x17d0373cCa040eA5cBD043C339B2296A384C2984,460,0xE98b036e15318D1bd89A933eED33Bee42692cF43
287,1686,0xBE10643582c406998bbD04464586Db6551FFf009,460,0xE98b036e15318D1bd89A933eED33Bee42692cF43
287,1694,0x12033087CB1b06d30699f82CF2F953E6af69073D,460,0xE98b036e15318D1bd89A933eED33Bee42692cF43
287,1780,0x0a0C46ce4Ed7b9bAcEcc2f6f991933b3CD072FC3,460,0xE98b036e15318D1bd89A933eED33Bee42692cF43
287,1792,0xaDF456B8488a6226860ED3cF7D56f7Ac10869a99,460,0xE98b036e15318D1bd89A933eED33Bee42692cF43
287,1802,0x1f2682DddeCBb5DcbFda8B7559Ae432A169a4000,460,0xE98b036e15318D1bd89A933eED33Bee42692cF43
287,1818,0x4900f31F0367e63e084d8A0C080A0E0a5C0FdFA0,460,0xE98b036e15318D1bd89A933eED33Bee42692cF43
287,1830,0x465117475ee1718b86e66Cd962643ECECd956c34,460,0xE98b036e15318D1bd89A933eED33Bee42692cF43
287,1860,0x77d1F5E9D322C30E86856b5832D9C871bf89D514,460,0xE98b036e15318D1bd89A933eED33Bee42692cF43
287,1907,0xA6A7aAe98cC0DF4226e92DA10dc4c14ba30a0F6A,460,0xE98b036e15318D1bd89A933eED33Bee42692cF43
287,1924,0x63235307DFA545c87c73b180C7c63ED9163cf8dC,460,0xE98b036e15318D1bd89A933eED33Bee42692cF43
287,1939,0xCB451698B097ac2a00cc52eE726cB5E9a5bF9932,460,0xE98b036e15318D1bd89A933eED33Bee42692cF43
287,2011,0x7bAc5cB7Db84A17DC35Dc8aF1ec6AA384184e7F4,460,0xE98b036e15318D1bd89A933eED33Bee42692cF43
287,2024,0x52c574C0d33A307aFf7E1f9c9075C67fcf459E77,460,0xE98b036e15318D1bd89A933eED33Bee42692cF43
287,2032,0x097F721Bd3E54CFB55340A36d9ba4093fb31BA73,460,0xE98b036e15318D1bd89A933eED33Bee42692cF43
287,2042,0xcF128981ecc46757e565E2FBB5fa634F182A8d5E,460,0xE98b036e15318D1bd89A933eED33Bee42692cF43
287,2069,0xfF1C24717644A80F9971E73a38A8d281fc86f263,460,0xE98b036e15318D1bd89A933eED33Bee42692cF43
287,2079,0x0F8779a75bba8718a3B898696D321cB4D1EC6200,460,0xE98b036e15318D1bd89A933eED33Bee42692cF43
287,2097,0x267DBa904f75d645B859c2e708E267276d30fc70,460,0xE98b036e15318D1bd89A933eED33Bee42692cF43
287,2108,0x59774D8EB14CBc8a3956DCA96443563B5EA62186,460,0xE98b036e15318D1bd89A933eED33Bee42692cF43
287,2141,0x574C9ae4CC511f550435E8Eb3827C13E2A1F481E,460,0xE98b036e15318D1bd89A933eED33Bee42692cF43
287,2143,0xe757c5E4BeF6ef00852A396C20f05e2eE64769b4,460,0xE98b036e15318D1bd89A933eED33Bee42692cF43
287,2192,0xB8CD88263A60fb31A0FAC3485B02E01701260980,460,0xE98b036e15318D1bd89A933eED33Bee42692cF43
287,2210,0xa033FB892a6f805b8D232c4ADd0D0EF526E37480,460,0xE98b036e15318D1bd89A933eED33Bee42692cF43
287,2211,0x77c1f18e53417722D8Cf8725641b6B8C1d97Ee64,460,0xE98b036e15318D1bd89A933eED33Bee42692cF43
287,2215,0x91cFD263A2934ef529cbF507319dFC2ce94f3A9f,460,0xE98b036e15318D1bd89A933eED33Bee42692cF43
287,2273,0x76Bab73AeaE3ab00EB892Bd2c56974332C4FDE21,460,0xE98b036e15318D1bd89A933eED33Bee42692cF43
287,2300,0x9AD6C785b852d1D9AbE1128D68f7150e2d3fdDef,460,0xE98b036e15318D1bd89A933eED33Bee42692cF43
287,2305,0xd5B26BBae38bE968A8c8CB015217556E30F81aEE,460,0xE98b036e15318D1bd89A933eED33Bee42692cF43
287,2349,0x54440555d71a2B9b96b03c71672aA3D7E83D61dC,460,0xE98b036e15318D1bd89A933eED33Bee42692cF43
287,2377,0x4883C30077F458BbCd796a275cd05Bc17E415821,460,0xE98b036e15318D1bd89A933eED33Bee42692cF43
287,2456,0xcE0013152d1ddfDF2782af9Cb26F949732536053,460,0xE98b036e15318D1bd89A933eED33Bee42692cF43
287,2460,0x202B5844918556cf80187f52Ec40daebB6306c42,460,0xE98b036e15318D1bd89A933eED33Bee42692cF43
287,2482,0xDc7A6974a9Ff2C36C70F2629ff86B3B397A6DE75,460,0xE98b036e15318D1bd89A933eED33Bee42692cF43
287,2493,0xb70B66132aD23a2aa8961984DC2be2d7bef505C3,460,0xE98b036e15318D1bd89A933eED33Bee42692cF43
287,2525,0x2eF5fa4B3eBF787bD422A06476f2999B5f904127,460,0xE98b036e15318D1bd89A933eED33Bee42692cF43
287,2543,0xAFccC1B5c14207CdE501316BD1029654E3B7ffc7,460,0xE98b036e15318D1bd89A933eED33Bee42692cF43
287,2573,0xA63Ed447D3014E55B21900777042a13f5f79eB75,460,0xE98b036e15318D1bd89A933eED33Bee42692cF43
287,2579,0x2715b0bBA5e51a2d3Dd701d4A7C1F93F7A364583,460,0xE98b036e15318D1bd89A933eED33Bee42692cF43
287,2589,0x7d29F39F4ef65bf5fEEAeAE47fC5f13F278f0Aa2,460,0xE98b036e15318D1bd89A933eED33Bee42692cF43
287,2603,0xC37b21Ab651fb91A7aa2D87AAC88dBd02e58c549,460,0xE98b036e15318D1bd89A933eED33Bee42692cF43
287,2613,0xDa1F48c78B785474D45E033d6f554AA486Ca278c,460,0xE98b036e15318D1bd89A933eED33Bee42692cF43
287,2619,0x4F8D94881146De268dE07BF6647762cFCD09C504,460,0xE98b036e15318D1bd89A933eED33Bee42692cF43
287,2633,0xe456DA25D27ceae83fD3c027d5E78d26909D4553,460,0xE98b036e15318D1bd89A933eED33Bee42692cF43
287,2646,0x405825618202933FcDFe6101790FD32F826f8DD9,460,0xE98b036e15318D1bd89A933eED33Bee42692cF43
287,2650,0xe893FA7512AFdBb7B391DF0DecceD3BB02473C0d,460,0xE98b036e15318D1bd89A933eED33Bee42692cF43
287,2694,0xb60749863Baa498A3654b914d941C5C2c04781d1,460,0xE98b036e15318D1bd89A933eED33Bee42692cF43
287,2700,0x8D495267F1bD9a702C6Fc2b0De66d5A1F018D0e4,460,0xE98b036e15318D1bd89A933eED33Bee42692cF43
287,2734,0xF245695752D26ff43a7AD0B54E7A8B3E859CAEdd,460,0xE98b036e15318D1bd89A933eED33Bee42692cF43
287,2739,0xC455A7421ede4023a0171F9E3E43fD2bc9B9B0Ab,460,0xE98b036e15318D1bd89A933eED33Bee42692cF43
287,2744,0xEdfDeF5DE5D8afF559d5c0b4A64d2Bfa76f01734,460,0xE98b036e15318D1bd89A933eED33Bee42692cF43
287,2764,0x9BE1396A9444a908eA00BA9111584Bf17bb705C4,460,0xE98b036e15318D1bd89A933eED33Bee42692cF43
287,2802,0x76F17254dEb995F0F16Dd4AB400ACcF928c6e370,460,0xE98b036e15318D1bd89A933eED33Bee42692cF43
287,2808,0xBfE3f42F2512e7fe339bED12f7632232C51a044f,460,0xE98b036e15318D1bd89A933eED33Bee42692cF43
287,2813,0x945d573e88dF3a52DB8c9d2d5dfA80e9A9423161,460,0xE98b036e15318D1bd89A933eED33Bee42692cF43
287,2876,0xf06C6Daf4F4ec4C1E28D9Ca104BDb7a1Ff9eFF57,460,0xE98b036e15318D1bd89A933eED33Bee42692cF43
287,2895,0xBD076127C06D66Dcf6AE07437c7F8b39c2E5E4eB,460,0xE98b036e15318D1bd89A933eED33Bee42692cF43
287,2911,0x83a77a6cE16E3A54Bb2D83219A8f526c6AeAfb60,460,0xE98b036e15318D1bd89A933eED33Bee42692cF43
287,2931,0xDb3a44e5a49dbA9DD2F729d4EE10Fd322a8aC17F,460,0xE98b036e15318D1bd89A933eED33Bee42692cF43
287,2970,0xFE5C48fc063c1e014fb32939d5cA133e1D39DD1b,460,0xE98b036e15318D1bd89A933eED33Bee42692cF43
287,2986,0xc48f22026E7410984600D23Ec3200f5F949831FA,460,0xE98b036e15318D1bd89A933eED33Bee42692cF43
