EvalProtocol,COMMUNITY_TAG,TrainingSeed,SplitSeed,EvaluationSeed,userID,u_idx,k,HR,NDCG,Recall,Precision,F1,MAP
sampled_20_multi_positive,96,42,42,42,55,0,5,1.0,0.8539316501572937,0.2857142857142857,0.8,0.4210526315789473,0.76
sampled_20_multi_positive,96,42,42,42,55,0,10,1.0,0.6235744328990731,0.35714285714285715,0.5,0.41666666666666663,0.4425
sampled_20_multi_positive,96,42,42,42,55,0,20,1.0,0.5461478510754,0.42857142857142855,0.3,0.3529411764705882,0.33862781954887217
sampled_20_multi_positive,96,42,42,42,58,1,5,1.0,0.48522855511632257,0.125,0.4,0.19047619047619047,0.3
sampled_20_multi_positive,96,42,42,42,58,1,10,1.0,0.44793214080335986,0.25,0.4,0.3076923076923077,0.22749999999999998
sampled_20_multi_positive,96,42,42,42,58,1,20,1.0,0.45555725305382666,0.4375,0.35,0.38888888888888884,0.21453041443850268
sampled_20_multi_positive,96,42,42,42,65,2,5,1.0,0.639945385422766,0.21428571428571427,0.6,0.3157894736842105,0.4533333333333333
sampled_20_multi_positive,96,42,42,42,65,2,10,1.0,0.48471198902551854,0.2857142857142857,0.4,0.3333333333333333,0.27666666666666667
sampled_20_multi_positive,96,42,42,42,65,2,20,1.0,0.6150273611520727,0.6428571428571429,0.45,0.5294117647058824,0.35923573975044565
sampled_20_multi_positive,96,42,42,42,69,3,5,1.0,0.830419897363192,0.23529411764705882,0.8,0.3636363636363636,0.71
sampled_20_multi_positive,96,42,42,42,69,3,10,1.0,0.6051399156371955,0.29411764705882354,0.5,0.37037037037037035,0.4105555555555555
sampled_20_multi_positive,96,42,42,42,69,3,20,1.0,0.5097690467766022,0.4117647058823529,0.35,0.37837837837837834,0.2879084967320262
sampled_20_multi_positive,96,42,42,42,94,4,5,1.0,0.4703652827859579,0.14285714285714285,0.4,0.21052631578947364,0.27999999999999997
sampled_20_multi_positive,96,42,42,42,94,4,10,1.0,0.4530643748551537,0.2857142857142857,0.4,0.3333333333333333,0.24
sampled_20_multi_positive,96,42,42,42,94,4,20,1.0,0.5956089305236629,0.6428571428571429,0.45,0.5294117647058824,0.34647313470842883
sampled_20_multi_positive,96,42,42,42,101,5,5,1.0,0.16958010263680806,0.1,0.2,0.13333333333333333,0.06666666666666667
sampled_20_multi_positive,96,42,42,42,101,5,10,1.0,0.18340980524840012,0.2,0.2,0.20000000000000004,0.06190476190476191
sampled_20_multi_positive,96,42,42,42,101,5,20,1.0,0.30428004358218885,0.4,0.2,0.26666666666666666,0.1225108225108225
sampled_20_multi_positive,96,42,42,42,115,6,5,1.0,0.5296347172140421,0.1875,0.6,0.2857142857142857,0.3833333333333333
sampled_20_multi_positive,96,42,42,42,115,6,10,1.0,0.48331483694589444,0.3125,0.5,0.38461538461538464,0.30436507936507934
sampled_20_multi_positive,96,42,42,42,115,6,20,1.0,0.5215605457528462,0.5625,0.45,0.5,0.30909625827388987
sampled_20_multi_positive,96,42,42,42,133,7,5,1.0,0.6992148198508501,0.2727272727272727,0.6,0.37499999999999994,0.55
sampled_20_multi_positive,96,42,42,42,133,7,10,1.0,0.605504765619221,0.45454545454545453,0.5,0.47619047619047616,0.41309523809523807
sampled_20_multi_positive,96,42,42,42,133,7,20,1.0,0.62121222509436,0.5454545454545454,0.3,0.3870967741935483,0.40963203463203457
sampled_20_multi_positive,96,42,42,42,161,8,5,1.0,0.21398626473452756,0.2,0.2,0.20000000000000004,0.1
sampled_20_multi_positive,96,42,42,42,161,8,10,1.0,0.32703966649239957,0.4,0.2,0.26666666666666666,0.15714285714285714
sampled_20_multi_positive,96,42,42,42,161,8,20,1.0,0.41869369442073257,0.6,0.15,0.24,0.20714285714285713
sampled_20_multi_positive,96,42,42,42,230,9,5,1.0,0.14606834984270645,0.0625,0.2,0.09523809523809523,0.05
sampled_20_multi_positive,96,42,42,42,230,9,10,1.0,0.3038377318600772,0.25,0.4,0.3076923076923077,0.13551587301587303
sampled_20_multi_positive,96,42,42,42,230,9,20,1.0,0.391608995001205,0.5,0.4,0.4444444444444445,0.19428031629318396
sampled_20_multi_positive,96,42,42,42,257,10,5,1.0,0.16958010263680806,0.16666666666666666,0.2,0.1818181818181818,0.06666666666666667
sampled_20_multi_positive,96,42,42,42,257,10,10,1.0,0.2423936099728648,0.3333333333333333,0.2,0.25,0.0925925925925926
sampled_20_multi_positive,96,42,42,42,257,10,20,1.0,0.32416832772203685,0.5,0.15,0.23076923076923075,0.13425925925925927
sampled_20_multi_positive,96,42,42,42,283,11,5,1.0,0.13120507751234178,0.05,0.2,0.08000000000000002,0.04
sampled_20_multi_positive,96,42,42,42,283,11,10,1.0,0.15457433957839825,0.1,0.2,0.13333333333333333,0.045
sampled_20_multi_positive,96,42,42,42,283,11,20,1.0,0.17573458671801206,0.2,0.2,0.20000000000000004,0.05042207792207791
sampled_20_multi_positive,96,42,42,42,305,12,5,1.0,0.5531464700081437,0.2857142857142857,0.4,0.3333333333333333,0.4
sampled_20_multi_positive,96,42,42,42,305,12,10,1.0,0.4483039899025303,0.2857142857142857,0.2,0.23529411764705882,0.2857142857142857
sampled_20_multi_positive,96,42,42,42,305,12,20,1.0,0.6484906000806917,0.7142857142857143,0.25,0.37037037037037035,0.38775510204081637
sampled_20_multi_positive,96,42,42,42,318,13,5,0.0,0.0,0.0,0.0,0.0,0.0
sampled_20_multi_positive,96,42,42,42,318,13,10,1.0,0.24753108135216334,0.375,0.3,0.33333333333333326,0.09404761904761905
sampled_20_multi_positive,96,42,42,42,318,13,20,1.0,0.3683542850892696,0.625,0.25,0.35714285714285715,0.15863095238095237
sampled_20_multi_positive,96,42,42,42,327,14,5,1.0,0.38356636737133565,0.14285714285714285,0.4,0.21052631578947364,0.2333333333333333
sampled_20_multi_positive,96,42,42,42,327,14,10,1.0,0.46692474155501895,0.35714285714285715,0.5,0.41666666666666663,0.27936507936507937
sampled_20_multi_positive,96,42,42,42,327,14,20,1.0,0.5521557419527949,0.6428571428571429,0.45,0.5294117647058824,0.3302531538931362
sampled_20_multi_positive,96,42,42,42,350,15,5,1.0,0.16958010263680806,0.2,0.2,0.20000000000000004,0.06666666666666667
sampled_20_multi_positive,96,42,42,42,350,15,10,1.0,0.2716774977597197,0.4,0.2,0.26666666666666666,0.11111111111111112
sampled_20_multi_positive,96,42,42,42,350,15,20,1.0,0.4432783253140501,0.8,0.2,0.32000000000000006,0.20730158730158732
sampled_20_multi_positive,96,42,42,42,382,16,5,1.0,0.21398626473452756,0.06666666666666667,0.2,0.1,0.1
sampled_20_multi_positive,96,42,42,42,382,16,10,1.0,0.3600558568883671,0.26666666666666666,0.4,0.32,0.17619047619047618
sampled_20_multi_positive,96,42,42,42,382,16,20,1.0,0.5008617162468159,0.6,0.45,0.5142857142857143,0.28748556998556996
sampled_20_multi_positive,96,42,42,42,409,17,5,1.0,0.14606834984270645,0.1,0.2,0.13333333333333333,0.05
sampled_20_multi_positive,96,42,42,42,409,17,10,1.0,0.1681522864689108,0.2,0.2,0.20000000000000004,0.05357142857142857
sampled_20_multi_positive,96,42,42,42,409,17,20,1.0,0.33649799071305625,0.5,0.25,0.3333333333333333,0.13648809523809524
sampled_20_multi_positive,96,42,42,42,415,18,5,1.0,1.0,0.23809523809523808,1.0,0.3846153846153846,1.0
sampled_20_multi_positive,96,42,42,42,415,18,10,1.0,0.9216017310213247,0.42857142857142855,0.9,0.5806451612903225,0.8521031746031745
sampled_20_multi_positive,96,42,42,42,415,18,20,1.0,0.7374032060902512,0.6190476190476191,0.65,0.6341463414634146,0.5795780281809692
sampled_20_multi_positive,96,42,42,42,482,19,5,1.0,0.6548086577531307,0.3,0.6,0.4,0.4833333333333333
sampled_20_multi_positive,96,42,42,42,482,19,10,1.0,0.49118023727106,0.4,0.4,0.4000000000000001,0.2861111111111111
sampled_20_multi_positive,96,42,42,42,482,19,20,1.0,0.5439609866183394,0.5,0.25,0.3333333333333333,0.3155228758169934
sampled_20_multi_positive,96,42,42,42,493,20,5,0.0,0.0,0.0,0.0,0.0,0.0
sampled_20_multi_positive,96,42,42,42,493,20,10,1.0,0.15176219107803537,0.14285714285714285,0.2,0.16666666666666666,0.04523809523809523
sampled_20_multi_positive,96,42,42,42,493,20,20,1.0,0.21017284749171347,0.2857142857142857,0.2,0.23529411764705882,0.06340536214485794
sampled_20_multi_positive,96,42,42,42,542,21,5,1.0,0.5296347172140421,0.14285714285714285,0.6,0.23076923076923073,0.3833333333333333
sampled_20_multi_positive,96,42,42,42,542,21,10,1.0,0.5648901044069581,0.2857142857142857,0.6,0.3870967741935483,0.40476190476190477
sampled_20_multi_positive,96,42,42,42,542,21,20,1.0,0.5704443334200796,0.5714285714285714,0.6,0.5853658536585366,0.37053175217455403
sampled_20_multi_positive,96,42,42,42,565,22,5,1.0,0.16958010263680806,0.14285714285714285,0.2,0.16666666666666666,0.06666666666666667
sampled_20_multi_positive,96,42,42,42,565,22,10,1.0,0.30852069019467643,0.42857142857142855,0.3,0.3529411764705882,0.13129251700680272
sampled_20_multi_positive,96,42,42,42,565,22,20,1.0,0.45391458741614205,0.7142857142857143,0.25,0.37037037037037035,0.23085961657390228
sampled_20_multi_positive,96,42,42,42,585,23,5,1.0,0.30078518014914984,0.2,0.4,0.26666666666666666,0.14666666666666667
sampled_20_multi_positive,96,42,42,42,585,23,10,1.0,0.3398414932237254,0.4,0.4,0.4000000000000001,0.16777777777777778
sampled_20_multi_positive,96,42,42,42,585,23,20,1.0,0.401234538828472,0.5,0.25,0.3333333333333333,0.21323232323232322
sampled_20_multi_positive,96,42,42,42,607,24,5,1.0,0.15101961822780524,0.25,0.2,0.22222222222222224,0.05
sampled_20_multi_positive,96,42,42,42,607,24,10,1.0,0.2741708125981702,0.5,0.2,0.28571428571428575,0.1125
sampled_20_multi_positive,96,42,42,42,607,24,20,1.0,0.37176582509619566,0.75,0.15,0.24999999999999997,0.1625
sampled_20_multi_positive,96,42,42,42,632,25,5,1.0,0.13120507751234178,0.16666666666666666,0.2,0.1818181818181818,0.04
sampled_20_multi_positive,96,42,42,42,632,25,10,1.0,0.20815499636142162,0.3333333333333333,0.2,0.25,0.07037037037037037
sampled_20_multi_positive,96,42,42,42,632,25,20,1.0,0.44224625282739355,0.8333333333333334,0.25,0.3846153846153846,0.2123526936026936
sampled_20_multi_positive,96,42,42,42,662,26,5,1.0,0.3391602052736161,0.07692307692307693,0.2,0.1111111111111111,0.2
sampled_20_multi_positive,96,42,42,42,662,26,10,1.0,0.42333070005078094,0.3076923076923077,0.4,0.34782608695652173,0.2019047619047619
sampled_20_multi_positive,96,42,42,42,662,26,20,1.0,0.5443794609213569,0.6153846153846154,0.4,0.4848484848484849,0.28197490768340966
sampled_20_multi_positive,96,42,42,42,673,27,5,1.0,0.5531464700081437,0.11764705882352941,0.4,0.1818181818181818,0.4
sampled_20_multi_positive,96,42,42,42,673,27,10,1.0,0.5769706247040591,0.29411764705882354,0.5,0.37037037037037035,0.36269841269841263
sampled_20_multi_positive,96,42,42,42,673,27,20,1.0,0.6054630086021441,0.5882352941176471,0.5,0.5405405405405405,0.35559486952675806
sampled_20_multi_positive,96,42,42,42,675,28,5,1.0,0.6843515475204855,0.375,0.6,0.4615384615384615,0.52
sampled_20_multi_positive,96,42,42,42,675,28,10,1.0,0.5835002129716238,0.5,0.4,0.4444444444444445,0.375
sampled_20_multi_positive,96,42,42,42,675,28,20,1.0,0.8318079489011055,1.0,0.4,0.5714285714285715,0.5752010233918128
sampled_20_multi_positive,96,42,42,42,676,29,5,0.0,0.0,0.0,0.0,0.0,0.0
sampled_20_multi_positive,96,42,42,42,676,29,10,1.0,0.06362078819895171,0.07142857142857142,0.1,0.08333333333333333,0.01
sampled_20_multi_positive,96,42,42,42,676,29,20,1.0,0.18229221239620855,0.2857142857142857,0.2,0.23529411764705882,0.04577450413363726
sampled_20_multi_positive,96,42,42,42,701,30,5,1.0,0.13120507751234178,0.09090909090909091,0.2,0.12500000000000003,0.04
sampled_20_multi_positive,96,42,42,42,701,30,10,1.0,0.28838205139432177,0.36363636363636365,0.4,0.380952380952381,0.12190476190476192
sampled_20_multi_positive,96,42,42,42,701,30,20,1.0,0.37494836897659417,0.5454545454545454,0.3,0.3870967741935483,0.175974025974026
sampled_20_multi_positive,96,42,42,42,718,31,5,1.0,0.830419897363192,0.16,0.8,0.26666666666666666,0.71
sampled_20_multi_positive,96,42,42,42,718,31,10,1.0,0.7479350596733328,0.28,0.7,0.4,0.5792063492063492
sampled_20_multi_positive,96,42,42,42,718,31,20,1.0,0.5830583004898807,0.4,0.5,0.4444444444444445,0.3644483758415647
sampled_20_multi_positive,96,42,42,42,760,32,5,1.0,0.15101961822780524,0.25,0.2,0.22222222222222224,0.05
sampled_20_multi_positive,96,42,42,42,760,32,10,1.0,0.2685357229842324,0.5,0.2,0.28571428571428575,0.10555555555555556
sampled_20_multi_positive,96,42,42,42,760,32,20,1.0,0.3740313072193428,0.75,0.15,0.24999999999999997,0.16805555555555557
sampled_20_multi_positive,96,42,42,42,762,33,5,1.0,0.13120507751234178,0.14285714285714285,0.2,0.16666666666666666,0.04
sampled_20_multi_positive,96,42,42,42,762,33,10,1.0,0.37533213011772865,0.5714285714285714,0.4,0.47058823529411764,0.1945578231292517
sampled_20_multi_positive,96,42,42,42,762,33,20,1.0,0.515532974417615,0.8571428571428571,0.3,0.4444444444444444,0.3045018007202881
sampled_20_multi_positive,96,42,42,42,780,34,5,1.0,0.48522855511632257,0.11764705882352941,0.4,0.1818181818181818,0.3
sampled_20_multi_positive,96,42,42,42,780,34,10,1.0,0.5141863642577489,0.29411764705882354,0.5,0.37037037037037035,0.28194444444444444
sampled_20_multi_positive,96,42,42,42,780,34,20,1.0,0.5235464038316362,0.5294117647058824,0.45,0.48648648648648646,0.2765630083104132
sampled_20_multi_positive,96,42,42,42,796,35,5,1.0,0.7227265726449519,0.6,0.6,0.6,0.6
sampled_20_multi_positive,96,42,42,42,796,35,10,1.0,0.7227265726449519,0.6,0.3,0.4,0.6
sampled_20_multi_positive,96,42,42,42,796,35,20,1.0,0.8057023007300708,0.8,0.2,0.32000000000000006,0.65
sampled_20_multi_positive,96,42,42,42,801,36,5,1.0,0.3156484524795145,0.1111111111111111,0.4,0.1739130434782609,0.16666666666666666
sampled_20_multi_positive,96,42,42,42,801,36,10,1.0,0.35266373843404347,0.2222222222222222,0.4,0.2857142857142857,0.18333333333333332
sampled_20_multi_positive,96,42,42,42,801,36,20,1.0,0.3980567967543963,0.4444444444444444,0.4,0.4210526315789474,0.2010903720462544
sampled_20_multi_positive,96,42,42,42,803,37,5,1.0,0.6608397947263839,0.3076923076923077,0.8,0.4444444444444444,0.5433333333333333
sampled_20_multi_positive,96,42,42,42,803,37,10,1.0,0.6500332220485792,0.5384615384615384,0.7,0.608695652173913,0.5282142857142857
sampled_20_multi_positive,96,42,42,42,803,37,20,1.0,0.6540411872357795,0.6923076923076923,0.45,0.5454545454545455,0.519955044955045
sampled_20_multi_positive,96,42,42,42,810,38,5,1.0,0.5147714448836774,0.2,0.6,0.3,0.35333333333333333
sampled_20_multi_positive,96,42,42,42,810,38,10,1.0,0.4671034547999446,0.3333333333333333,0.5,0.4,0.27666666666666667
sampled_20_multi_positive,96,42,42,42,810,38,20,1.0,0.5790159799338451,0.6666666666666666,0.5,0.5714285714285715,0.36608585858585857
sampled_20_multi_positive,96,42,42,42,845,39,5,1.0,0.3391602052736161,0.058823529411764705,0.2,0.0909090909090909,0.2
sampled_20_multi_positive,96,42,42,42,845,39,10,1.0,0.37185395737611554,0.17647058823529413,0.3,0.22222222222222224,0.17619047619047618
sampled_20_multi_positive,96,42,42,42,845,39,20,1.0,0.34959809924218066,0.29411764705882354,0.25,0.27027027027027023,0.14463967405143877
sampled_20_multi_positive,96,42,42,42,847,40,5,0.0,0.0,0.0,0.0,0.0,0.0
sampled_20_multi_positive,96,42,42,42,847,40,10,0.0,0.0,0.0,0.0,0.0,0.0
sampled_20_multi_positive,96,42,42,42,847,40,20,1.0,0.33742885501893893,1.0,0.15,0.2608695652173913,0.11084656084656085
sampled_20_multi_positive,96,42,42,42,850,41,5,1.0,0.4912596920895758,0.25,0.6,0.35294117647058826,0.32
sampled_20_multi_positive,96,42,42,42,850,41,10,1.0,0.3882251478215036,0.3333333333333333,0.4,0.3636363636363636,0.21000000000000002
sampled_20_multi_positive,96,42,42,42,850,41,20,1.0,0.5000866853615645,0.5833333333333334,0.35,0.4375,0.2870726495726496
sampled_20_multi_positive,96,42,42,42,852,42,5,1.0,0.3391602052736161,0.06666666666666667,0.2,0.1,0.2
sampled_20_multi_positive,96,42,42,42,852,42,10,1.0,0.42914113378860647,0.26666666666666666,0.4,0.32,0.21051587301587302
sampled_20_multi_positive,96,42,42,42,852,42,20,1.0,0.46622652266570314,0.4666666666666667,0.35,0.4,0.230002035002035
sampled_20_multi_positive,96,42,42,42,867,43,5,1.0,0.30078518014914984,0.2222222222222222,0.4,0.2857142857142857,0.14666666666666667
sampled_20_multi_positive,96,42,42,42,867,43,10,1.0,0.3533551813323767,0.4444444444444444,0.4,0.4210526315789474,0.17253086419753086
sampled_20_multi_positive,96,42,42,42,867,43,20,1.0,0.47768086660186276,0.6666666666666666,0.3,0.41379310344827586,0.2674803591470258
sampled_20_multi_positive,96,42,42,42,871,44,5,1.0,0.48522855511632257,0.25,0.4,0.3076923076923077,0.3
sampled_20_multi_positive,96,42,42,42,871,44,10,1.0,0.4519792040377807,0.375,0.3,0.33333333333333326,0.25
sampled_20_multi_positive,96,42,42,42,871,44,20,1.0,0.6486518258395032,0.75,0.3,0.4285714285714285,0.38661858974358976
sampled_20_multi_positive,96,42,42,42,874,45,5,0.0,0.0,0.0,0.0,0.0,0.0
sampled_20_multi_positive,96,42,42,42,874,45,10,0.0,0.0,0.0,0.0,0.0,0.0
sampled_20_multi_positive,96,42,42,42,874,45,20,1.0,0.14526714985264613,0.3333333333333333,0.1,0.15384615384615383,0.028935185185185185
sampled_20_multi_positive,96,42,42,42,895,46,5,1.0,0.3156484524795145,0.2857142857142857,0.4,0.3333333333333333,0.16666666666666666
sampled_20_multi_positive,96,42,42,42,895,46,10,1.0,0.5096495044553594,0.7142857142857143,0.5,0.588235294117647,0.31519274376417233
sampled_20_multi_positive,96,42,42,42,895,46,20,1.0,0.5732498992049752,0.8571428571428571,0.3,0.4444444444444444,0.3603055257190596
sampled_20_multi_positive,96,42,42,42,907,47,5,1.0,0.6548086577531307,0.2727272727272727,0.6,0.37499999999999994,0.4833333333333333
sampled_20_multi_positive,96,42,42,42,907,47,10,1.0,0.5677211578528083,0.45454545454545453,0.5,0.47619047619047616,0.3613095238095238
sampled_20_multi_positive,96,42,42,42,907,47,20,1.0,0.5893463882459382,0.5454545454545454,0.3,0.3870967741935483,0.37042124542124544
sampled_20_multi_positive,96,42,42,42,951,48,5,1.0,0.6164336326286644,0.42857142857142855,0.6,0.5,0.42000000000000004
sampled_20_multi_positive,96,42,42,42,951,48,10,1.0,0.5975087322498515,0.5714285714285714,0.4,0.47058823529411764,0.3952380952380952
sampled_20_multi_positive,96,42,42,42,951,48,20,1.0,0.7429026294713171,0.8571428571428571,0.3,0.4444444444444444,0.5173160173160173
sampled_20_multi_positive,96,42,42,42,961,49,5,1.0,0.14606834984270645,0.16666666666666666,0.2,0.1818181818181818,0.05
sampled_20_multi_positive,96,42,42,42,961,49,10,1.0,0.23811292043488155,0.3333333333333333,0.2,0.25,0.09722222222222221
sampled_20_multi_positive,96,42,42,42,961,49,20,1.0,0.4663248655318797,0.8333333333333334,0.25,0.3846153846153846,0.22818875024757376
sampled_20_multi_positive,96,42,42,42,973,50,5,1.0,0.6548086577531307,0.25,0.6,0.35294117647058826,0.4833333333333333
sampled_20_multi_positive,96,42,42,42,973,50,10,1.0,0.5033242827953464,0.3333333333333333,0.4,0.3636363636363636,0.3083333333333333
sampled_20_multi_positive,96,42,42,42,973,50,20,1.0,0.44904777161677056,0.3333333333333333,0.2,0.25,0.2569444444444444
sampled_20_multi_positive,96,42,42,42,1000,51,5,1.0,0.3391602052736161,0.041666666666666664,0.2,0.06896551724137931,0.2
sampled_20_multi_positive,96,42,42,42,1000,51,10,1.0,0.4193979998881982,0.16666666666666666,0.4,0.23529411764705882,0.19833333333333333
sampled_20_multi_positive,96,42,42,42,1000,51,20,1.0,0.4837870872655898,0.4166666666666667,0.5,0.45454545454545453,0.24361414063232947
sampled_20_multi_positive,96,42,42,42,1011,52,5,0.0,0.0,0.0,0.0,0.0,0.0
sampled_20_multi_positive,96,42,42,42,1011,52,10,0.0,0.0,0.0,0.0,0.0,0.0
sampled_20_multi_positive,96,42,42,42,1011,52,20,1.0,0.1533023753200733,0.3333333333333333,0.1,0.15384615384615383,0.03181818181818182
sampled_20_multi_positive,96,42,42,42,1060,53,5,1.0,0.38356636737133565,0.25,0.4,0.3076923076923077,0.2333333333333333
sampled_20_multi_positive,96,42,42,42,1060,53,10,1.0,0.4492772756050025,0.5,0.4,0.4444444444444445,0.2583333333333333
sampled_20_multi_positive,96,42,42,42,1060,53,20,1.0,0.5176320447767923,0.625,0.25,0.35714285714285715,0.3104166666666666
sampled_20_multi_positive,96,42,42,42,1069,54,5,1.0,0.48522855511632257,0.15384615384615385,0.4,0.2222222222222222,0.3
sampled_20_multi_positive,96,42,42,42,1069,54,10,1.0,0.456899187845258,0.3076923076923077,0.4,0.34782608695652173,0.24
sampled_20_multi_positive,96,42,42,42,1069,54,20,1.0,0.6184420637867191,0.6923076923076923,0.45,0.5454545454545455,0.35200195665782713
sampled_20_multi_positive,96,42,42,42,1085,55,5,1.0,0.5296347172140421,0.3,0.6,0.4,0.3833333333333333
sampled_20_multi_positive,96,42,42,42,1085,55,10,1.0,0.4073174795910971,0.4,0.4,0.4000000000000001,0.23166666666666663
sampled_20_multi_positive,96,42,42,42,1085,55,20,1.0,0.46116304953168036,0.5,0.25,0.3333333333333333,0.26291666666666663
sampled_20_multi_positive,96,42,42,42,1088,56,5,1.0,0.13120507751234178,0.05,0.2,0.08000000000000002,0.04
sampled_20_multi_positive,96,42,42,42,1088,56,10,1.0,0.36284762021041433,0.25,0.5,0.3333333333333333,0.1852777777777778
sampled_20_multi_positive,96,42,42,42,1088,56,20,1.0,0.3741141944200138,0.45,0.45,0.45,0.18619152046783627
sampled_20_multi_positive,96,42,42,42,1102,57,5,0.0,0.0,0.0,0.0,0.0,0.0
sampled_20_multi_positive,96,42,42,42,1102,57,10,1.0,0.15743107269979564,0.25,0.2,0.22222222222222224,0.04285714285714286
sampled_20_multi_positive,96,42,42,42,1102,57,20,1.0,0.35957810015446817,0.625,0.25,0.35714285714285715,0.16028138528138527
sampled_20_multi_positive,96,42,42,42,1125,58,5,1.0,0.5531464700081437,0.18181818181818182,0.4,0.25000000000000006,0.4
sampled_20_multi_positive,96,42,42,42,1125,58,10,1.0,0.3589542101716347,0.18181818181818182,0.2,0.1904761904761905,0.2
sampled_20_multi_positive,96,42,42,42,1125,58,20,1.0,0.4967998580726918,0.45454545454545453,0.25,0.3225806451612903,0.2571969696969697
sampled_20_multi_positive,96,42,42,42,1129,59,5,1.0,0.24630238874073,0.25,0.2,0.22222222222222224,0.125
sampled_20_multi_positive,96,42,42,42,1129,59,10,1.0,0.5085097626218706,0.75,0.3,0.4285714285714285,0.3020833333333333
sampled_20_multi_positive,96,42,42,42,1129,59,20,1.0,0.6040164534845786,1.0,0.2,0.33333333333333337,0.3645833333333333
sampled_20_multi_positive,96,42,42,42,1140,60,5,1.0,0.7227265726449519,0.3,0.6,0.4,0.6
sampled_20_multi_positive,96,42,42,42,1140,60,10,1.0,0.6020521034564038,0.5,0.5,0.5,0.4
sampled_20_multi_positive,96,42,42,42,1140,60,20,1.0,0.7683638013051411,0.8,0.4,0.5333333333333333,0.5411111111111111
sampled_20_multi_positive,96,42,42,42,1195,61,5,0.0,0.0,0.0,0.0,0.0,0.0
sampled_20_multi_positive,96,42,42,42,1195,61,10,1.0,0.18655283631292538,0.3333333333333333,0.2,0.25,0.05787037037037037
sampled_20_multi_positive,96,42,42,42,1195,61,20,1.0,0.2622034396876287,0.5,0.15,0.23076923076923075,0.09120370370370372
sampled_20_multi_positive,96,42,42,42,1197,62,5,1.0,0.4703652827859579,0.14285714285714285,0.4,0.21052631578947364,0.27999999999999997
sampled_20_multi_positive,96,42,42,42,1197,62,10,1.0,0.4530643748551537,0.2857142857142857,0.4,0.3333333333333333,0.24
sampled_20_multi_positive,96,42,42,42,1197,62,20,1.0,0.6843680751320752,0.7857142857142857,0.55,0.6470588235294117,0.4420133379692203
sampled_20_multi_positive,96,42,42,42,1287,63,5,1.0,0.8687949224876582,0.3333333333333333,0.8,0.47058823529411764,0.8
sampled_20_multi_positive,96,42,42,42,1287,63,10,1.0,0.70844095012329,0.5,0.6,0.5454545454545454,0.55
sampled_20_multi_positive,96,42,42,42,1287,63,20,1.0,0.6774784125496429,0.5833333333333334,0.35,0.4375,0.4890350877192982
sampled_20_multi_positive,96,42,42,42,1330,64,5,1.0,0.38356636737133565,0.14285714285714285,0.4,0.21052631578947364,0.2333333333333333
sampled_20_multi_positive,96,42,42,42,1330,64,10,1.0,0.38589303732090635,0.2857142857142857,0.4,0.3333333333333333,0.19952380952380952
sampled_20_multi_positive,96,42,42,42,1330,64,20,1.0,0.4975940947674831,0.5714285714285714,0.4,0.47058823529411764,0.2790554683411826
sampled_20_multi_positive,96,42,42,42,1334,65,5,1.0,0.3391602052736161,0.14285714285714285,0.2,0.16666666666666666,0.2
sampled_20_multi_positive,96,42,42,42,1334,65,10,1.0,0.3543334123470583,0.2857142857142857,0.2,0.23529411764705882,0.17142857142857143
sampled_20_multi_positive,96,42,42,42,1334,65,20,1.0,0.4310082263399512,0.42857142857142855,0.15,0.2222222222222222,0.21038961038961038
sampled_20_multi_positive,96,42,42,42,1335,66,5,1.0,0.30078518014914984,0.13333333333333333,0.4,0.2,0.14666666666666667
sampled_20_multi_positive,96,42,42,42,1335,66,10,1.0,0.4066392799050653,0.3333333333333333,0.5,0.4,0.22333333333333333
sampled_20_multi_positive,96,42,42,42,1335,66,20,1.0,0.445606642184616,0.5333333333333333,0.4,0.4571428571428572,0.2461898335582546
sampled_20_multi_positive,96,42,42,42,1374,67,5,0.0,0.0,0.0,0.0,0.0,0.0
sampled_20_multi_positive,96,42,42,42,1374,67,10,1.0,0.1478294909154526,0.2,0.2,0.20000000000000004,0.041666666666666664
sampled_20_multi_positive,96,42,42,42,1374,67,20,1.0,0.2566980024305559,0.4,0.2,0.26666666666666666,0.08666666666666667
sampled_20_multi_positive,96,42,42,42,1380,68,5,1.0,0.5087403079104241,0.125,0.4,0.19047619047619047,0.3333333333333333
sampled_20_multi_positive,96,42,42,42,1380,68,10,1.0,0.5415879285615245,0.3125,0.5,0.38461538461538464,0.31666666666666665
sampled_20_multi_positive,96,42,42,42,1380,68,20,1.0,0.5336207295652782,0.5,0.4,0.4444444444444445,0.3013757076257076
sampled_20_multi_positive,96,42,42,42,1384,69,5,1.0,0.14606834984270645,0.16666666666666666,0.2,0.1818181818181818,0.05
sampled_20_multi_positive,96,42,42,42,1384,69,10,1.0,0.13032376591037062,0.16666666666666666,0.1,0.125,0.041666666666666664
sampled_20_multi_positive,96,42,42,42,1384,69,20,1.0,0.20777728197220996,0.3333333333333333,0.1,0.15384615384615383,0.06547619047619048
sampled_20_multi_positive,96,42,42,42,1385,70,5,1.0,0.3391602052736161,0.125,0.2,0.15384615384615385,0.2
sampled_20_multi_positive,96,42,42,42,1385,70,10,1.0,0.40888058204748884,0.375,0.3,0.33333333333333326,0.19791666666666666
sampled_20_multi_positive,96,42,42,42,1385,70,20,1.0,0.6077550172683901,0.75,0.3,0.4285714285714285,0.33832313519813517
sampled_20_multi_positive,96,42,42,42,1401,71,5,1.0,0.8687949224876582,0.2222222222222222,0.8,0.3478260869565218,0.8
sampled_20_multi_positive,96,42,42,42,1401,71,10,1.0,0.7849818707050383,0.3888888888888889,0.7,0.5,0.6565476190476189
sampled_20_multi_positive,96,42,42,42,1401,71,20,1.0,0.6963948519436041,0.6111111111111112,0.55,0.5789473684210527,0.510485347985348
sampled_20_multi_positive,96,42,42,42,1410,72,5,0.0,0.0,0.0,0.0,0.0,0.0
sampled_20_multi_positive,96,42,42,42,1410,72,10,1.0,0.14465249243306436,0.2,0.2,0.20000000000000004,0.03888888888888888
sampled_20_multi_positive,96,42,42,42,1410,72,20,1.0,0.2560096877861445,0.4,0.2,0.26666666666666666,0.08698412698412698
sampled_20_multi_positive,96,42,42,42,1448,73,5,1.0,0.75369761125927,0.75,0.6,0.6666666666666665,0.6041666666666666
sampled_20_multi_positive,96,42,42,42,1448,73,10,1.0,0.75369761125927,0.75,0.3,0.4285714285714285,0.6041666666666666
sampled_20_multi_positive,96,42,42,42,1448,73,20,1.0,0.8536185177804053,1.0,0.2,0.33333333333333337,0.675595238095238
sampled_20_multi_positive,96,42,42,42,1484,74,5,1.0,0.5087403079104241,0.2222222222222222,0.4,0.2857142857142857,0.3333333333333333
sampled_20_multi_positive,96,42,42,42,1484,74,10,1.0,0.5654161010461739,0.5555555555555556,0.5,0.5263157894736842,0.3317901234567901
sampled_20_multi_positive,96,42,42,42,1484,74,20,1.0,0.679962314849321,0.7777777777777778,0.35,0.48275862068965514,0.42034484359045754
sampled_20_multi_positive,96,42,42,42,1524,75,5,1.0,0.6548086577531307,0.2727272727272727,0.6,0.37499999999999994,0.4833333333333333
sampled_20_multi_positive,96,42,42,42,1524,75,10,1.0,0.5548010254700116,0.45454545454545453,0.5,0.47619047619047616,0.3361111111111111
sampled_20_multi_positive,96,42,42,42,1524,75,20,1.0,0.7331736924050529,0.8181818181818182,0.45,0.5806451612903226,0.49150596877869596
sampled_20_multi_positive,96,42,42,42,1586,76,5,0.0,0.0,0.0,0.0,0.0,0.0
sampled_20_multi_positive,96,42,42,42,1586,76,10,1.0,0.14279514403613733,0.13333333333333333,0.2,0.16,0.039285714285714285
sampled_20_multi_positive,96,42,42,42,1586,76,20,1.0,0.41240145426416314,0.6,0.45,0.5142857142857143,0.2075617662924164
sampled_20_multi_positive,96,42,42,42,1630,77,5,1.0,0.6992148198508501,0.2727272727272727,0.6,0.37499999999999994,0.55
sampled_20_multi_positive,96,42,42,42,1630,77,10,1.0,0.5231737964779628,0.36363636363636365,0.4,0.380952380952381,0.325
sampled_20_multi_positive,96,42,42,42,1630,77,20,1.0,0.5436434399188846,0.45454545454545453,0.25,0.3225806451612903,0.32386363636363635
sampled_20_multi_positive,96,42,42,42,1641,78,5,1.0,0.30078518014914984,0.16666666666666666,0.4,0.23529411764705882,0.14666666666666667
sampled_20_multi_positive,96,42,42,42,1641,78,10,1.0,0.3321737110889728,0.3333333333333333,0.4,0.3636363636363636,0.1561904761904762
sampled_20_multi_positive,96,42,42,42,1641,78,20,1.0,0.4009901311768744,0.5,0.3,0.37499999999999994,0.20334249084249087
sampled_20_multi_positive,96,42,42,42,1647,79,5,1.0,0.16958010263680806,0.05,0.2,0.08000000000000002,0.06666666666666667
sampled_20_multi_positive,96,42,42,42,1647,79,10,1.0,0.23992089480238082,0.15,0.3,0.2,0.08555555555555557
sampled_20_multi_positive,96,42,42,42,1647,79,20,1.0,0.26688478823911566,0.3,0.3,0.3,0.1001037851037851
sampled_20_multi_positive,96,42,42,42,1651,80,5,1.0,0.38356636737133565,0.14285714285714285,0.4,0.21052631578947364,0.2333333333333333
sampled_20_multi_positive,96,42,42,42,1651,80,10,1.0,0.2489083270225946,0.14285714285714285,0.2,0.16666666666666666,0.11666666666666665
sampled_20_multi_positive,96,42,42,42,1651,80,20,1.0,0.42543399267980997,0.5,0.35,0.4117647058823529,0.19888878628374426
sampled_20_multi_positive,96,42,42,42,1738,81,5,1.0,0.36005461457723403,0.2222222222222222,0.4,0.2857142857142857,0.2
sampled_20_multi_positive,96,42,42,42,1738,81,10,1.0,0.4857478845382124,0.5555555555555556,0.5,0.5263157894736842,0.2996031746031746
sampled_20_multi_positive,96,42,42,42,1738,81,20,1.0,0.6076442833729583,0.7777777777777778,0.35,0.48275862068965514,0.40644078144078144
sampled_20_multi_positive,96,42,42,42,1824,82,5,1.0,0.16958010263680806,0.14285714285714285,0.2,0.16666666666666666,0.06666666666666667
sampled_20_multi_positive,96,42,42,42,1824,82,10,1.0,0.13743816645714543,0.14285714285714285,0.1,0.11764705882352941,0.047619047619047616
sampled_20_multi_positive,96,42,42,42,1824,82,20,1.0,0.2732347022394285,0.42857142857142855,0.15,0.2222222222222222,0.09215346057451321
sampled_20_multi_positive,96,42,42,42,1843,83,5,1.0,0.27727342735504823,0.11764705882352941,0.4,0.1818181818181818,0.13
sampled_20_multi_positive,96,42,42,42,1843,83,10,1.0,0.39531446128815884,0.29411764705882354,0.5,0.37037037037037035,0.22214285714285714
sampled_20_multi_positive,96,42,42,42,1843,83,20,1.0,0.3589002135144346,0.4117647058823529,0.35,0.37837837837837834,0.17587350729765588
sampled_20_multi_positive,96,42,42,42,1854,84,5,1.0,0.30078518014914984,0.11764705882352941,0.4,0.1818181818181818,0.14666666666666667
sampled_20_multi_positive,96,42,42,42,1854,84,10,1.0,0.47289350335945435,0.35294117647058826,0.6,0.4444444444444445,0.28888888888888886
sampled_20_multi_positive,96,42,42,42,1854,84,20,1.0,0.4564472678395502,0.5294117647058824,0.45,0.48648648648648646,0.26209150326797387
sampled_20_multi_positive,96,42,42,42,1859,85,5,1.0,0.34519134224686937,0.4,0.4,0.4000000000000001,0.18
sampled_20_multi_positive,96,42,42,42,1859,85,10,1.0,0.34519134224686937,0.4,0.2,0.26666666666666666,0.18
sampled_20_multi_positive,96,42,42,42,1859,85,20,1.0,0.34519134224686937,0.4,0.1,0.16000000000000003,0.18
sampled_20_multi_positive,96,42,42,42,1877,86,5,1.0,0.16958010263680806,0.0625,0.2,0.09523809523809523,0.06666666666666667
sampled_20_multi_positive,96,42,42,42,1877,86,10,1.0,0.24309789328476902,0.1875,0.3,0.23076923076923075,0.08833333333333333
sampled_20_multi_positive,96,42,42,42,1877,86,20,1.0,0.3029789845684607,0.375,0.3,0.33333333333333326,0.11525735294117646
sampled_20_multi_positive,96,42,42,42,1879,87,5,1.0,0.14606834984270645,0.0625,0.2,0.09523809523809523,0.05
sampled_20_multi_positive,96,42,42,42,1879,87,10,1.0,0.23758350840568812,0.1875,0.3,0.23076923076923075,0.09107142857142857
sampled_20_multi_positive,96,42,42,42,1879,87,20,1.0,0.37537388373617897,0.5,0.4,0.4444444444444445,0.16829028760627057
sampled_20_multi_positive,96,42,42,42,1885,88,5,0.0,0.0,0.0,0.0,0.0,0.0
sampled_20_multi_positive,96,42,42,42,1885,88,10,1.0,0.17437146561008365,0.2857142857142857,0.2,0.23529411764705882,0.05215419501133787
sampled_20_multi_positive,96,42,42,42,1885,88,20,1.0,0.3173726217411639,0.5714285714285714,0.2,0.29629629629629634,0.1259637188208617
sampled_20_multi_positive,96,42,42,42,1896,89,5,1.0,0.4703652827859579,0.4,0.4,0.4000000000000001,0.27999999999999997
sampled_20_multi_positive,96,42,42,42,1896,89,10,1.0,0.5684045686173149,0.6,0.3,0.4,0.33999999999999997
sampled_20_multi_positive,96,42,42,42,1896,89,20,1.0,0.7316689022068255,1.0,0.25,0.4,0.4459649122807018
sampled_20_multi_positive,96,42,42,42,1908,90,5,1.0,0.3156484524795145,0.2,0.4,0.26666666666666666,0.16666666666666666
sampled_20_multi_positive,96,42,42,42,1908,90,10,1.0,0.34181895781690264,0.4,0.4,0.4000000000000001,0.16619047619047617
sampled_20_multi_positive,96,42,42,42,1908,90,20,1.0,0.5064274392897005,0.7,0.35,0.4666666666666667,0.2828571428571428
sampled_20_multi_positive,96,42,42,42,1918,91,5,1.0,0.27727342735504823,0.14285714285714285,0.4,0.21052631578947364,0.13
sampled_20_multi_positive,96,42,42,42,1918,91,10,1.0,0.2532954041105318,0.21428571428571427,0.3,0.25,0.10785714285714285
sampled_20_multi_positive,96,42,42,42,1918,91,20,1.0,0.3376889915772355,0.42857142857142855,0.3,0.3529411764705882,0.14538475309152
sampled_20_multi_positive,96,42,42,42,1943,92,5,1.0,0.4703652827859579,0.09523809523809523,0.4,0.15384615384615385,0.27999999999999997
sampled_20_multi_positive,96,42,42,42,1943,92,10,1.0,0.4422195942380129,0.19047619047619047,0.4,0.25806451612903225,0.22285714285714286
sampled_20_multi_positive,96,42,42,42,1943,92,20,1.0,0.4272447894089835,0.38095238095238093,0.4,0.3902439024390244,0.19618513431013432
sampled_20_multi_positive,96,42,42,42,2021,93,5,1.0,0.5087403079104241,0.2222222222222222,0.4,0.2857142857142857,0.3333333333333333
sampled_20_multi_positive,96,42,42,42,2021,93,10,1.0,0.5042366390392122,0.4444444444444444,0.4,0.4210526315789474,0.28518518518518515
sampled_20_multi_positive,96,42,42,42,2021,93,20,1.0,0.626133037873958,0.6666666666666666,0.3,0.41379310344827586,0.37553927553927546
sampled_20_multi_positive,96,42,42,42,2051,94,5,1.0,0.36005461457723403,0.16666666666666666,0.4,0.23529411764705882,0.2
sampled_20_multi_positive,96,42,42,42,2051,94,10,1.0,0.30701473034246535,0.25,0.3,0.2727272727272727,0.14285714285714285
sampled_20_multi_positive,96,42,42,42,2051,94,20,1.0,0.4214240657858953,0.5,0.3,0.37499999999999994,0.200392316017316
sampled_20_multi_positive,96,42,42,42,2061,95,5,1.0,0.5531464700081437,0.14285714285714285,0.4,0.21052631578947364,0.4
sampled_20_multi_positive,96,42,42,42,2061,95,10,1.0,0.42520843362602373,0.21428571428571427,0.3,0.25,0.23333333333333334
sampled_20_multi_positive,96,42,42,42,2061,95,20,1.0,0.34429512301131143,0.21428571428571427,0.15,0.1764705882352941,0.16666666666666669
sampled_20_multi_positive,96,42,42,42,2067,96,5,1.0,0.48522855511632257,0.11764705882352941,0.4,0.1818181818181818,0.3
sampled_20_multi_positive,96,42,42,42,2067,96,10,1.0,0.45449827622138,0.23529411764705882,0.4,0.29629629629629634,0.2373015873015873
sampled_20_multi_positive,96,42,42,42,2067,96,20,1.0,0.5689578198721977,0.5882352941176471,0.5,0.5405405405405405,0.3257324374971433
sampled_20_multi_positive,96,42,42,42,2135,97,5,1.0,0.5531464700081437,0.4,0.4,0.4000000000000001,0.4
sampled_20_multi_positive,96,42,42,42,2135,97,10,1.0,0.6552438651310554,0.6,0.3,0.4,0.4666666666666667
sampled_20_multi_positive,96,42,42,42,2135,97,20,1.0,0.7420546413669816,0.8,0.2,0.32000000000000006,0.5238095238095238
sampled_20_multi_positive,96,42,42,42,2166,98,5,1.0,0.16958010263680806,0.0625,0.2,0.09523809523809523,0.06666666666666667
sampled_20_multi_positive,96,42,42,42,2166,98,10,1.0,0.11004588314904008,0.0625,0.1,0.07692307692307693,0.03333333333333333
sampled_20_multi_positive,96,42,42,42,2166,98,20,1.0,0.28109219609722,0.375,0.3,0.33333333333333326,0.09377108636977058
sampled_20_multi_positive,96,42,42,42,2177,99,5,1.0,0.6164336326286644,0.1875,0.6,0.2857142857142857,0.42000000000000004
sampled_20_multi_positive,96,42,42,42,2177,99,10,1.0,0.6180396628416763,0.375,0.6,0.4615384615384615,0.4147619047619048
sampled_20_multi_positive,96,42,42,42,2177,99,20,1.0,0.5791646810583415,0.5625,0.45,0.5,0.3498511904761905
sampled_20_multi_positive,96,42,42,42,2219,100,5,1.0,0.14606834984270645,0.08333333333333333,0.2,0.11764705882352941,0.05
sampled_20_multi_positive,96,42,42,42,2219,100,10,1.0,0.3764255671009269,0.4166666666666667,0.5,0.45454545454545453,0.19563492063492063
sampled_20_multi_positive,96,42,42,42,2219,100,20,1.0,0.43518218770721623,0.5833333333333334,0.35,0.4375,0.23763227513227514
sampled_20_multi_positive,96,42,42,42,2237,101,5,1.0,0.30078518014914984,0.13333333333333333,0.4,0.2,0.14666666666666667
sampled_20_multi_positive,96,42,42,42,2237,101,10,1.0,0.47289350335945435,0.4,0.6,0.48,0.28888888888888886
sampled_20_multi_positive,96,42,42,42,2237,101,20,1.0,0.49112919921671677,0.6,0.45,0.5142857142857143,0.2903703703703704
sampled_20_multi_positive,96,42,42,42,2245,102,5,1.0,0.38356636737133565,0.14285714285714285,0.4,0.21052631578947364,0.2333333333333333
sampled_20_multi_positive,96,42,42,42,2245,102,10,1.0,0.5337225282363589,0.42857142857142855,0.6,0.5,0.34630952380952384
sampled_20_multi_positive,96,42,42,42,2245,102,20,1.0,0.5184962662862153,0.5714285714285714,0.4,0.47058823529411764,0.3122273909563825
sampled_20_multi_positive,96,42,42,42,2276,103,5,0.0,0.0,0.0,0.0,0.0,0.0
sampled_20_multi_positive,96,42,42,42,2276,103,10,1.0,0.10086747116627115,0.16666666666666666,0.1,0.125,0.023809523809523808
sampled_20_multi_positive,96,42,42,42,2276,103,20,1.0,0.33468840329265914,0.6666666666666666,0.2,0.30769230769230765,0.12926452632334987
sampled_20_multi_positive,96,42,42,42,2288,104,5,1.0,0.4703652827859579,0.2222222222222222,0.4,0.2857142857142857,0.27999999999999997
sampled_20_multi_positive,96,42,42,42,2288,104,10,1.0,0.3259735800334642,0.2222222222222222,0.2,0.2105263157894737,0.15555555555555556
sampled_20_multi_positive,96,42,42,42,2288,104,20,1.0,0.5603404457010414,0.6666666666666666,0.3,0.41379310344827586,0.2847641193229429
sampled_20_multi_positive,96,42,42,42,2331,105,5,1.0,0.3391602052736161,0.058823529411764705,0.2,0.0909090909090909,0.2
sampled_20_multi_positive,96,42,42,42,2331,105,10,1.0,0.5075394027672818,0.29411764705882354,0.5,0.37037037037037035,0.28174603174603174
sampled_20_multi_positive,96,42,42,42,2331,105,20,1.0,0.5243911811352006,0.5294117647058824,0.45,0.48648648648648646,0.2883162589044942
sampled_20_multi_positive,96,42,42,42,2341,106,5,1.0,0.6992148198508501,0.2,0.6,0.3,0.55
sampled_20_multi_positive,96,42,42,42,2341,106,10,1.0,0.5933607200949346,0.3333333333333333,0.5,0.4,0.38769841269841265
sampled_20_multi_positive,96,42,42,42,2341,106,20,1.0,0.7150940277614194,0.7333333333333333,0.55,0.6285714285714286,0.47671926170378176
sampled_20_multi_positive,96,42,42,42,2359,107,5,1.0,0.5531464700081437,0.18181818181818182,0.4,0.25000000000000006,0.4
sampled_20_multi_positive,96,42,42,42,2359,107,10,1.0,0.5107164012496701,0.36363636363636365,0.4,0.380952380952381,0.3071428571428571
sampled_20_multi_positive,96,42,42,42,2359,107,20,1.0,0.5816344125241477,0.5454545454545454,0.3,0.3870967741935483,0.3397154316271963
sampled_20_multi_positive,96,42,42,42,2360,108,5,1.0,0.21398626473452756,0.05555555555555555,0.2,0.08695652173913045,0.1
sampled_20_multi_positive,96,42,42,42,2360,108,10,1.0,0.2835149363066189,0.16666666666666666,0.3,0.21428571428571427,0.11666666666666665
sampled_20_multi_positive,96,42,42,42,2360,108,20,1.0,0.34182182517998133,0.3888888888888889,0.35,0.36842105263157887,0.1359770955165692
sampled_20_multi_positive,96,42,42,42,2364,109,5,0.0,0.0,0.0,0.0,0.0,0.0
sampled_20_multi_positive,96,42,42,42,2364,109,10,1.0,0.15176219107803537,0.14285714285714285,0.2,0.16666666666666666,0.04523809523809523
sampled_20_multi_positive,96,42,42,42,2364,109,20,1.0,0.26144854187325095,0.35714285714285715,0.25,0.2941176470588235,0.09446951857666143
sampled_20_multi_positive,96,42,42,42,2368,110,5,0.0,0.0,0.0,0.0,0.0,0.0
sampled_20_multi_positive,96,42,42,42,2368,110,10,1.0,0.14201905717762703,0.16666666666666666,0.2,0.1818181818181818,0.03666666666666667
sampled_20_multi_positive,96,42,42,42,2368,110,20,1.0,0.27762647447665034,0.4166666666666667,0.25,0.3125,0.10137362637362639
sampled_20_multi_positive,96,42,42,42,2388,111,5,0.0,0.0,0.0,0.0,0.0,0.0
sampled_20_multi_positive,96,42,42,42,2388,111,10,1.0,0.14490437600615513,0.2222222222222222,0.2,0.2105263157894737,0.038580246913580245
sampled_20_multi_positive,96,42,42,42,2388,111,20,1.0,0.3235508918008517,0.5555555555555556,0.25,0.3448275862068966,0.12866739288307916
sampled_20_multi_positive,96,42,42,42,2404,112,5,0.0,0.0,0.0,0.0,0.0,0.0
sampled_20_multi_positive,96,42,42,42,2404,112,10,1.0,0.09546043308946733,0.16666666666666666,0.1,0.125,0.020833333333333332
sampled_20_multi_positive,96,42,42,42,2404,112,20,1.0,0.2555198450466709,0.5,0.15,0.23076923076923075,0.08446969696969697
sampled_20_multi_positive,96,42,42,42,2415,113,5,1.0,0.13120507751234178,0.06666666666666667,0.2,0.1,0.04
sampled_20_multi_positive,96,42,42,42,2415,113,10,1.0,0.15850703974098102,0.13333333333333333,0.2,0.16,0.04857142857142857
sampled_20_multi_positive,96,42,42,42,2415,113,20,1.0,0.4180976801945151,0.6,0.45,0.5142857142857143,0.2038632718044483
sampled_20_multi_positive,96,42,42,42,2433,114,5,1.0,0.5087403079104241,0.10526315789473684,0.4,0.16666666666666666,0.3333333333333333
sampled_20_multi_positive,96,42,42,42,2433,114,10,1.0,0.3963918729015093,0.15789473684210525,0.3,0.20689655172413793,0.19999999999999998
sampled_20_multi_positive,96,42,42,42,2433,114,20,1.0,0.30106428642262795,0.21052631578947367,0.2,0.20512820512820512,0.11929824561403508
sampled_20_multi_positive,96,42,42,42,2436,115,5,1.0,0.38356636737133565,0.14285714285714285,0.4,0.21052631578947364,0.2333333333333333
sampled_20_multi_positive,96,42,42,42,2436,115,10,1.0,0.39092738420022166,0.2857142857142857,0.4,0.3333333333333333,0.20666666666666664
sampled_20_multi_positive,96,42,42,42,2436,115,20,1.0,0.4968158917586139,0.5714285714285714,0.4,0.47058823529411764,0.27307256235827665
sampled_20_multi_positive,96,42,42,42,2445,116,5,1.0,0.34519134224686937,0.2,0.4,0.26666666666666666,0.18
sampled_20_multi_positive,96,42,42,42,2445,116,10,1.0,0.3596910069063418,0.4,0.4,0.4000000000000001,0.17194444444444443
sampled_20_multi_positive,96,42,42,42,2445,116,20,1.0,0.5811595868997025,0.8,0.4,0.5333333333333333,0.34466269841269837
sampled_20_multi_positive,96,42,42,42,2511,117,5,1.0,0.4912596920895758,0.15789473684210525,0.6,0.25,0.32
sampled_20_multi_positive,96,42,42,42,2511,117,10,1.0,0.5278432933752526,0.3157894736842105,0.6,0.41379310344827586,0.34630952380952384
sampled_20_multi_positive,96,42,42,42,2511,117,20,1.0,0.46407337770418444,0.47368421052631576,0.45,0.46153846153846156,0.27028870252554466
sampled_20_multi_positive,96,42,42,42,2583,118,5,1.0,0.6843515475204855,0.3,0.6,0.4,0.52
sampled_20_multi_positive,96,42,42,42,2583,118,10,1.0,0.5174612499126158,0.4,0.4,0.4000000000000001,0.31714285714285717
sampled_20_multi_positive,96,42,42,42,2583,118,20,1.0,0.6211664388771202,0.6,0.3,0.4,0.37813356921716057
sampled_20_multi_positive,96,42,42,42,2595,119,5,1.0,0.3391602052736161,0.05263157894736842,0.2,0.08333333333333333,0.2
sampled_20_multi_positive,96,42,42,42,2595,119,10,1.0,0.3679212572135327,0.15789473684210525,0.3,0.20689655172413793,0.17083333333333334
sampled_20_multi_positive,96,42,42,42,2595,119,20,1.0,0.35282557358819855,0.3157894736842105,0.3,0.3076923076923077,0.13801774172272788
sampled_20_multi_positive,96,42,42,42,2605,120,5,1.0,0.21398626473452756,0.05,0.2,0.08000000000000002,0.1
sampled_20_multi_positive,96,42,42,42,2605,120,10,1.0,0.3479118113640809,0.2,0.4,0.26666666666666666,0.160515873015873
sampled_20_multi_positive,96,42,42,42,2605,120,20,1.0,0.29495018344245394,0.3,0.3,0.3,0.11576213818860877
sampled_20_multi_positive,96,42,42,42,2661,121,5,1.0,0.36005461457723403,0.125,0.4,0.19047619047619047,0.2
sampled_20_multi_positive,96,42,42,42,2661,121,10,1.0,0.521098444712307,0.375,0.6,0.4615384615384615,0.3363095238095238
sampled_20_multi_positive,96,42,42,42,2661,121,20,1.0,0.4672537340372281,0.5,0.4,0.4444444444444445,0.2671378968253968
sampled_20_multi_positive,96,42,42,42,2667,122,5,1.0,0.16958010263680806,0.09090909090909091,0.2,0.12500000000000003,0.06666666666666667
sampled_20_multi_positive,96,42,42,42,2667,122,10,1.0,0.11004588314904008,0.09090909090909091,0.1,0.09523809523809525,0.03333333333333333
sampled_20_multi_positive,96,42,42,42,2667,122,20,1.0,0.1036806144573329,0.09090909090909091,0.05,0.06451612903225806,0.0303030303030303
sampled_20_multi_positive,96,42,42,42,2680,123,5,1.0,0.14606834984270645,0.09090909090909091,0.2,0.12500000000000003,0.05
sampled_20_multi_positive,96,42,42,42,2680,123,10,1.0,0.09478836436955078,0.09090909090909091,0.1,0.09523809523809525,0.025
sampled_20_multi_positive,96,42,42,42,2680,123,20,1.0,0.24143168070774532,0.36363636363636365,0.2,0.25806451612903225,0.07207792207792209
sampled_20_multi_positive,96,42,42,42,2703,124,5,1.0,0.4468535299918563,0.6,0.6,0.6,0.2866666666666666
sampled_20_multi_positive,96,42,42,42,2703,124,10,1.0,0.4468535299918563,0.6,0.3,0.4,0.2866666666666666
sampled_20_multi_positive,96,42,42,42,2703,124,20,1.0,0.4468535299918563,0.6,0.15,0.24,0.2866666666666666
sampled_20_multi_positive,96,42,42,42,2709,125,5,1.0,0.6548086577531307,0.23076923076923078,0.6,0.33333333333333337,0.4833333333333333
sampled_20_multi_positive,96,42,42,42,2709,125,10,1.0,0.5033242827953464,0.3076923076923077,0.4,0.34782608695652173,0.3083333333333333
sampled_20_multi_positive,96,42,42,42,2709,125,20,1.0,0.5192733876137542,0.46153846153846156,0.3,0.3636363636363637,0.2910567839717637
sampled_20_multi_positive,96,42,42,42,2731,126,5,1.0,0.21398626473452756,0.1,0.2,0.13333333333333333,0.1
sampled_20_multi_positive,96,42,42,42,2731,126,10,1.0,0.20248323207250624,0.2,0.2,0.20000000000000004,0.06999999999999999
sampled_20_multi_positive,96,42,42,42,2731,126,20,1.0,0.31580599474213167,0.4,0.2,0.26666666666666666,0.12
sampled_20_multi_positive,96,42,42,42,2742,127,5,1.0,0.7227265726449519,0.23076923076923078,0.6,0.33333333333333337,0.6
sampled_20_multi_positive,96,42,42,42,2742,127,10,1.0,0.6086182388744239,0.38461538461538464,0.5,0.4347826086956522,0.4126984126984127
sampled_20_multi_positive,96,42,42,42,2742,127,20,1.0,0.695191723736078,0.6923076923076923,0.45,0.5454545454545455,0.4506868131868132
sampled_20_multi_positive,96,42,42,42,2756,128,5,1.0,0.5296347172140421,0.13043478260869565,0.6,0.21428571428571427,0.3833333333333333
sampled_20_multi_positive,96,42,42,42,2756,128,10,1.0,0.6285108926059098,0.30434782608695654,0.7,0.42424242424242425,0.4747619047619048
sampled_20_multi_positive,96,42,42,42,2756,128,20,1.0,0.6577430476969839,0.6086956521739131,0.7,0.6511627906976744,0.4982497241320772
sampled_20_multi_positive,96,42,42,42,2784,129,5,1.0,0.13120507751234178,0.038461538461538464,0.2,0.06451612903225806,0.04
sampled_20_multi_positive,96,42,42,42,2784,129,10,1.0,0.22979561007468535,0.11538461538461539,0.3,0.16666666666666669,0.08666666666666667
sampled_20_multi_positive,96,42,42,42,2784,129,20,1.0,0.367586470404262,0.34615384615384615,0.45,0.3913043478260869,0.17910961845172374
sampled_20_multi_positive,96,42,42,42,2811,130,5,1.0,0.48522855511632257,0.2857142857142857,0.4,0.3333333333333333,0.3
sampled_20_multi_positive,96,42,42,42,2811,130,10,1.0,0.5554622266077412,0.5714285714285714,0.4,0.47058823529411764,0.3190476190476191
sampled_20_multi_positive,96,42,42,42,2811,130,20,1.0,0.6227108704706924,0.7142857142857143,0.25,0.37037037037037035,0.3636904761904762
sampled_20_multi_positive,96,42,42,42,2863,131,5,1.0,0.38356636737133565,0.125,0.4,0.19047619047619047,0.2333333333333333
sampled_20_multi_positive,96,42,42,42,2863,131,10,1.0,0.32730659600126993,0.1875,0.3,0.23076923076923075,0.16666666666666666
sampled_20_multi_positive,96,42,42,42,2863,131,20,1.0,0.32584333736866294,0.3125,0.25,0.2777777777777778,0.14177978883861236
sampled_20_multi_positive,96,42,42,42,2878,132,5,1.0,0.5296347172140421,0.3,0.6,0.4,0.3833333333333333
sampled_20_multi_positive,96,42,42,42,2878,132,10,1.0,0.3436966913921454,0.3,0.3,0.3,0.19166666666666665
sampled_20_multi_positive,96,42,42,42,2878,132,20,1.0,0.5711607079240364,0.7,0.35,0.4666666666666667,0.3500686813186813
sampled_20_multi_positive,96,42,42,42,2883,133,5,1.0,0.34519134224686937,0.2,0.4,0.26666666666666666,0.18
sampled_20_multi_positive,96,42,42,42,2883,133,10,1.0,0.43042149375026456,0.5,0.5,0.5,0.23285714285714282
sampled_20_multi_positive,96,42,42,42,2883,133,20,1.0,0.5909644969963702,0.8,0.4,0.5333333333333333,0.3600051410577726
sampled_20_multi_positive,96,42,42,42,2891,134,5,0.0,0.0,0.0,0.0,0.0,0.0
sampled_20_multi_positive,96,42,42,42,2891,134,10,1.0,0.06794340091829075,0.1111111111111111,0.1,0.10526315789473685,0.011111111111111112
sampled_20_multi_positive,96,42,42,42,2891,134,20,1.0,0.19226908618777683,0.3333333333333333,0.15,0.20689655172413793,0.05353535353535354
sampled_20_multi_positive,96,42,42,42,2901,135,5,1.0,0.6548086577531307,0.2727272727272727,0.6,0.37499999999999994,0.4833333333333333
sampled_20_multi_positive,96,42,42,42,2901,135,10,1.0,0.4885468020156227,0.36363636363636365,0.4,0.380952380952381,0.2816666666666666
sampled_20_multi_positive,96,42,42,42,2901,135,20,1.0,0.617180543133187,0.6363636363636364,0.35,0.45161290322580644,0.36556473829201097
sampled_20_multi_positive,96,42,42,42,2968,136,5,1.0,0.34519134224686937,0.3333333333333333,0.4,0.3636363636363636,0.18
sampled_20_multi_positive,96,42,42,42,2968,136,10,1.0,0.5043113635726367,0.6666666666666666,0.4,0.5,0.30476190476190473
sampled_20_multi_positive,96,42,42,42,2968,136,20,1.0,0.588720172155137,0.8333333333333334,0.25,0.3846153846153846,0.3805194805194805
