EvalProtocol,COMMUNITY_TAG,TrainingSeed,SplitSeed,EvaluationSeed,userID,u_idx,k,HR,NDCG,Recall,Precision,MAP
sampled_99_multi_positive,38,52,42,42,38,0,5,1.0,0.830419897363192,0.2,0.8,0.71
sampled_99_multi_positive,38,52,42,42,38,0,10,1.0,0.6785038377365556,0.3,0.6,0.49309523809523814
sampled_99_multi_positive,38,52,42,42,38,0,20,1.0,0.5499318992003023,0.45,0.45,0.3386263736263736
sampled_99_multi_positive,38,52,42,42,42,1,5,1.0,0.6843515475204855,0.15,0.6,0.52
sampled_99_multi_positive,38,52,42,42,42,1,10,1.0,0.6621137423456802,0.3,0.6,0.4647619047619048
sampled_99_multi_positive,38,52,42,42,42,1,20,1.0,0.6109940263401556,0.55,0.55,0.3944285539022382
sampled_99_multi_positive,38,52,42,42,62,2,5,1.0,0.21398626473452756,0.05,0.2,0.1
sampled_99_multi_positive,38,52,42,42,62,2,10,1.0,0.13886244387355454,0.05,0.1,0.05
sampled_99_multi_positive,38,52,42,42,62,2,20,1.0,0.19033055882765465,0.2,0.2,0.04956140350877193
sampled_99_multi_positive,38,52,42,42,174,3,5,0.0,0.0,0.0,0.0,0.0
sampled_99_multi_positive,38,52,42,42,174,3,10,1.0,0.14279514403613733,0.1,0.2,0.039285714285714285
sampled_99_multi_positive,38,52,42,42,174,3,20,1.0,0.20134937269976994,0.25,0.25,0.061318436465495285
sampled_99_multi_positive,38,52,42,42,266,4,5,1.0,0.6992148198508501,0.15,0.6,0.55
sampled_99_multi_positive,38,52,42,42,266,4,10,1.0,0.6749359875559983,0.3,0.6,0.488095238095238
sampled_99_multi_positive,38,52,42,42,266,4,20,1.0,0.5441380077686119,0.45,0.45,0.3276677270098322
sampled_99_multi_positive,38,52,42,42,315,5,5,1.0,1.0,0.25,1.0,1.0
sampled_99_multi_positive,38,52,42,42,315,5,10,1.0,0.9305687780632227,0.45,0.9,0.8788888888888889
sampled_99_multi_positive,38,52,42,42,315,5,20,1.0,0.7796227858754577,0.7,0.7,0.6421982959850608
sampled_99_multi_positive,38,52,42,42,335,6,5,0.0,0.0,0.0,0.0,0.0
sampled_99_multi_positive,38,52,42,42,335,6,10,1.0,0.22119341301481266,0.15,0.3,0.08273809523809524
sampled_99_multi_positive,38,52,42,42,335,6,20,1.0,0.14275100645417454,0.15,0.15,0.04136904761904762
sampled_99_multi_positive,38,52,42,42,383,7,5,1.0,0.830419897363192,0.2,0.8,0.71
sampled_99_multi_positive,38,52,42,42,383,7,10,1.0,0.8899541168509599,0.45,0.9,0.7904365079365079
sampled_99_multi_positive,38,52,42,42,383,7,20,1.0,0.6808963385224889,0.6,0.6,0.504604687967691
sampled_99_multi_positive,38,52,42,42,385,8,5,1.0,0.6992148198508501,0.15,0.6,0.55
sampled_99_multi_positive,38,52,42,42,385,8,10,1.0,0.7385567757549499,0.35,0.7,0.5580952380952381
sampled_99_multi_positive,38,52,42,42,385,8,20,1.0,0.659568026910185,0.6,0.6,0.4573267412412149
sampled_99_multi_positive,38,52,42,42,461,9,5,1.0,0.3156484524795145,0.1,0.4,0.16666666666666666
sampled_99_multi_positive,38,52,42,42,461,9,10,1.0,0.2684550357175426,0.15,0.3,0.11333333333333333
sampled_99_multi_positive,38,52,42,42,461,9,20,1.0,0.2087621244901639,0.2,0.2,0.06999999999999999
sampled_99_multi_positive,38,52,42,42,465,10,5,1.0,1.0,0.25,1.0,1.0
sampled_99_multi_positive,38,52,42,42,465,10,10,1.0,0.9305687780632227,0.45,0.9,0.8788888888888889
sampled_99_multi_positive,38,52,42,42,465,10,20,1.0,0.7077564879785047,0.6,0.6,0.55078022875817
sampled_99_multi_positive,38,52,42,42,628,11,5,0.0,0.0,0.0,0.0,0.0
sampled_99_multi_positive,38,52,42,42,628,11,10,1.0,0.20904936749052638,0.15,0.3,0.07261904761904761
sampled_99_multi_positive,38,52,42,42,628,11,20,1.0,0.1704236459030034,0.2,0.2,0.04964285714285714
sampled_99_multi_positive,38,52,42,42,631,12,5,1.0,0.8539316501572937,0.2,0.8,0.76
sampled_99_multi_positive,38,52,42,42,631,12,10,1.0,0.7695261902392829,0.35,0.7,0.619047619047619
sampled_99_multi_positive,38,52,42,42,631,12,20,1.0,0.5723184654970348,0.45,0.45,0.37747252747252746
sampled_99_multi_positive,38,52,42,42,670,13,5,1.0,0.30078518014914984,0.1,0.4,0.14666666666666667
sampled_99_multi_positive,38,52,42,42,670,13,10,1.0,0.26462022272743835,0.15,0.3,0.11083333333333334
sampled_99_multi_positive,38,52,42,42,670,13,20,1.0,0.2737877250395966,0.3,0.3,0.10012254901960785
sampled_99_multi_positive,38,52,42,42,688,14,5,1.0,0.6992148198508501,0.15,0.6,0.55
sampled_99_multi_positive,38,52,42,42,688,14,10,1.0,0.804810999209339,0.4,0.8,0.6458730158730158
sampled_99_multi_positive,38,52,42,42,688,14,20,1.0,0.5880933197079866,0.5,0.5,0.3800793650793651
sampled_99_multi_positive,38,52,42,42,818,15,5,1.0,0.830419897363192,0.2,0.8,0.71
sampled_99_multi_positive,38,52,42,42,818,15,10,1.0,0.6687607038361472,0.3,0.6,0.4705555555555555
sampled_99_multi_positive,38,52,42,42,818,15,20,1.0,0.4712173892447547,0.35,0.35,0.26709595959595955
sampled_99_multi_positive,38,52,42,42,864,16,5,1.0,1.0,0.25,1.0,1.0
sampled_99_multi_positive,38,52,42,42,864,16,10,1.0,0.9305687780632227,0.45,0.9,0.8788888888888889
sampled_99_multi_positive,38,52,42,42,864,16,20,1.0,0.6695062061513984,0.55,0.55,0.5033333333333333
sampled_99_multi_positive,38,52,42,42,904,17,5,1.0,0.14606834984270645,0.05,0.2,0.05
sampled_99_multi_positive,38,52,42,42,904,17,10,1.0,0.24655055544758614,0.15,0.3,0.10119047619047619
sampled_99_multi_positive,38,52,42,42,904,17,20,1.0,0.23193243850539363,0.25,0.25,0.08264652014652014
sampled_99_multi_positive,38,52,42,42,922,18,5,1.0,0.30078518014914984,0.1,0.4,0.14666666666666667
sampled_99_multi_positive,38,52,42,42,922,18,10,1.0,0.3372080579682881,0.2,0.4,0.16333333333333333
sampled_99_multi_positive,38,52,42,42,922,18,20,1.0,0.29007068067168607,0.3,0.3,0.12014705882352941
sampled_99_multi_positive,38,52,42,42,971,19,5,1.0,0.5531464700081437,0.1,0.4,0.4
sampled_99_multi_positive,38,52,42,42,971,19,10,1.0,0.42838543210841196,0.15,0.3,0.2375
sampled_99_multi_positive,38,52,42,42,971,19,20,1.0,0.34842532864280795,0.25,0.25,0.1494318181818182
sampled_99_multi_positive,38,52,42,42,999,20,5,1.0,0.7860137352654724,0.2,0.8,0.6433333333333333
sampled_99_multi_positive,38,52,42,42,999,20,10,1.0,0.5834330535576521,0.25,0.5,0.3930952380952381
sampled_99_multi_positive,38,52,42,42,999,20,20,1.0,0.4516597197426194,0.35,0.35,0.24715367965367968
sampled_99_multi_positive,38,52,42,42,1015,21,5,1.0,0.14606834984270645,0.05,0.2,0.05
sampled_99_multi_positive,38,52,42,42,1015,21,10,1.0,0.16421958630632802,0.1,0.2,0.05
sampled_99_multi_positive,38,52,42,42,1015,21,20,1.0,0.1400449312356861,0.15,0.15,0.03382352941176471
sampled_99_multi_positive,38,52,42,42,1052,22,5,1.0,0.5147714448836774,0.15,0.6,0.35333333333333333
sampled_99_multi_positive,38,52,42,42,1052,22,10,1.0,0.3340514446642156,0.15,0.3,0.17666666666666667
sampled_99_multi_positive,38,52,42,42,1052,22,20,1.0,0.2894805431659553,0.25,0.25,0.12166666666666667
sampled_99_multi_positive,38,52,42,42,1134,23,5,1.0,0.4912596920895758,0.15,0.6,0.32
sampled_99_multi_positive,38,52,42,42,1134,23,10,1.0,0.3971921948634016,0.2,0.4,0.22666666666666666
sampled_99_multi_positive,38,52,42,42,1134,23,20,1.0,0.25633487362797824,0.2,0.2,0.11333333333333333
sampled_99_multi_positive,38,52,42,42,1219,24,5,1.0,0.5296347172140421,0.15,0.6,0.3833333333333333
sampled_99_multi_positive,38,52,42,42,1219,24,10,1.0,0.48068140169045714,0.25,0.5,0.2988095238095238
sampled_99_multi_positive,38,52,42,42,1219,24,20,1.0,0.3457260915713931,0.3,0.3,0.1694047619047619
sampled_99_multi_positive,38,52,42,42,1302,25,5,1.0,0.36005461457723403,0.1,0.4,0.2
sampled_99_multi_positive,38,52,42,42,1302,25,10,1.0,0.3706355185414171,0.2,0.4,0.18285714285714288
sampled_99_multi_positive,38,52,42,42,1302,25,20,1.0,0.38189966180144375,0.4,0.4,0.17667721167721168
sampled_99_multi_positive,38,52,42,42,1339,26,5,1.0,0.830419897363192,0.2,0.8,0.71
sampled_99_multi_positive,38,52,42,42,1339,26,10,1.0,0.6745711375739728,0.3,0.6,0.4841666666666667
sampled_99_multi_positive,38,52,42,42,1339,26,20,1.0,0.6093143827817517,0.55,0.55,0.38070984162895927
sampled_99_multi_positive,38,52,42,42,1372,27,5,1.0,0.13120507751234178,0.05,0.2,0.04
sampled_99_multi_positive,38,52,42,42,1372,27,10,1.0,0.2992268320114626,0.2,0.4,0.13527777777777777
sampled_99_multi_positive,38,52,42,42,1372,27,20,1.0,0.33454476607982664,0.4,0.4,0.15086323763955342
sampled_99_multi_positive,38,52,42,42,1381,28,5,1.0,0.6992148198508501,0.15,0.6,0.55
sampled_99_multi_positive,38,52,42,42,1381,28,10,1.0,0.6015720654566381,0.25,0.5,0.4041666666666666
sampled_99_multi_positive,38,52,42,42,1381,28,20,1.0,0.38823496879132147,0.25,0.25,0.2020833333333333
sampled_99_multi_positive,38,52,42,42,1383,29,5,0.0,0.0,0.0,0.0,0.0
sampled_99_multi_positive,38,52,42,42,1383,29,10,1.0,0.15176219107803537,0.1,0.2,0.04523809523809523
sampled_99_multi_positive,38,52,42,42,1383,29,20,1.0,0.21230435606224013,0.25,0.25,0.07077922077922078
sampled_99_multi_positive,38,52,42,42,1387,30,5,1.0,0.4468535299918563,0.15,0.6,0.2866666666666666
sampled_99_multi_positive,38,52,42,42,1387,30,10,1.0,0.28997736516021183,0.15,0.3,0.1433333333333333
sampled_99_multi_positive,38,52,42,42,1387,30,20,1.0,0.22265193317526075,0.2,0.2,0.08499999999999999
sampled_99_multi_positive,38,52,42,42,1411,31,5,0.0,0.0,0.0,0.0,0.0
sampled_99_multi_positive,38,52,42,42,1411,31,10,0.0,0.0,0.0,0.0,0.0
sampled_99_multi_positive,38,52,42,42,1411,31,20,1.0,0.1370253912659932,0.2,0.2,0.027616959064327484
sampled_99_multi_positive,38,52,42,42,1414,32,5,1.0,1.0,0.25,1.0,1.0
sampled_99_multi_positive,38,52,42,42,1414,32,10,1.0,0.7846170207230129,0.35,0.7,0.6527777777777778
sampled_99_multi_positive,38,52,42,42,1414,32,20,1.0,0.5459872732763661,0.4,0.4,0.36275252525252527
sampled_99_multi_positive,38,52,42,42,1419,33,5,1.0,0.6608397947263839,0.2,0.8,0.5433333333333333
sampled_99_multi_positive,38,52,42,42,1419,33,10,1.0,0.5072380780124418,0.25,0.5,0.35500000000000004
sampled_99_multi_positive,38,52,42,42,1419,33,20,1.0,0.39497003671125247,0.35,0.35,0.21467105263157898
sampled_99_multi_positive,38,52,42,42,1424,34,5,1.0,0.3391602052736161,0.05,0.2,0.2
sampled_99_multi_positive,38,52,42,42,1424,34,10,1.0,0.4341754806679218,0.2,0.4,0.21527777777777776
sampled_99_multi_positive,38,52,42,42,1424,34,20,1.0,0.3549436048788994,0.3,0.3,0.14990079365079362
sampled_99_multi_positive,38,52,42,42,1469,35,5,1.0,0.8687949224876582,0.2,0.8,0.8
sampled_99_multi_positive,38,52,42,42,1469,35,10,1.0,0.78180487222265,0.35,0.7,0.6468253968253967
sampled_99_multi_positive,38,52,42,42,1469,35,20,1.0,0.7219958635086109,0.65,0.65,0.5408569208569209
sampled_99_multi_positive,38,52,42,42,1486,36,5,1.0,0.7227265726449519,0.15,0.6,0.6
sampled_99_multi_positive,38,52,42,42,1486,36,10,1.0,0.6870165078530993,0.3,0.6,0.5047619047619047
sampled_99_multi_positive,38,52,42,42,1486,36,20,1.0,0.659552487091806,0.6,0.6,0.44514316093263473
sampled_99_multi_positive,38,52,42,42,1509,37,5,1.0,0.639945385422766,0.15,0.6,0.4533333333333333
sampled_99_multi_positive,38,52,42,42,1509,37,10,1.0,0.6235540477207574,0.3,0.6,0.40888888888888886
sampled_99_multi_positive,38,52,42,42,1509,37,20,1.0,0.473527883086417,0.4,0.4,0.2544444444444444
sampled_99_multi_positive,38,52,42,42,1538,38,5,1.0,0.21398626473452756,0.05,0.2,0.1
sampled_99_multi_positive,38,52,42,42,1538,38,10,1.0,0.3542454231505416,0.2,0.4,0.16619047619047617
sampled_99_multi_positive,38,52,42,42,1538,38,20,1.0,0.2993413587564381,0.3,0.3,0.11892857142857141
sampled_99_multi_positive,38,52,42,42,1545,39,5,1.0,0.5147714448836774,0.15,0.6,0.35333333333333333
sampled_99_multi_positive,38,52,42,42,1545,39,10,1.0,0.40741536676357565,0.2,0.4,0.23380952380952377
sampled_99_multi_positive,38,52,42,42,1545,39,20,1.0,0.2952708661183636,0.25,0.25,0.12940476190476188
sampled_99_multi_positive,38,52,42,42,1546,40,5,1.0,0.48522855511632257,0.1,0.4,0.3
sampled_99_multi_positive,38,52,42,42,1546,40,10,1.0,0.5360735436824436,0.25,0.5,0.3196428571428571
sampled_99_multi_positive,38,52,42,42,1546,40,20,1.0,0.5518028976867081,0.55,0.55,0.30904162980981864
sampled_99_multi_positive,38,52,42,42,1597,41,5,1.0,0.13120507751234178,0.05,0.2,0.04
sampled_99_multi_positive,38,52,42,42,1597,41,10,1.0,0.29659339675602525,0.2,0.4,0.13083333333333333
sampled_99_multi_positive,38,52,42,42,1597,41,20,1.0,0.33579766170384995,0.4,0.4,0.15432692307692308
sampled_99_multi_positive,38,52,42,42,1688,42,5,1.0,0.21398626473452756,0.05,0.2,0.1
sampled_99_multi_positive,38,52,42,42,1688,42,10,1.0,0.2082936658103318,0.1,0.2,0.075
sampled_99_multi_positive,38,52,42,42,1688,42,20,1.0,0.2069119684284078,0.2,0.2,0.06166267942583732
sampled_99_multi_positive,38,52,42,42,1722,43,5,1.0,0.5087403079104241,0.1,0.4,0.3333333333333333
sampled_99_multi_positive,38,52,42,42,1722,43,10,1.0,0.40853591842579556,0.15,0.3,0.21666666666666665
sampled_99_multi_positive,38,52,42,42,1722,43,20,1.0,0.29652071299268,0.2,0.2,0.11885964912280703
sampled_99_multi_positive,38,52,42,42,1744,44,5,0.0,0.0,0.0,0.0,0.0
sampled_99_multi_positive,38,52,42,42,1744,44,10,0.0,0.0,0.0,0.0,0.0
sampled_99_multi_positive,38,52,42,42,1744,44,20,0.0,0.0,0.0,0.0,0.0
sampled_99_multi_positive,38,52,42,42,1778,45,5,1.0,1.0,0.25,1.0,1.0
sampled_99_multi_positive,38,52,42,42,1778,45,10,1.0,0.727329844310522,0.3,0.6,0.6
sampled_99_multi_positive,38,52,42,42,1778,45,20,1.0,0.6913238592619292,0.6,0.6,0.5096478521478521
sampled_99_multi_positive,38,52,42,42,1781,46,5,0.0,0.0,0.0,0.0,0.0
sampled_99_multi_positive,38,52,42,42,1781,46,10,0.0,0.0,0.0,0.0,0.0
sampled_99_multi_positive,38,52,42,42,1781,46,20,1.0,0.036356287988538835,0.05,0.05,0.0035714285714285713
sampled_99_multi_positive,38,52,42,42,1795,47,5,1.0,0.6992148198508501,0.15,0.6,0.55
sampled_99_multi_positive,38,52,42,42,1795,47,10,1.0,0.7264127302306637,0.35,0.7,0.5313095238095238
sampled_99_multi_positive,38,52,42,42,1795,47,20,1.0,0.5457308750187712,0.45,0.45,0.33663378288378293
sampled_99_multi_positive,38,52,42,42,1797,48,5,1.0,0.7860137352654724,0.2,0.8,0.6433333333333333
sampled_99_multi_positive,38,52,42,42,1797,48,10,1.0,0.7280855459907165,0.35,0.7,0.5684920634920634
sampled_99_multi_positive,38,52,42,42,1797,48,20,1.0,0.5702480724763112,0.5,0.5,0.3590912329844218
sampled_99_multi_positive,38,52,42,42,1823,49,5,1.0,1.0,0.25,1.0,1.0
sampled_99_multi_positive,38,52,42,42,1823,49,10,1.0,0.7846170207230129,0.35,0.7,0.6527777777777778
sampled_99_multi_positive,38,52,42,42,1823,49,20,1.0,0.6198819213501633,0.5,0.5,0.4335858585858586
sampled_99_multi_positive,38,52,42,42,1875,50,5,1.0,0.16958010263680806,0.05,0.2,0.06666666666666667
sampled_99_multi_positive,38,52,42,42,1875,50,10,1.0,0.1736666713479918,0.1,0.2,0.05333333333333333
sampled_99_multi_positive,38,52,42,42,1875,50,20,1.0,0.14682897190258629,0.15,0.15,0.036041666666666666
sampled_99_multi_positive,38,52,42,42,1966,51,5,1.0,0.830419897363192,0.2,0.8,0.71
sampled_99_multi_positive,38,52,42,42,1966,51,10,1.0,0.8115558478722846,0.4,0.8,0.6592063492063491
sampled_99_multi_positive,38,52,42,42,1966,51,20,1.0,0.5951213682909239,0.5,0.5,0.3936303239244415
sampled_99_multi_positive,38,52,42,42,1980,52,5,1.0,0.3156484524795145,0.1,0.4,0.16666666666666666
sampled_99_multi_positive,38,52,42,42,1980,52,10,1.0,0.2742654694553681,0.15,0.3,0.12083333333333332
sampled_99_multi_positive,38,52,42,42,1980,52,20,1.0,0.21251198870494656,0.2,0.2,0.07375
sampled_99_multi_positive,38,52,42,42,1981,53,5,1.0,0.48522855511632257,0.1,0.4,0.3
sampled_99_multi_positive,38,52,42,42,1981,53,10,1.0,0.31488013066763093,0.1,0.2,0.15
sampled_99_multi_positive,38,52,42,42,1981,53,20,1.0,0.3088950858541251,0.25,0.25,0.11302968960863698
sampled_99_multi_positive,38,52,42,42,2013,54,5,1.0,1.0,0.25,1.0,1.0
sampled_99_multi_positive,38,52,42,42,2013,54,10,1.0,0.7125523635307982,0.3,0.6,0.5599999999999999
sampled_99_multi_positive,38,52,42,42,2013,54,20,1.0,0.5678540770225431,0.45,0.45,0.36216905901116425
sampled_99_multi_positive,38,52,42,42,2039,55,5,1.0,0.14606834984270645,0.05,0.2,0.05
sampled_99_multi_positive,38,52,42,42,2039,55,10,1.0,0.2426178552850034,0.15,0.3,0.09583333333333333
sampled_99_multi_positive,38,52,42,42,2039,55,20,1.0,0.26314994420328564,0.3,0.3,0.09687499999999999
sampled_99_multi_positive,38,52,42,42,2062,56,5,0.0,0.0,0.0,0.0,0.0
sampled_99_multi_positive,38,52,42,42,2062,56,10,1.0,0.06625422345438903,0.05,0.1,0.01111111111111111
sampled_99_multi_positive,38,52,42,42,2062,56,20,1.0,0.04275831251503158,0.05,0.05,0.005555555555555555
