path,bytes,sha256
data/douban/communities/cc/comm_U_55_I_1344_comm_13.txt,39217,f49931afde83fc5e04472e3cf9a9e66b01ccb136cacbe36d132662f892851cb5
data/douban/communities/cc/comm_U_57_I_1240_comm_2.txt,32909,aa7932765e6d429cadca5e58e7dc289c04dbe5c2474bccef591132bafe0fb232
data/douban/communities/cc/comm_U_61_I_1228_comm_5.txt,35248,58cd7ea6d606d38b1701e44b6e468670d895eb9c51336f50adc6587cca5ad548
data/douban/communities/cc/comm_U_62_I_1375_comm_14.txt,41013,d9fe8d8e11119614edd596c923de8f551fa19ea1cfba7733923787b1aa1e67ed
data/douban/communities/cc/comm_U_63_I_1233_comm_25.txt,36239,45864006545702a1a5bc9c637ec7fba70bc5a0cbb196cfc6d3da7902effde7fb
data/douban/communities/cc/comm_U_89_I_1573_comm_11.txt,49987,489acc6ef648ee92b333252be80d9dcb0133e7f4cdfa2a1d7e462914321ba3f1
data/douban/communities/dc/003_comm_8_U104_I3510.txt,140324,a28c8cdfb0fadac681ec2c2981315810bf6faf8a1224d1cb3c66dc0d38c11b54
data/douban/communities/dc/006_comm_14_U137_I3673.txt,165324,aa7a2dfedf74ffdaa2ae9e9ae5a3244c98684452f645752222fcad7b25bc21ab
data/douban/communities/dc/023_comm_84_U117_I3855.txt,158825,77c40706bddd005cf072abd313ae13a6519c122013b52568df04c755128bae7b
data/douban/communities/dc/026_comm_96_U137_I4033.txt,190647,526df3160139aa0ef85a28a1d483d9e19588437f656744ce3cb1363946f48501
data/douban/communities/dc/028_comm_101_U80_I3034.txt,99930,6e8f415fa889b5bad06d315a98208c343e29b2bb876553a84dc4db6eb1e208fe
data/douban/communities/dc/045_comm_287_U118_I2606.txt,97894,386528a4a1022cdcea2be904c83398d331b1d90246e7b2c12ed1a3191c02cd52
data/lastfm/communities/cc/comm_U_124_I_1220_4.txt,76972,2b7c8d052bdc90611ea364f553bf8232f7199e71a4dc43b7ab244c0fce8ac8bf
data/lastfm/communities/cc/comm_U_125_I_2333_0.txt,78481,a461ee582efdb4a318a780934ecc2877a9ab02f34a25fcef78efed8eef69e762
data/lastfm/communities/cc/comm_U_132_I_1620_3.txt,81929,1d442e3ec6abc5e8617dbcdeeb876c5782803f34f994dda9f41a10f3c8ae1f2c
data/lastfm/communities/cc/comm_U_182_I_2801_7.txt,118155,5d01bf4f5a3ab342b0b20605f338f419d335289c1063226b8088a2aa3851d4f4
data/lastfm/communities/cc/comm_U_69_I_908_1.txt,43982,4afabb57c11a76737362b06d2f9913ac3049e5fde04a203e7764590b126c4b72
data/lastfm/communities/cc/comm_U_75_I_1193_12.txt,47248,1e5182765bcefd4a3ff9229dd37e9a6f4fc72b0bc29ac516931fbec82573e8e1
data/lastfm/communities/cc/comm_U_88_I_1145_2.txt,55710,fedeef3c0789c2c81b11adc4945407df0627f35766418a7a4ecb78ef9f213899
data/lastfm/communities/dc/comm_U_136_I_1884_60.txt,85046,5f821ec2bf3d84ca3694990c1dacdd63d7d3d37e011556edcf073822a1f88a9f
data/lastfm/communities/dc/comm_U_25_I_787_104.txt,16284,87ea502c0df43c0a87db134a7d542f0ebd6ee4a4edad003c38705994d1f6b096
data/lastfm/communities/dc/comm_U_26_I_675_44.txt,15850,b0fad1b96ac9e0f3a9580b4c11792c4c9af765ea5aca6eae7c99af9f1328c8b8
data/lastfm/communities/dc/comm_U_28_I_817_114.txt,18483,26b066c006c9363cb75ad33c9e21520e6da48ef9bd750c13ac3586dd4c41ed4d
data/lastfm/communities/dc/comm_U_29_I_639_506.txt,18343,6871ab855dd8d918fad64b742fffe8cbd03cbfcaa600345618f2d69799319840
data/lastfm/communities/dc/comm_U_30_I_607_204.txt,19127,0da20232f715f614a80553f66e7c6a208af640a0e2cc7c736c569e948a20b650
data/lastfm/communities/dc/comm_U_38_I_942_28.txt,23010,277cba0a8828b606bf7ff0a42e38de2641ff9df294091dcd72a11c8ef27c00e9
data/lastfm/communities/dc/comm_U_44_I_1227_107.txt,29153,cebe7cfadcae16ecd0093a7c22821d6eeaa3290ac18e7221a1da2f7a979e99b1
data/lastfm/communities/dc/comm_U_55_I_717_211.txt,34755,7db81b231e9616ac1ef13f78cb3b58209952a9cdb83103d5add76e50324576f8
data/lastfm/communities/dc/comm_U_57_I_1188_38.txt,36765,547dc83d2959bfe32fc74768f9f1096fd195f584ecdaa61c073b3a225b434334
data/lastfm/communities/dc/comm_U_58_I_1010_40.txt,36044,445505b2e76bde261b1db6780099c452115241482143998b930298a5745919d8
data/lastfm/communities/dc/comm_U_66_I_1051_30.txt,41709,009d89507db8a572171a41a28364412b45d0fd02e4b056b81ab76c0180ff3aa4
data/lastfm/communities/dc/comm_U_81_I_1572_99.txt,52738,ec0e66e841b91d6376340b0688758fea8744da1efa6f0540523129cfd97eab1f
