dataset,scenario,output_type,training_seed,split_seed,evaluation_seed,community_tag,source_filename,github_path
douban,cc_dmf,all_items,42,42,42,2,all_items_per_user_V2_CCDMF_DMF2_BCEIMP_DBNCCCOMM_LASTN_TF0d2_VF0d15_POS3train4test_NEG1_P128_Z128_LR0d001_WD1em05_BS256_SELNDCG.csv,02_recommendation/outputs/douban/cc_dmf/seed_42/community_2/all_items_per_user.csv
douban,cc_dmf,sampled,42,42,42,2,sampled_per_user_V2_CCDMF_DMF2_BCEIMP_DBNCCCOMM_LASTN_TF0d2_VF0d15_POS3train4test_NEG1_P128_Z128_LR0d001_WD1em05_BS256_SELNDCG10.csv,02_recommendation/outputs/douban/cc_dmf/seed_42/community_2/sampled_per_user.csv
douban,cc_dmf,all_items,42,42,42,5,all_items_per_user_V2_CCDMF_DMF2_BCEIMP_DBNCCCOMM_LASTN_TF0d2_VF0d15_POS3train4test_NEG1_P128_Z128_LR0d001_WD1em05_BS256_SELNDCG(3).csv,02_recommendation/outputs/douban/cc_dmf/seed_42/community_5/all_items_per_user.csv
douban,cc_dmf,sampled,42,42,42,5,sampled_per_user_V2_CCDMF_DMF2_BCEIMP_DBNCCCOMM_LASTN_TF0d2_VF0d15_POS3train4test_NEG1_P128_Z128_LR0d001_WD1em05_BS256_SELNDCG10(3).csv,02_recommendation/outputs/douban/cc_dmf/seed_42/community_5/sampled_per_user.csv
douban,cc_dmf,all_items,42,42,42,11,all_items_per_user_V2_CCDMF_DMF2_BCEIMP_DBNCCCOMM_LASTN_TF0d2_VF0d15_POS3train4test_NEG1_P128_Z128_LR0d001_WD1em05_BS256_SELNDCG(6).csv,02_recommendation/outputs/douban/cc_dmf/seed_42/community_11/all_items_per_user.csv
douban,cc_dmf,sampled,42,42,42,11,sampled_per_user_V2_CCDMF_DMF2_BCEIMP_DBNCCCOMM_LASTN_TF0d2_VF0d15_POS3train4test_NEG1_P128_Z128_LR0d001_WD1em05_BS256_SELNDCG10(6).csv,02_recommendation/outputs/douban/cc_dmf/seed_42/community_11/sampled_per_user.csv
douban,cc_dmf,all_items,42,42,42,13,all_items_per_user_V2_CCDMF_DMF2_BCEIMP_DBNCCCOMM_LASTN_TF0d2_VF0d15_POS3train4test_NEG1_P128_Z128_LR0d001_WD1em05_BS256_SELNDCG(9).csv,02_recommendation/outputs/douban/cc_dmf/seed_42/community_13/all_items_per_user.csv
douban,cc_dmf,sampled,42,42,42,13,sampled_per_user_V2_CCDMF_DMF2_BCEIMP_DBNCCCOMM_LASTN_TF0d2_VF0d15_POS3train4test_NEG1_P128_Z128_LR0d001_WD1em05_BS256_SELNDCG10(9).csv,02_recommendation/outputs/douban/cc_dmf/seed_42/community_13/sampled_per_user.csv
douban,cc_dmf,all_items,42,42,42,14,all_items_per_user_V2_CCDMF_DMF2_BCEIMP_DBNCCCOMM_LASTN_TF0d2_VF0d15_POS3train4test_NEG1_P128_Z128_LR0d001_WD1em05_BS256_SELNDCG(20261001-212734).csv,02_recommendation/outputs/douban/cc_dmf/seed_42/community_14/all_items_per_user.csv
douban,cc_dmf,sampled,42,42,42,14,sampled_per_user_V2_CCDMF_DMF2_BCEIMP_DBNCCCOMM_LASTN_TF0d2_VF0d15_POS3train4test_NEG1_P128_Z128_LR0d001_WD1em05_BS256_SELNDCG10(20261001-212736).csv,02_recommendation/outputs/douban/cc_dmf/seed_42/community_14/sampled_per_user.csv
douban,cc_dmf,all_items,42,42,42,25,all_items_per_user_V2_CCDMF_DMF2_BCEIMP_DBNCCCOMM_LASTN_TF0d2_VF0d15_POS3train4test_NEG1_P128_Z128_LR0d001_WD1em05_BS256_SELNDCG(20261001-212808).csv,02_recommendation/outputs/douban/cc_dmf/seed_42/community_25/all_items_per_user.csv
douban,cc_dmf,sampled,42,42,42,25,sampled_per_user_V2_CCDMF_DMF2_BCEIMP_DBNCCCOMM_LASTN_TF0d2_VF0d15_POS3train4test_NEG1_P128_Z128_LR0d001_WD1em05_BS256_SELNDCG10(20261001-212808).csv,02_recommendation/outputs/douban/cc_dmf/seed_42/community_25/sampled_per_user.csv
douban,cc_dmf,all_items,52,42,42,2,all_items_per_user_V2_CCDMF_DMF2_BCEIMP_DBNCCCOMM_LASTN_TF0d2_VF0d15_POS3train4test_NEG1_P128_Z128_LR0d001_WD1em05_BS256_SELNDCG(1).csv,02_recommendation/outputs/douban/cc_dmf/seed_52/community_2/all_items_per_user.csv
douban,cc_dmf,sampled,52,42,42,2,sampled_per_user_V2_CCDMF_DMF2_BCEIMP_DBNCCCOMM_LASTN_TF0d2_VF0d15_POS3train4test_NEG1_P128_Z128_LR0d001_WD1em05_BS256_SELNDCG10(1).csv,02_recommendation/outputs/douban/cc_dmf/seed_52/community_2/sampled_per_user.csv
douban,cc_dmf,all_items,52,42,42,5,all_items_per_user_V2_CCDMF_DMF2_BCEIMP_DBNCCCOMM_LASTN_TF0d2_VF0d15_POS3train4test_NEG1_P128_Z128_LR0d001_WD1em05_BS256_SELNDCG(4).csv,02_recommendation/outputs/douban/cc_dmf/seed_52/community_5/all_items_per_user.csv
douban,cc_dmf,sampled,52,42,42,5,sampled_per_user_V2_CCDMF_DMF2_BCEIMP_DBNCCCOMM_LASTN_TF0d2_VF0d15_POS3train4test_NEG1_P128_Z128_LR0d001_WD1em05_BS256_SELNDCG10(4).csv,02_recommendation/outputs/douban/cc_dmf/seed_52/community_5/sampled_per_user.csv
douban,cc_dmf,all_items,52,42,42,11,all_items_per_user_V2_CCDMF_DMF2_BCEIMP_DBNCCCOMM_LASTN_TF0d2_VF0d15_POS3train4test_NEG1_P128_Z128_LR0d001_WD1em05_BS256_SELNDCG(7).csv,02_recommendation/outputs/douban/cc_dmf/seed_52/community_11/all_items_per_user.csv
douban,cc_dmf,sampled,52,42,42,11,sampled_per_user_V2_CCDMF_DMF2_BCEIMP_DBNCCCOMM_LASTN_TF0d2_VF0d15_POS3train4test_NEG1_P128_Z128_LR0d001_WD1em05_BS256_SELNDCG10(7).csv,02_recommendation/outputs/douban/cc_dmf/seed_52/community_11/sampled_per_user.csv
douban,cc_dmf,all_items,52,42,42,13,all_items_per_user_V2_CCDMF_DMF2_BCEIMP_DBNCCCOMM_LASTN_TF0d2_VF0d15_POS3train4test_NEG1_P128_Z128_LR0d001_WD1em05_BS256_SELNDCG(10).csv,02_recommendation/outputs/douban/cc_dmf/seed_52/community_13/all_items_per_user.csv
douban,cc_dmf,sampled,52,42,42,13,sampled_per_user_V2_CCDMF_DMF2_BCEIMP_DBNCCCOMM_LASTN_TF0d2_VF0d15_POS3train4test_NEG1_P128_Z128_LR0d001_WD1em05_BS256_SELNDCG10(10).csv,02_recommendation/outputs/douban/cc_dmf/seed_52/community_13/sampled_per_user.csv
douban,cc_dmf,all_items,52,42,42,14,all_items_per_user_V2_CCDMF_DMF2_BCEIMP_DBNCCCOMM_LASTN_TF0d2_VF0d15_POS3train4test_NEG1_P128_Z128_LR0d001_WD1em05_BS256_SELNDCG(20261001-212742).csv,02_recommendation/outputs/douban/cc_dmf/seed_52/community_14/all_items_per_user.csv
douban,cc_dmf,sampled,52,42,42,14,sampled_per_user_V2_CCDMF_DMF2_BCEIMP_DBNCCCOMM_LASTN_TF0d2_VF0d15_POS3train4test_NEG1_P128_Z128_LR0d001_WD1em05_BS256_SELNDCG10(20261001-212742).csv,02_recommendation/outputs/douban/cc_dmf/seed_52/community_14/sampled_per_user.csv
douban,cc_dmf,all_items,52,42,42,25,all_items_per_user_V2_CCDMF_DMF2_BCEIMP_DBNCCCOMM_LASTN_TF0d2_VF0d15_POS3train4test_NEG1_P128_Z128_LR0d001_WD1em05_BS256_SELNDCG(20261001-212818).csv,02_recommendation/outputs/douban/cc_dmf/seed_52/community_25/all_items_per_user.csv
douban,cc_dmf,sampled,52,42,42,25,sampled_per_user_V2_CCDMF_DMF2_BCEIMP_DBNCCCOMM_LASTN_TF0d2_VF0d15_POS3train4test_NEG1_P128_Z128_LR0d001_WD1em05_BS256_SELNDCG10(20261001-212818).csv,02_recommendation/outputs/douban/cc_dmf/seed_52/community_25/sampled_per_user.csv
douban,cc_dmf,all_items,62,42,42,2,all_items_per_user_V2_CCDMF_DMF2_BCEIMP_DBNCCCOMM_LASTN_TF0d2_VF0d15_POS3train4test_NEG1_P128_Z128_LR0d001_WD1em05_BS256_SELNDCG(2).csv,02_recommendation/outputs/douban/cc_dmf/seed_62/community_2/all_items_per_user.csv
douban,cc_dmf,sampled,62,42,42,2,sampled_per_user_V2_CCDMF_DMF2_BCEIMP_DBNCCCOMM_LASTN_TF0d2_VF0d15_POS3train4test_NEG1_P128_Z128_LR0d001_WD1em05_BS256_SELNDCG10(2).csv,02_recommendation/outputs/douban/cc_dmf/seed_62/community_2/sampled_per_user.csv
douban,cc_dmf,all_items,62,42,42,5,all_items_per_user_V2_CCDMF_DMF2_BCEIMP_DBNCCCOMM_LASTN_TF0d2_VF0d15_POS3train4test_NEG1_P128_Z128_LR0d001_WD1em05_BS256_SELNDCG(5).csv,02_recommendation/outputs/douban/cc_dmf/seed_62/community_5/all_items_per_user.csv
douban,cc_dmf,sampled,62,42,42,5,sampled_per_user_V2_CCDMF_DMF2_BCEIMP_DBNCCCOMM_LASTN_TF0d2_VF0d15_POS3train4test_NEG1_P128_Z128_LR0d001_WD1em05_BS256_SELNDCG10(5).csv,02_recommendation/outputs/douban/cc_dmf/seed_62/community_5/sampled_per_user.csv
douban,cc_dmf,all_items,62,42,42,11,all_items_per_user_V2_CCDMF_DMF2_BCEIMP_DBNCCCOMM_LASTN_TF0d2_VF0d15_POS3train4test_NEG1_P128_Z128_LR0d001_WD1em05_BS256_SELNDCG(8).csv,02_recommendation/outputs/douban/cc_dmf/seed_62/community_11/all_items_per_user.csv
douban,cc_dmf,sampled,62,42,42,11,sampled_per_user_V2_CCDMF_DMF2_BCEIMP_DBNCCCOMM_LASTN_TF0d2_VF0d15_POS3train4test_NEG1_P128_Z128_LR0d001_WD1em05_BS256_SELNDCG10(8).csv,02_recommendation/outputs/douban/cc_dmf/seed_62/community_11/sampled_per_user.csv
douban,cc_dmf,all_items,62,42,42,13,all_items_per_user_V2_CCDMF_DMF2_BCEIMP_DBNCCCOMM_LASTN_TF0d2_VF0d15_POS3train4test_NEG1_P128_Z128_LR0d001_WD1em05_BS256_SELNDCG(20261001-212659).csv,02_recommendation/outputs/douban/cc_dmf/seed_62/community_13/all_items_per_user.csv
douban,cc_dmf,sampled,62,42,42,13,sampled_per_user_V2_CCDMF_DMF2_BCEIMP_DBNCCCOMM_LASTN_TF0d2_VF0d15_POS3train4test_NEG1_P128_Z128_LR0d001_WD1em05_BS256_SELNDCG10(20261001-212659).csv,02_recommendation/outputs/douban/cc_dmf/seed_62/community_13/sampled_per_user.csv
douban,cc_dmf,all_items,62,42,42,14,all_items_per_user_V2_CCDMF_DMF2_BCEIMP_DBNCCCOMM_LASTN_TF0d2_VF0d15_POS3train4test_NEG1_P128_Z128_LR0d001_WD1em05_BS256_SELNDCG(20261001-212751).csv,02_recommendation/outputs/douban/cc_dmf/seed_62/community_14/all_items_per_user.csv
douban,cc_dmf,sampled,62,42,42,14,sampled_per_user_V2_CCDMF_DMF2_BCEIMP_DBNCCCOMM_LASTN_TF0d2_VF0d15_POS3train4test_NEG1_P128_Z128_LR0d001_WD1em05_BS256_SELNDCG10(20261001-212752).csv,02_recommendation/outputs/douban/cc_dmf/seed_62/community_14/sampled_per_user.csv
douban,cc_dmf,all_items,62,42,42,25,all_items_per_user_V2_CCDMF_DMF2_BCEIMP_DBNCCCOMM_LASTN_TF0d2_VF0d15_POS3train4test_NEG1_P128_Z128_LR0d001_WD1em05_BS256_SELNDCG(20261001-212827).csv,02_recommendation/outputs/douban/cc_dmf/seed_62/community_25/all_items_per_user.csv
douban,cc_dmf,sampled,62,42,42,25,sampled_per_user_V2_CCDMF_DMF2_BCEIMP_DBNCCCOMM_LASTN_TF0d2_VF0d15_POS3train4test_NEG1_P128_Z128_LR0d001_WD1em05_BS256_SELNDCG10(20261001-212826).csv,02_recommendation/outputs/douban/cc_dmf/seed_62/community_25/sampled_per_user.csv
douban,dc_dmf,all_items,42,42,42,8,all_items_per_user_V8_DCDMF_DMF2_BCEIMP_DBNCOMM_LASTN_TF0d2_VF0d15_POS3train4test_NEG1_P128_Z128_LR0d001_WD1em05_BS256_SELNDCG10.csv,02_recommendation/outputs/douban/dc_dmf/seed_42/community_8/all_items_per_user.csv
douban,dc_dmf,sampled,42,42,42,8,sampled_per_user_V8_DCDMF_DMF2_BCEIMP_DBNCOMM_LASTN_TF0d2_VF0d15_POS3train4test_NEG1_P128_Z128_LR0d001_WD1em05_BS256_SELNDCG10_N.csv,02_recommendation/outputs/douban/dc_dmf/seed_42/community_8/sampled_per_user.csv
douban,dc_dmf,all_items,42,42,42,14,all_items_per_user_V8_DCDMF_DMF2_BCEIMP_DBNCOMM_LASTN_TF0d2_VF0d15_POS3train4test_NEG1_P128_Z128_LR0d001_WD1em05_BS256_SELNDCG10(3).csv,02_recommendation/outputs/douban/dc_dmf/seed_42/community_14/all_items_per_user.csv
douban,dc_dmf,sampled,42,42,42,14,sampled_per_user_V8_DCDMF_DMF2_BCEIMP_DBNCOMM_LASTN_TF0d2_VF0d15_POS3train4test_NEG1_P128_Z128_LR0d001_WD1em05_BS256_SELNDCG10_N(3).csv,02_recommendation/outputs/douban/dc_dmf/seed_42/community_14/sampled_per_user.csv
douban,dc_dmf,all_items,42,42,42,84,all_items_per_user_V8_DCDMF_DMF2_BCEIMP_DBNCOMM_LASTN_TF0d2_VF0d15_POS3train4test_NEG1_P128_Z128_LR0d001_WD1em05_BS256_SELNDCG10(6).csv,02_recommendation/outputs/douban/dc_dmf/seed_42/community_84/all_items_per_user.csv
douban,dc_dmf,sampled,42,42,42,84,sampled_per_user_V8_DCDMF_DMF2_BCEIMP_DBNCOMM_LASTN_TF0d2_VF0d15_POS3train4test_NEG1_P128_Z128_LR0d001_WD1em05_BS256_SELNDCG10_N(6).csv,02_recommendation/outputs/douban/dc_dmf/seed_42/community_84/sampled_per_user.csv
douban,dc_dmf,all_items,42,42,42,96,all_items_per_user_V8_DCDMF_DMF2_BCEIMP_DBNCOMM_LASTN_TF0d2_VF0d15_POS3train4test_NEG1_P128_Z128_LR0d001_WD1em05_BS256_SELNDCG10(9).csv,02_recommendation/outputs/douban/dc_dmf/seed_42/community_96/all_items_per_user.csv
douban,dc_dmf,sampled,42,42,42,96,sampled_per_user_V8_DCDMF_DMF2_BCEIMP_DBNCOMM_LASTN_TF0d2_VF0d15_POS3train4test_NEG1_P128_Z128_LR0d001_WD1em05_BS256_SELNDCG10_N(9).csv,02_recommendation/outputs/douban/dc_dmf/seed_42/community_96/sampled_per_user.csv
douban,dc_dmf,all_items,42,42,42,101,all_items_per_user_V8_DCDMF_DMF2_BCEIMP_DBNCOMM_LASTN_TF0d2_VF0d15_POS3train4test_NEG1_P128_Z128_LR0d001_WD1em05_BS256_SELNDCG10(20261001-213817).csv,02_recommendation/outputs/douban/dc_dmf/seed_42/community_101/all_items_per_user.csv
douban,dc_dmf,sampled,42,42,42,101,sampled_per_user_V8_DCDMF_DMF2_BCEIMP_DBNCOMM_LASTN_TF0d2_VF0d15_POS3train4test_NEG1_P128_Z128_LR0d001_WD1em05_BS256_SELNDCG10_N(20261001-213817).csv,02_recommendation/outputs/douban/dc_dmf/seed_42/community_101/sampled_per_user.csv
douban,dc_dmf,all_items,42,42,42,287,all_items_per_user_V8_DCDMF_DMF2_BCEIMP_DBNCOMM_LASTN_TF0d2_VF0d15_POS3train4test_NEG1_P128_Z128_LR0d001_WD1em05_BS256_SELNDCG10(20261001-213854).csv,02_recommendation/outputs/douban/dc_dmf/seed_42/community_287/all_items_per_user.csv
douban,dc_dmf,sampled,42,42,42,287,sampled_per_user_V8_DCDMF_DMF2_BCEIMP_DBNCOMM_LASTN_TF0d2_VF0d15_POS3train4test_NEG1_P128_Z128_LR0d001_WD1em05_BS256_SELNDCG10_N(20261001-213854).csv,02_recommendation/outputs/douban/dc_dmf/seed_42/community_287/sampled_per_user.csv
douban,dc_dmf,all_items,52,42,42,8,all_items_per_user_V8_DCDMF_DMF2_BCEIMP_DBNCOMM_LASTN_TF0d2_VF0d15_POS3train4test_NEG1_P128_Z128_LR0d001_WD1em05_BS256_SELNDCG10(1).csv,02_recommendation/outputs/douban/dc_dmf/seed_52/community_8/all_items_per_user.csv
douban,dc_dmf,sampled,52,42,42,8,sampled_per_user_V8_DCDMF_DMF2_BCEIMP_DBNCOMM_LASTN_TF0d2_VF0d15_POS3train4test_NEG1_P128_Z128_LR0d001_WD1em05_BS256_SELNDCG10_N(1).csv,02_recommendation/outputs/douban/dc_dmf/seed_52/community_8/sampled_per_user.csv
douban,dc_dmf,all_items,52,42,42,14,all_items_per_user_V8_DCDMF_DMF2_BCEIMP_DBNCOMM_LASTN_TF0d2_VF0d15_POS3train4test_NEG1_P128_Z128_LR0d001_WD1em05_BS256_SELNDCG10(4).csv,02_recommendation/outputs/douban/dc_dmf/seed_52/community_14/all_items_per_user.csv
douban,dc_dmf,sampled,52,42,42,14,sampled_per_user_V8_DCDMF_DMF2_BCEIMP_DBNCOMM_LASTN_TF0d2_VF0d15_POS3train4test_NEG1_P128_Z128_LR0d001_WD1em05_BS256_SELNDCG10_N(4).csv,02_recommendation/outputs/douban/dc_dmf/seed_52/community_14/sampled_per_user.csv
douban,dc_dmf,all_items,52,42,42,84,all_items_per_user_V8_DCDMF_DMF2_BCEIMP_DBNCOMM_LASTN_TF0d2_VF0d15_POS3train4test_NEG1_P128_Z128_LR0d001_WD1em05_BS256_SELNDCG10(7).csv,02_recommendation/outputs/douban/dc_dmf/seed_52/community_84/all_items_per_user.csv
douban,dc_dmf,sampled,52,42,42,84,sampled_per_user_V8_DCDMF_DMF2_BCEIMP_DBNCOMM_LASTN_TF0d2_VF0d15_POS3train4test_NEG1_P128_Z128_LR0d001_WD1em05_BS256_SELNDCG10_N(7).csv,02_recommendation/outputs/douban/dc_dmf/seed_52/community_84/sampled_per_user.csv
douban,dc_dmf,all_items,52,42,42,96,all_items_per_user_V8_DCDMF_DMF2_BCEIMP_DBNCOMM_LASTN_TF0d2_VF0d15_POS3train4test_NEG1_P128_Z128_LR0d001_WD1em05_BS256_SELNDCG10(10).csv,02_recommendation/outputs/douban/dc_dmf/seed_52/community_96/all_items_per_user.csv
douban,dc_dmf,sampled,52,42,42,96,sampled_per_user_V8_DCDMF_DMF2_BCEIMP_DBNCOMM_LASTN_TF0d2_VF0d15_POS3train4test_NEG1_P128_Z128_LR0d001_WD1em05_BS256_SELNDCG10_N(10).csv,02_recommendation/outputs/douban/dc_dmf/seed_52/community_96/sampled_per_user.csv
douban,dc_dmf,all_items,52,42,42,101,all_items_per_user_V8_DCDMF_DMF2_BCEIMP_DBNCOMM_LASTN_TF0d2_VF0d15_POS3train4test_NEG1_P128_Z128_LR0d001_WD1em05_BS256_SELNDCG10(20261001-213826).csv,02_recommendation/outputs/douban/dc_dmf/seed_52/community_101/all_items_per_user.csv
douban,dc_dmf,sampled,52,42,42,101,sampled_per_user_V8_DCDMF_DMF2_BCEIMP_DBNCOMM_LASTN_TF0d2_VF0d15_POS3train4test_NEG1_P128_Z128_LR0d001_WD1em05_BS256_SELNDCG10_N(20261001-213826).csv,02_recommendation/outputs/douban/dc_dmf/seed_52/community_101/sampled_per_user.csv
douban,dc_dmf,all_items,52,42,42,287,all_items_per_user_V8_DCDMF_DMF2_BCEIMP_DBNCOMM_LASTN_TF0d2_VF0d15_POS3train4test_NEG1_P128_Z128_LR0d001_WD1em05_BS256_SELNDCG10(20261001-213902).csv,02_recommendation/outputs/douban/dc_dmf/seed_52/community_287/all_items_per_user.csv
douban,dc_dmf,sampled,52,42,42,287,sampled_per_user_V8_DCDMF_DMF2_BCEIMP_DBNCOMM_LASTN_TF0d2_VF0d15_POS3train4test_NEG1_P128_Z128_LR0d001_WD1em05_BS256_SELNDCG10_N(20261001-213902).csv,02_recommendation/outputs/douban/dc_dmf/seed_52/community_287/sampled_per_user.csv
douban,dc_dmf,all_items,62,42,42,8,all_items_per_user_V8_DCDMF_DMF2_BCEIMP_DBNCOMM_LASTN_TF0d2_VF0d15_POS3train4test_NEG1_P128_Z128_LR0d001_WD1em05_BS256_SELNDCG10(2).csv,02_recommendation/outputs/douban/dc_dmf/seed_62/community_8/all_items_per_user.csv
douban,dc_dmf,sampled,62,42,42,8,sampled_per_user_V8_DCDMF_DMF2_BCEIMP_DBNCOMM_LASTN_TF0d2_VF0d15_POS3train4test_NEG1_P128_Z128_LR0d001_WD1em05_BS256_SELNDCG10_N(2).csv,02_recommendation/outputs/douban/dc_dmf/seed_62/community_8/sampled_per_user.csv
douban,dc_dmf,all_items,62,42,42,14,all_items_per_user_V8_DCDMF_DMF2_BCEIMP_DBNCOMM_LASTN_TF0d2_VF0d15_POS3train4test_NEG1_P128_Z128_LR0d001_WD1em05_BS256_SELNDCG10(5).csv,02_recommendation/outputs/douban/dc_dmf/seed_62/community_14/all_items_per_user.csv
douban,dc_dmf,sampled,62,42,42,14,sampled_per_user_V8_DCDMF_DMF2_BCEIMP_DBNCOMM_LASTN_TF0d2_VF0d15_POS3train4test_NEG1_P128_Z128_LR0d001_WD1em05_BS256_SELNDCG10_N(5).csv,02_recommendation/outputs/douban/dc_dmf/seed_62/community_14/sampled_per_user.csv
douban,dc_dmf,all_items,62,42,42,84,all_items_per_user_V8_DCDMF_DMF2_BCEIMP_DBNCOMM_LASTN_TF0d2_VF0d15_POS3train4test_NEG1_P128_Z128_LR0d001_WD1em05_BS256_SELNDCG10(8).csv,02_recommendation/outputs/douban/dc_dmf/seed_62/community_84/all_items_per_user.csv
douban,dc_dmf,sampled,62,42,42,84,sampled_per_user_V8_DCDMF_DMF2_BCEIMP_DBNCOMM_LASTN_TF0d2_VF0d15_POS3train4test_NEG1_P128_Z128_LR0d001_WD1em05_BS256_SELNDCG10_N(8).csv,02_recommendation/outputs/douban/dc_dmf/seed_62/community_84/sampled_per_user.csv
douban,dc_dmf,all_items,62,42,42,96,all_items_per_user_V8_DCDMF_DMF2_BCEIMP_DBNCOMM_LASTN_TF0d2_VF0d15_POS3train4test_NEG1_P128_Z128_LR0d001_WD1em05_BS256_SELNDCG10(20261001-213800).csv,02_recommendation/outputs/douban/dc_dmf/seed_62/community_96/all_items_per_user.csv
douban,dc_dmf,sampled,62,42,42,96,sampled_per_user_V8_DCDMF_DMF2_BCEIMP_DBNCOMM_LASTN_TF0d2_VF0d15_POS3train4test_NEG1_P128_Z128_LR0d001_WD1em05_BS256_SELNDCG10_N(20261001-213800).csv,02_recommendation/outputs/douban/dc_dmf/seed_62/community_96/sampled_per_user.csv
douban,dc_dmf,all_items,62,42,42,101,all_items_per_user_V8_DCDMF_DMF2_BCEIMP_DBNCOMM_LASTN_TF0d2_VF0d15_POS3train4test_NEG1_P128_Z128_LR0d001_WD1em05_BS256_SELNDCG10(20261001-213837).csv,02_recommendation/outputs/douban/dc_dmf/seed_62/community_101/all_items_per_user.csv
douban,dc_dmf,sampled,62,42,42,101,sampled_per_user_V8_DCDMF_DMF2_BCEIMP_DBNCOMM_LASTN_TF0d2_VF0d15_POS3train4test_NEG1_P128_Z128_LR0d001_WD1em05_BS256_SELNDCG10_N(20261001-213837).csv,02_recommendation/outputs/douban/dc_dmf/seed_62/community_101/sampled_per_user.csv
douban,dc_dmf,all_items,62,42,42,287,all_items_per_user_V8_DCDMF_DMF2_BCEIMP_DBNCOMM_LASTN_TF0d2_VF0d15_POS3train4test_NEG1_P128_Z128_LR0d001_WD1em05_BS256_SELNDCG10(20261001-213911).csv,02_recommendation/outputs/douban/dc_dmf/seed_62/community_287/all_items_per_user.csv
douban,dc_dmf,sampled,62,42,42,287,sampled_per_user_V8_DCDMF_DMF2_BCEIMP_DBNCOMM_LASTN_TF0d2_VF0d15_POS3train4test_NEG1_P128_Z128_LR0d001_WD1em05_BS256_SELNDCG10_N(20261001-213911).csv,02_recommendation/outputs/douban/dc_dmf/seed_62/community_287/sampled_per_user.csv
lastfm,cc_dmf,all_items,42,42,42,0,all_items_per_user_V3_CCDMF_DMF2_BCEIMP_COMM_TF0d4_VF0d15_NEG1_P64_Z64_LR0d001_WD1em05_BS256_SELNDCG10_NNEG99_TRAINSEED42_SPLITS.csv,02_recommendation/outputs/lastfm/cc_dmf/seed_42/community_0/all_items_per_user.csv
lastfm,cc_dmf,sampled,42,42,42,0,sampled_per_user_V3_CCDMF_DMF2_BCEIMP_COMM_TF0d4_VF0d15_NEG1_P64_Z64_LR0d001_WD1em05_BS256_SELNDCG10_NNEG99_TRAINSEED42_SPLITSEE.csv,02_recommendation/outputs/lastfm/cc_dmf/seed_42/community_0/sampled_per_user.csv
lastfm,cc_dmf,all_items,42,42,42,1,all_items_per_user_V3_CCDMF_DMF2_BCEIMP_COMM_TF0d4_VF0d15_NEG1_P64_Z64_LR0d001_WD1em05_BS256_SELNDCG10_NNEG99_TRAINSEED42_SPLITS(1).csv,02_recommendation/outputs/lastfm/cc_dmf/seed_42/community_1/all_items_per_user.csv
lastfm,cc_dmf,sampled,42,42,42,1,sampled_per_user_V3_CCDMF_DMF2_BCEIMP_COMM_TF0d4_VF0d15_NEG1_P64_Z64_LR0d001_WD1em05_BS256_SELNDCG10_NNEG99_TRAINSEED42_SPLITSEE(1).csv,02_recommendation/outputs/lastfm/cc_dmf/seed_42/community_1/sampled_per_user.csv
lastfm,cc_dmf,all_items,42,42,42,2,all_items_per_user_V3_CCDMF_DMF2_BCEIMP_COMM_TF0d4_VF0d15_NEG1_P64_Z64_LR0d001_WD1em05_BS256_SELNDCG10_NNEG99_TRAINSEED42_SPLITS(3).csv,02_recommendation/outputs/lastfm/cc_dmf/seed_42/community_2/all_items_per_user.csv
lastfm,cc_dmf,sampled,42,42,42,2,sampled_per_user_V3_CCDMF_DMF2_BCEIMP_COMM_TF0d4_VF0d15_NEG1_P64_Z64_LR0d001_WD1em05_BS256_SELNDCG10_NNEG99_TRAINSEED42_SPLITSEE(3).csv,02_recommendation/outputs/lastfm/cc_dmf/seed_42/community_2/sampled_per_user.csv
lastfm,cc_dmf,all_items,42,42,42,3,all_items_per_user_V3_CCDMF_DMF2_BCEIMP_COMM_TF0d4_VF0d15_NEG1_P64_Z64_LR0d001_WD1em05_BS256_SELNDCG10_NNEG99_TRAINSEED42_SPLITS(4).csv,02_recommendation/outputs/lastfm/cc_dmf/seed_42/community_3/all_items_per_user.csv
lastfm,cc_dmf,sampled,42,42,42,3,sampled_per_user_V3_CCDMF_DMF2_BCEIMP_COMM_TF0d4_VF0d15_NEG1_P64_Z64_LR0d001_WD1em05_BS256_SELNDCG10_NNEG99_TRAINSEED42_SPLITSEE(4).csv,02_recommendation/outputs/lastfm/cc_dmf/seed_42/community_3/sampled_per_user.csv
lastfm,cc_dmf,all_items,42,42,42,4,all_items_per_user_V3_CCDMF_DMF2_BCEIMP_COMM_TF0d4_VF0d15_NEG1_P64_Z64_LR0d001_WD1em05_BS256_SELNDCG10_NNEG99_TRAINSEED42_SPLITS(5).csv,02_recommendation/outputs/lastfm/cc_dmf/seed_42/community_4/all_items_per_user.csv
lastfm,cc_dmf,sampled,42,42,42,4,sampled_per_user_V3_CCDMF_DMF2_BCEIMP_COMM_TF0d4_VF0d15_NEG1_P64_Z64_LR0d001_WD1em05_BS256_SELNDCG10_NNEG99_TRAINSEED42_SPLITSEE(5).csv,02_recommendation/outputs/lastfm/cc_dmf/seed_42/community_4/sampled_per_user.csv
lastfm,cc_dmf,all_items,42,42,42,7,all_items_per_user_V3_CCDMF_DMF2_BCEIMP_COMM_TF0d4_VF0d15_NEG1_P64_Z64_LR0d001_WD1em05_BS256_SELNDCG10_NNEG99_TRAINSEED42_SPLITS(6).csv,02_recommendation/outputs/lastfm/cc_dmf/seed_42/community_7/all_items_per_user.csv
lastfm,cc_dmf,sampled,42,42,42,7,sampled_per_user_V3_CCDMF_DMF2_BCEIMP_COMM_TF0d4_VF0d15_NEG1_P64_Z64_LR0d001_WD1em05_BS256_SELNDCG10_NNEG99_TRAINSEED42_SPLITSEE(6).csv,02_recommendation/outputs/lastfm/cc_dmf/seed_42/community_7/sampled_per_user.csv
lastfm,cc_dmf,all_items,42,42,42,12,all_items_per_user_V3_CCDMF_DMF2_BCEIMP_COMM_TF0d4_VF0d15_NEG1_P64_Z64_LR0d001_WD1em05_BS256_SELNDCG10_NNEG99_TRAINSEED42_SPLITS(8).csv,02_recommendation/outputs/lastfm/cc_dmf/seed_42/community_12/all_items_per_user.csv
lastfm,cc_dmf,sampled,42,42,42,12,sampled_per_user_V3_CCDMF_DMF2_BCEIMP_COMM_TF0d4_VF0d15_NEG1_P64_Z64_LR0d001_WD1em05_BS256_SELNDCG10_NNEG99_TRAINSEED42_SPLITSEE(8).csv,02_recommendation/outputs/lastfm/cc_dmf/seed_42/community_12/sampled_per_user.csv
lastfm,cc_dmf,all_items,52,42,42,0,all_items_per_user_V3_CCDMF_DMF2_BCEIMP_COMM_TF0d4_VF0d15_NEG1_P64_Z64_LR0d001_WD1em05_BS256_SELNDCG10_NNEG99_TRAINSEED52_SPLITS.csv,02_recommendation/outputs/lastfm/cc_dmf/seed_52/community_0/all_items_per_user.csv
lastfm,cc_dmf,sampled,52,42,42,0,sampled_per_user_V3_CCDMF_DMF2_BCEIMP_COMM_TF0d4_VF0d15_NEG1_P64_Z64_LR0d001_WD1em05_BS256_SELNDCG10_NNEG99_TRAINSEED52_SPLITSEE.csv,02_recommendation/outputs/lastfm/cc_dmf/seed_52/community_0/sampled_per_user.csv
lastfm,cc_dmf,all_items,52,42,42,1,all_items_per_user_V3_CCDMF_DMF2_BCEIMP_COMM_TF0d4_VF0d15_NEG1_P64_Z64_LR0d001_WD1em05_BS256_SELNDCG10_NNEG99_TRAINSEED52_SPLITS(1).csv,02_recommendation/outputs/lastfm/cc_dmf/seed_52/community_1/all_items_per_user.csv
lastfm,cc_dmf,sampled,52,42,42,1,sampled_per_user_V3_CCDMF_DMF2_BCEIMP_COMM_TF0d4_VF0d15_NEG1_P64_Z64_LR0d001_WD1em05_BS256_SELNDCG10_NNEG99_TRAINSEED52_SPLITSEE(1).csv,02_recommendation/outputs/lastfm/cc_dmf/seed_52/community_1/sampled_per_user.csv
lastfm,cc_dmf,all_items,52,42,42,2,all_items_per_user_V3_CCDMF_DMF2_BCEIMP_COMM_TF0d4_VF0d15_NEG1_P64_Z64_LR0d001_WD1em05_BS256_SELNDCG10_NNEG99_TRAINSEED52_SPLITS(2).csv,02_recommendation/outputs/lastfm/cc_dmf/seed_52/community_2/all_items_per_user.csv
lastfm,cc_dmf,sampled,52,42,42,2,sampled_per_user_V3_CCDMF_DMF2_BCEIMP_COMM_TF0d4_VF0d15_NEG1_P64_Z64_LR0d001_WD1em05_BS256_SELNDCG10_NNEG99_TRAINSEED52_SPLITSEE(2).csv,02_recommendation/outputs/lastfm/cc_dmf/seed_52/community_2/sampled_per_user.csv
lastfm,cc_dmf,all_items,52,42,42,3,all_items_per_user_V3_CCDMF_DMF2_BCEIMP_COMM_TF0d4_VF0d15_NEG1_P64_Z64_LR0d001_WD1em05_BS256_SELNDCG10_NNEG99_TRAINSEED52_SPLITS(3).csv,02_recommendation/outputs/lastfm/cc_dmf/seed_52/community_3/all_items_per_user.csv
lastfm,cc_dmf,sampled,52,42,42,3,sampled_per_user_V3_CCDMF_DMF2_BCEIMP_COMM_TF0d4_VF0d15_NEG1_P64_Z64_LR0d001_WD1em05_BS256_SELNDCG10_NNEG99_TRAINSEED52_SPLITSEE(3).csv,02_recommendation/outputs/lastfm/cc_dmf/seed_52/community_3/sampled_per_user.csv
lastfm,cc_dmf,all_items,52,42,42,4,all_items_per_user_V3_CCDMF_DMF2_BCEIMP_COMM_TF0d4_VF0d15_NEG1_P64_Z64_LR0d001_WD1em05_BS256_SELNDCG10_NNEG99_TRAINSEED52_SPLITS(4).csv,02_recommendation/outputs/lastfm/cc_dmf/seed_52/community_4/all_items_per_user.csv
lastfm,cc_dmf,sampled,52,42,42,4,sampled_per_user_V3_CCDMF_DMF2_BCEIMP_COMM_TF0d4_VF0d15_NEG1_P64_Z64_LR0d001_WD1em05_BS256_SELNDCG10_NNEG99_TRAINSEED52_SPLITSEE(4).csv,02_recommendation/outputs/lastfm/cc_dmf/seed_52/community_4/sampled_per_user.csv
lastfm,cc_dmf,all_items,52,42,42,7,all_items_per_user_V3_CCDMF_DMF2_BCEIMP_COMM_TF0d4_VF0d15_NEG1_P64_Z64_LR0d001_WD1em05_BS256_SELNDCG10_NNEG99_TRAINSEED52_SPLITS(5).csv,02_recommendation/outputs/lastfm/cc_dmf/seed_52/community_7/all_items_per_user.csv
lastfm,cc_dmf,sampled,52,42,42,7,sampled_per_user_V3_CCDMF_DMF2_BCEIMP_COMM_TF0d4_VF0d15_NEG1_P64_Z64_LR0d001_WD1em05_BS256_SELNDCG10_NNEG99_TRAINSEED52_SPLITSEE(5).csv,02_recommendation/outputs/lastfm/cc_dmf/seed_52/community_7/sampled_per_user.csv
lastfm,cc_dmf,all_items,52,42,42,12,all_items_per_user_V3_CCDMF_DMF2_BCEIMP_COMM_TF0d4_VF0d15_NEG1_P64_Z64_LR0d001_WD1em05_BS256_SELNDCG10_NNEG99_TRAINSEED52_SPLITS(6).csv,02_recommendation/outputs/lastfm/cc_dmf/seed_52/community_12/all_items_per_user.csv
lastfm,cc_dmf,sampled,52,42,42,12,sampled_per_user_V3_CCDMF_DMF2_BCEIMP_COMM_TF0d4_VF0d15_NEG1_P64_Z64_LR0d001_WD1em05_BS256_SELNDCG10_NNEG99_TRAINSEED52_SPLITSEE(6).csv,02_recommendation/outputs/lastfm/cc_dmf/seed_52/community_12/sampled_per_user.csv
lastfm,cc_dmf,all_items,62,42,42,0,all_items_per_user_V3_CCDMF_DMF2_BCEIMP_COMM_TF0d4_VF0d15_NEG1_P64_Z64_LR0d001_WD1em05_BS256_SELNDCG10_NNEG99_TRAINSEED62_SPLITS.csv,02_recommendation/outputs/lastfm/cc_dmf/seed_62/community_0/all_items_per_user.csv
lastfm,cc_dmf,sampled,62,42,42,0,sampled_per_user_V3_CCDMF_DMF2_BCEIMP_COMM_TF0d4_VF0d15_NEG1_P64_Z64_LR0d001_WD1em05_BS256_SELNDCG10_NNEG99_TRAINSEED62_SPLITSEE.csv,02_recommendation/outputs/lastfm/cc_dmf/seed_62/community_0/sampled_per_user.csv
lastfm,cc_dmf,all_items,62,42,42,1,all_items_per_user_V3_CCDMF_DMF2_BCEIMP_COMM_TF0d4_VF0d15_NEG1_P64_Z64_LR0d001_WD1em05_BS256_SELNDCG10_NNEG99_TRAINSEED62_SPLITS(1).csv,02_recommendation/outputs/lastfm/cc_dmf/seed_62/community_1/all_items_per_user.csv
lastfm,cc_dmf,sampled,62,42,42,1,sampled_per_user_V3_CCDMF_DMF2_BCEIMP_COMM_TF0d4_VF0d15_NEG1_P64_Z64_LR0d001_WD1em05_BS256_SELNDCG10_NNEG99_TRAINSEED62_SPLITSEE(1).csv,02_recommendation/outputs/lastfm/cc_dmf/seed_62/community_1/sampled_per_user.csv
lastfm,cc_dmf,all_items,62,42,42,2,all_items_per_user_V3_CCDMF_DMF2_BCEIMP_COMM_TF0d4_VF0d15_NEG1_P64_Z64_LR0d001_WD1em05_BS256_SELNDCG10_NNEG99_TRAINSEED62_SPLITS(2).csv,02_recommendation/outputs/lastfm/cc_dmf/seed_62/community_2/all_items_per_user.csv
lastfm,cc_dmf,sampled,62,42,42,2,sampled_per_user_V3_CCDMF_DMF2_BCEIMP_COMM_TF0d4_VF0d15_NEG1_P64_Z64_LR0d001_WD1em05_BS256_SELNDCG10_NNEG99_TRAINSEED62_SPLITSEE(2).csv,02_recommendation/outputs/lastfm/cc_dmf/seed_62/community_2/sampled_per_user.csv
lastfm,cc_dmf,all_items,62,42,42,3,all_items_per_user_V3_CCDMF_DMF2_BCEIMP_COMM_TF0d4_VF0d15_NEG1_P64_Z64_LR0d001_WD1em05_BS256_SELNDCG10_NNEG99_TRAINSEED62_SPLITS(3).csv,02_recommendation/outputs/lastfm/cc_dmf/seed_62/community_3/all_items_per_user.csv
lastfm,cc_dmf,sampled,62,42,42,3,sampled_per_user_V3_CCDMF_DMF2_BCEIMP_COMM_TF0d4_VF0d15_NEG1_P64_Z64_LR0d001_WD1em05_BS256_SELNDCG10_NNEG99_TRAINSEED62_SPLITSEE(3).csv,02_recommendation/outputs/lastfm/cc_dmf/seed_62/community_3/sampled_per_user.csv
lastfm,cc_dmf,all_items,62,42,42,4,all_items_per_user_V3_CCDMF_DMF2_BCEIMP_COMM_TF0d4_VF0d15_NEG1_P64_Z64_LR0d001_WD1em05_BS256_SELNDCG10_NNEG99_TRAINSEED62_SPLITS(4).csv,02_recommendation/outputs/lastfm/cc_dmf/seed_62/community_4/all_items_per_user.csv
lastfm,cc_dmf,sampled,62,42,42,4,sampled_per_user_V3_CCDMF_DMF2_BCEIMP_COMM_TF0d4_VF0d15_NEG1_P64_Z64_LR0d001_WD1em05_BS256_SELNDCG10_NNEG99_TRAINSEED62_SPLITSEE(4).csv,02_recommendation/outputs/lastfm/cc_dmf/seed_62/community_4/sampled_per_user.csv
lastfm,cc_dmf,all_items,62,42,42,7,all_items_per_user_V3_CCDMF_DMF2_BCEIMP_COMM_TF0d4_VF0d15_NEG1_P64_Z64_LR0d001_WD1em05_BS256_SELNDCG10_NNEG99_TRAINSEED62_SPLITS(5).csv,02_recommendation/outputs/lastfm/cc_dmf/seed_62/community_7/all_items_per_user.csv
lastfm,cc_dmf,sampled,62,42,42,7,sampled_per_user_V3_CCDMF_DMF2_BCEIMP_COMM_TF0d4_VF0d15_NEG1_P64_Z64_LR0d001_WD1em05_BS256_SELNDCG10_NNEG99_TRAINSEED62_SPLITSEE(5).csv,02_recommendation/outputs/lastfm/cc_dmf/seed_62/community_7/sampled_per_user.csv
lastfm,cc_dmf,all_items,62,42,42,12,all_items_per_user_V3_CCDMF_DMF2_BCEIMP_COMM_TF0d4_VF0d15_NEG1_P64_Z64_LR0d001_WD1em05_BS256_SELNDCG10_NNEG99_TRAINSEED62_SPLITS(6).csv,02_recommendation/outputs/lastfm/cc_dmf/seed_62/community_12/all_items_per_user.csv
lastfm,cc_dmf,sampled,62,42,42,12,sampled_per_user_V3_CCDMF_DMF2_BCEIMP_COMM_TF0d4_VF0d15_NEG1_P64_Z64_LR0d001_WD1em05_BS256_SELNDCG10_NNEG99_TRAINSEED62_SPLITSEE(6).csv,02_recommendation/outputs/lastfm/cc_dmf/seed_62/community_12/sampled_per_user.csv
lastfm,dc_dmf,all_items,42,42,42,28,all_items_per_user_V4_DCDMF_DMF2_BCEIMP_COMM_TF0d4_VF0d15_NEG1_P64_Z64_LR0d001_WD1em05_BS256_SELNDCG10_NNEG99_TRAINSEED42_SPLITS.csv,02_recommendation/outputs/lastfm/dc_dmf/seed_42/community_28/all_items_per_user.csv
lastfm,dc_dmf,sampled,42,42,42,28,sampled_per_user_V4_DCDMF_DMF2_BCEIMP_COMM_TF0d4_VF0d15_NEG1_P64_Z64_LR0d001_WD1em05_BS256_SELNDCG10_NNEG99_TRAINSEED42_SPLITSEE.csv,02_recommendation/outputs/lastfm/dc_dmf/seed_42/community_28/sampled_per_user.csv
lastfm,dc_dmf,all_items,42,42,42,30,all_items_per_user_V4_DCDMF_DMF2_BCEIMP_COMM_TF0d4_VF0d15_NEG1_P64_Z64_LR0d001_WD1em05_BS256_SELNDCG10_NNEG99_TRAINSEED42_SPLITS(1).csv,02_recommendation/outputs/lastfm/dc_dmf/seed_42/community_30/all_items_per_user.csv
lastfm,dc_dmf,sampled,42,42,42,30,sampled_per_user_V4_DCDMF_DMF2_BCEIMP_COMM_TF0d4_VF0d15_NEG1_P64_Z64_LR0d001_WD1em05_BS256_SELNDCG10_NNEG99_TRAINSEED42_SPLITSEE(1).csv,02_recommendation/outputs/lastfm/dc_dmf/seed_42/community_30/sampled_per_user.csv
lastfm,dc_dmf,all_items,42,42,42,38,all_items_per_user_V4_DCDMF_DMF2_BCEIMP_COMM_TF0d4_VF0d15_NEG1_P64_Z64_LR0d001_WD1em05_BS256_SELNDCG10_NNEG99_TRAINSEED42_SPLITS(2).csv,02_recommendation/outputs/lastfm/dc_dmf/seed_42/community_38/all_items_per_user.csv
lastfm,dc_dmf,sampled,42,42,42,38,sampled_per_user_V4_DCDMF_DMF2_BCEIMP_COMM_TF0d4_VF0d15_NEG1_P64_Z64_LR0d001_WD1em05_BS256_SELNDCG10_NNEG99_TRAINSEED42_SPLITSEE(2).csv,02_recommendation/outputs/lastfm/dc_dmf/seed_42/community_38/sampled_per_user.csv
lastfm,dc_dmf,all_items,42,42,42,40,all_items_per_user_V4_DCDMF_DMF2_BCEIMP_COMM_TF0d4_VF0d15_NEG1_P64_Z64_LR0d001_WD1em05_BS256_SELNDCG10_NNEG99_TRAINSEED42_SPLITS(3).csv,02_recommendation/outputs/lastfm/dc_dmf/seed_42/community_40/all_items_per_user.csv
lastfm,dc_dmf,sampled,42,42,42,40,sampled_per_user_V4_DCDMF_DMF2_BCEIMP_COMM_TF0d4_VF0d15_NEG1_P64_Z64_LR0d001_WD1em05_BS256_SELNDCG10_NNEG99_TRAINSEED42_SPLITSEE(3).csv,02_recommendation/outputs/lastfm/dc_dmf/seed_42/community_40/sampled_per_user.csv
lastfm,dc_dmf,all_items,42,42,42,44,all_items_per_user_V4_DCDMF_DMF2_BCEIMP_COMM_TF0d4_VF0d15_NEG1_P64_Z64_LR0d001_WD1em05_BS256_SELNDCG10_NNEG99_TRAINSEED42_SPLITS(4).csv,02_recommendation/outputs/lastfm/dc_dmf/seed_42/community_44/all_items_per_user.csv
lastfm,dc_dmf,sampled,42,42,42,44,sampled_per_user_V4_DCDMF_DMF2_BCEIMP_COMM_TF0d4_VF0d15_NEG1_P64_Z64_LR0d001_WD1em05_BS256_SELNDCG10_NNEG99_TRAINSEED42_SPLITSEE(4).csv,02_recommendation/outputs/lastfm/dc_dmf/seed_42/community_44/sampled_per_user.csv
lastfm,dc_dmf,all_items,42,42,42,60,all_items_per_user_V4_DCDMF_DMF2_BCEIMP_COMM_TF0d4_VF0d15_NEG1_P64_Z64_LR0d001_WD1em05_BS256_SELNDCG10_NNEG99_TRAINSEED42_SPLITS(5).csv,02_recommendation/outputs/lastfm/dc_dmf/seed_42/community_60/all_items_per_user.csv
lastfm,dc_dmf,sampled,42,42,42,60,sampled_per_user_V4_DCDMF_DMF2_BCEIMP_COMM_TF0d4_VF0d15_NEG1_P64_Z64_LR0d001_WD1em05_BS256_SELNDCG10_NNEG99_TRAINSEED42_SPLITSEE(5).csv,02_recommendation/outputs/lastfm/dc_dmf/seed_42/community_60/sampled_per_user.csv
lastfm,dc_dmf,all_items,42,42,42,99,all_items_per_user_V4_DCDMF_DMF2_BCEIMP_COMM_TF0d4_VF0d15_NEG1_P64_Z64_LR0d001_WD1em05_BS256_SELNDCG10_NNEG99_TRAINSEED42_SPLITS(6).csv,02_recommendation/outputs/lastfm/dc_dmf/seed_42/community_99/all_items_per_user.csv
lastfm,dc_dmf,sampled,42,42,42,99,sampled_per_user_V4_DCDMF_DMF2_BCEIMP_COMM_TF0d4_VF0d15_NEG1_P64_Z64_LR0d001_WD1em05_BS256_SELNDCG10_NNEG99_TRAINSEED42_SPLITSEE(6).csv,02_recommendation/outputs/lastfm/dc_dmf/seed_42/community_99/sampled_per_user.csv
lastfm,dc_dmf,all_items,42,42,42,104,all_items_per_user_V4_DCDMF_DMF2_BCEIMP_COMM_TF0d4_VF0d15_NEG1_P64_Z64_LR0d001_WD1em05_BS256_SELNDCG10_NNEG99_TRAINSEED42_SPLITS(7).csv,02_recommendation/outputs/lastfm/dc_dmf/seed_42/community_104/all_items_per_user.csv
lastfm,dc_dmf,sampled,42,42,42,104,sampled_per_user_V4_DCDMF_DMF2_BCEIMP_COMM_TF0d4_VF0d15_NEG1_P64_Z64_LR0d001_WD1em05_BS256_SELNDCG10_NNEG99_TRAINSEED42_SPLITSEE(7).csv,02_recommendation/outputs/lastfm/dc_dmf/seed_42/community_104/sampled_per_user.csv
lastfm,dc_dmf,all_items,42,42,42,107,all_items_per_user_V4_DCDMF_DMF2_BCEIMP_COMM_TF0d4_VF0d15_NEG1_P64_Z64_LR0d001_WD1em05_BS256_SELNDCG10_NNEG99_TRAINSEED42_SPLITS(8).csv,02_recommendation/outputs/lastfm/dc_dmf/seed_42/community_107/all_items_per_user.csv
lastfm,dc_dmf,sampled,42,42,42,107,sampled_per_user_V4_DCDMF_DMF2_BCEIMP_COMM_TF0d4_VF0d15_NEG1_P64_Z64_LR0d001_WD1em05_BS256_SELNDCG10_NNEG99_TRAINSEED42_SPLITSEE(8).csv,02_recommendation/outputs/lastfm/dc_dmf/seed_42/community_107/sampled_per_user.csv
lastfm,dc_dmf,all_items,42,42,42,114,all_items_per_user_V4_DCDMF_DMF2_BCEIMP_COMM_TF0d4_VF0d15_NEG1_P64_Z64_LR0d001_WD1em05_BS256_SELNDCG10_NNEG99_TRAINSEED42_SPLITS(9).csv,02_recommendation/outputs/lastfm/dc_dmf/seed_42/community_114/all_items_per_user.csv
lastfm,dc_dmf,sampled,42,42,42,114,sampled_per_user_V4_DCDMF_DMF2_BCEIMP_COMM_TF0d4_VF0d15_NEG1_P64_Z64_LR0d001_WD1em05_BS256_SELNDCG10_NNEG99_TRAINSEED42_SPLITSEE(9).csv,02_recommendation/outputs/lastfm/dc_dmf/seed_42/community_114/sampled_per_user.csv
lastfm,dc_dmf,all_items,42,42,42,204,all_items_per_user_V4_DCDMF_DMF2_BCEIMP_COMM_TF0d4_VF0d15_NEG1_P64_Z64_LR0d001_WD1em05_BS256_SELNDCG10_NNEG99_TRAINSEED42_SPLITS(10).csv,02_recommendation/outputs/lastfm/dc_dmf/seed_42/community_204/all_items_per_user.csv
lastfm,dc_dmf,sampled,42,42,42,204,sampled_per_user_V4_DCDMF_DMF2_BCEIMP_COMM_TF0d4_VF0d15_NEG1_P64_Z64_LR0d001_WD1em05_BS256_SELNDCG10_NNEG99_TRAINSEED42_SPLITSEE(10).csv,02_recommendation/outputs/lastfm/dc_dmf/seed_42/community_204/sampled_per_user.csv
lastfm,dc_dmf,all_items,42,42,42,211,all_items_per_user_V4_DCDMF_DMF2_BCEIMP_COMM_TF0d4_VF0d15_NEG1_P64_Z64_LR0d001_WD1em05_BS256_SELNDCG10_NNEG99_TRAINSEED42_SPLITS(20261002-105633).csv,02_recommendation/outputs/lastfm/dc_dmf/seed_42/community_211/all_items_per_user.csv
lastfm,dc_dmf,sampled,42,42,42,211,sampled_per_user_V4_DCDMF_DMF2_BCEIMP_COMM_TF0d4_VF0d15_NEG1_P64_Z64_LR0d001_WD1em05_BS256_SELNDCG10_NNEG99_TRAINSEED42_SPLITSEE(20261002-105634).csv,02_recommendation/outputs/lastfm/dc_dmf/seed_42/community_211/sampled_per_user.csv
lastfm,dc_dmf,all_items,42,42,42,506,all_items_per_user_V4_DCDMF_DMF2_BCEIMP_COMM_TF0d4_VF0d15_NEG1_P64_Z64_LR0d001_WD1em05_BS256_SELNDCG10_NNEG99_TRAINSEED42_SPLITS(20261002-105710).csv,02_recommendation/outputs/lastfm/dc_dmf/seed_42/community_506/all_items_per_user.csv
lastfm,dc_dmf,sampled,42,42,42,506,sampled_per_user_V4_DCDMF_DMF2_BCEIMP_COMM_TF0d4_VF0d15_NEG1_P64_Z64_LR0d001_WD1em05_BS256_SELNDCG10_NNEG99_TRAINSEED42_SPLITSEE(20261002-105710).csv,02_recommendation/outputs/lastfm/dc_dmf/seed_42/community_506/sampled_per_user.csv
lastfm,dc_dmf,all_items,52,42,42,28,all_items_per_user_V4_DCDMF_DMF2_BCEIMP_COMM_TF0d4_VF0d15_NEG1_P64_Z64_LR0d001_WD1em05_BS256_SELNDCG10_NNEG99_TRAINSEED52_SPLITS.csv,02_recommendation/outputs/lastfm/dc_dmf/seed_52/community_28/all_items_per_user.csv
lastfm,dc_dmf,sampled,52,42,42,28,sampled_per_user_V4_DCDMF_DMF2_BCEIMP_COMM_TF0d4_VF0d15_NEG1_P64_Z64_LR0d001_WD1em05_BS256_SELNDCG10_NNEG99_TRAINSEED52_SPLITSEE.csv,02_recommendation/outputs/lastfm/dc_dmf/seed_52/community_28/sampled_per_user.csv
lastfm,dc_dmf,all_items,52,42,42,30,all_items_per_user_V4_DCDMF_DMF2_BCEIMP_COMM_TF0d4_VF0d15_NEG1_P64_Z64_LR0d001_WD1em05_BS256_SELNDCG10_NNEG99_TRAINSEED52_SPLITS(1).csv,02_recommendation/outputs/lastfm/dc_dmf/seed_52/community_30/all_items_per_user.csv
lastfm,dc_dmf,sampled,52,42,42,30,sampled_per_user_V4_DCDMF_DMF2_BCEIMP_COMM_TF0d4_VF0d15_NEG1_P64_Z64_LR0d001_WD1em05_BS256_SELNDCG10_NNEG99_TRAINSEED52_SPLITSEE(1).csv,02_recommendation/outputs/lastfm/dc_dmf/seed_52/community_30/sampled_per_user.csv
lastfm,dc_dmf,all_items,52,42,42,38,all_items_per_user_V4_DCDMF_DMF2_BCEIMP_COMM_TF0d4_VF0d15_NEG1_P64_Z64_LR0d001_WD1em05_BS256_SELNDCG10_NNEG99_TRAINSEED52_SPLITS(2).csv,02_recommendation/outputs/lastfm/dc_dmf/seed_52/community_38/all_items_per_user.csv
lastfm,dc_dmf,sampled,52,42,42,38,sampled_per_user_V4_DCDMF_DMF2_BCEIMP_COMM_TF0d4_VF0d15_NEG1_P64_Z64_LR0d001_WD1em05_BS256_SELNDCG10_NNEG99_TRAINSEED52_SPLITSEE(2).csv,02_recommendation/outputs/lastfm/dc_dmf/seed_52/community_38/sampled_per_user.csv
lastfm,dc_dmf,all_items,52,42,42,40,all_items_per_user_V4_DCDMF_DMF2_BCEIMP_COMM_TF0d4_VF0d15_NEG1_P64_Z64_LR0d001_WD1em05_BS256_SELNDCG10_NNEG99_TRAINSEED52_SPLITS(3).csv,02_recommendation/outputs/lastfm/dc_dmf/seed_52/community_40/all_items_per_user.csv
lastfm,dc_dmf,sampled,52,42,42,40,sampled_per_user_V4_DCDMF_DMF2_BCEIMP_COMM_TF0d4_VF0d15_NEG1_P64_Z64_LR0d001_WD1em05_BS256_SELNDCG10_NNEG99_TRAINSEED52_SPLITSEE(3).csv,02_recommendation/outputs/lastfm/dc_dmf/seed_52/community_40/sampled_per_user.csv
lastfm,dc_dmf,all_items,52,42,42,44,all_items_per_user_V4_DCDMF_DMF2_BCEIMP_COMM_TF0d4_VF0d15_NEG1_P64_Z64_LR0d001_WD1em05_BS256_SELNDCG10_NNEG99_TRAINSEED52_SPLITS(4).csv,02_recommendation/outputs/lastfm/dc_dmf/seed_52/community_44/all_items_per_user.csv
lastfm,dc_dmf,sampled,52,42,42,44,sampled_per_user_V4_DCDMF_DMF2_BCEIMP_COMM_TF0d4_VF0d15_NEG1_P64_Z64_LR0d001_WD1em05_BS256_SELNDCG10_NNEG99_TRAINSEED52_SPLITSEE(4).csv,02_recommendation/outputs/lastfm/dc_dmf/seed_52/community_44/sampled_per_user.csv
lastfm,dc_dmf,all_items,52,42,42,60,all_items_per_user_V4_DCDMF_DMF2_BCEIMP_COMM_TF0d4_VF0d15_NEG1_P64_Z64_LR0d001_WD1em05_BS256_SELNDCG10_NNEG99_TRAINSEED52_SPLITS(5).csv,02_recommendation/outputs/lastfm/dc_dmf/seed_52/community_60/all_items_per_user.csv
lastfm,dc_dmf,sampled,52,42,42,60,sampled_per_user_V4_DCDMF_DMF2_BCEIMP_COMM_TF0d4_VF0d15_NEG1_P64_Z64_LR0d001_WD1em05_BS256_SELNDCG10_NNEG99_TRAINSEED52_SPLITSEE(5).csv,02_recommendation/outputs/lastfm/dc_dmf/seed_52/community_60/sampled_per_user.csv
lastfm,dc_dmf,all_items,52,42,42,99,all_items_per_user_V4_DCDMF_DMF2_BCEIMP_COMM_TF0d4_VF0d15_NEG1_P64_Z64_LR0d001_WD1em05_BS256_SELNDCG10_NNEG99_TRAINSEED52_SPLITS(6).csv,02_recommendation/outputs/lastfm/dc_dmf/seed_52/community_99/all_items_per_user.csv
lastfm,dc_dmf,sampled,52,42,42,99,sampled_per_user_V4_DCDMF_DMF2_BCEIMP_COMM_TF0d4_VF0d15_NEG1_P64_Z64_LR0d001_WD1em05_BS256_SELNDCG10_NNEG99_TRAINSEED52_SPLITSEE(6).csv,02_recommendation/outputs/lastfm/dc_dmf/seed_52/community_99/sampled_per_user.csv
lastfm,dc_dmf,all_items,52,42,42,104,all_items_per_user_V4_DCDMF_DMF2_BCEIMP_COMM_TF0d4_VF0d15_NEG1_P64_Z64_LR0d001_WD1em05_BS256_SELNDCG10_NNEG99_TRAINSEED52_SPLITS(7).csv,02_recommendation/outputs/lastfm/dc_dmf/seed_52/community_104/all_items_per_user.csv
lastfm,dc_dmf,sampled,52,42,42,104,sampled_per_user_V4_DCDMF_DMF2_BCEIMP_COMM_TF0d4_VF0d15_NEG1_P64_Z64_LR0d001_WD1em05_BS256_SELNDCG10_NNEG99_TRAINSEED52_SPLITSEE(7).csv,02_recommendation/outputs/lastfm/dc_dmf/seed_52/community_104/sampled_per_user.csv
lastfm,dc_dmf,all_items,52,42,42,107,all_items_per_user_V4_DCDMF_DMF2_BCEIMP_COMM_TF0d4_VF0d15_NEG1_P64_Z64_LR0d001_WD1em05_BS256_SELNDCG10_NNEG99_TRAINSEED52_SPLITS(8).csv,02_recommendation/outputs/lastfm/dc_dmf/seed_52/community_107/all_items_per_user.csv
lastfm,dc_dmf,sampled,52,42,42,107,sampled_per_user_V4_DCDMF_DMF2_BCEIMP_COMM_TF0d4_VF0d15_NEG1_P64_Z64_LR0d001_WD1em05_BS256_SELNDCG10_NNEG99_TRAINSEED52_SPLITSEE(8).csv,02_recommendation/outputs/lastfm/dc_dmf/seed_52/community_107/sampled_per_user.csv
lastfm,dc_dmf,all_items,52,42,42,114,all_items_per_user_V4_DCDMF_DMF2_BCEIMP_COMM_TF0d4_VF0d15_NEG1_P64_Z64_LR0d001_WD1em05_BS256_SELNDCG10_NNEG99_TRAINSEED52_SPLITS(9).csv,02_recommendation/outputs/lastfm/dc_dmf/seed_52/community_114/all_items_per_user.csv
lastfm,dc_dmf,sampled,52,42,42,114,sampled_per_user_V4_DCDMF_DMF2_BCEIMP_COMM_TF0d4_VF0d15_NEG1_P64_Z64_LR0d001_WD1em05_BS256_SELNDCG10_NNEG99_TRAINSEED52_SPLITSEE(9).csv,02_recommendation/outputs/lastfm/dc_dmf/seed_52/community_114/sampled_per_user.csv
lastfm,dc_dmf,all_items,52,42,42,204,all_items_per_user_V4_DCDMF_DMF2_BCEIMP_COMM_TF0d4_VF0d15_NEG1_P64_Z64_LR0d001_WD1em05_BS256_SELNDCG10_NNEG99_TRAINSEED52_SPLITS(10).csv,02_recommendation/outputs/lastfm/dc_dmf/seed_52/community_204/all_items_per_user.csv
lastfm,dc_dmf,sampled,52,42,42,204,sampled_per_user_V4_DCDMF_DMF2_BCEIMP_COMM_TF0d4_VF0d15_NEG1_P64_Z64_LR0d001_WD1em05_BS256_SELNDCG10_NNEG99_TRAINSEED52_SPLITSEE(10).csv,02_recommendation/outputs/lastfm/dc_dmf/seed_52/community_204/sampled_per_user.csv
lastfm,dc_dmf,all_items,52,42,42,211,all_items_per_user_V4_DCDMF_DMF2_BCEIMP_COMM_TF0d4_VF0d15_NEG1_P64_Z64_LR0d001_WD1em05_BS256_SELNDCG10_NNEG99_TRAINSEED52_SPLITS(20261002-105644).csv,02_recommendation/outputs/lastfm/dc_dmf/seed_52/community_211/all_items_per_user.csv
lastfm,dc_dmf,sampled,52,42,42,211,sampled_per_user_V4_DCDMF_DMF2_BCEIMP_COMM_TF0d4_VF0d15_NEG1_P64_Z64_LR0d001_WD1em05_BS256_SELNDCG10_NNEG99_TRAINSEED52_SPLITSEE(20261002-105643).csv,02_recommendation/outputs/lastfm/dc_dmf/seed_52/community_211/sampled_per_user.csv
lastfm,dc_dmf,all_items,52,42,42,506,all_items_per_user_V4_DCDMF_DMF2_BCEIMP_COMM_TF0d4_VF0d15_NEG1_P64_Z64_LR0d001_WD1em05_BS256_SELNDCG10_NNEG99_TRAINSEED52_SPLITS(20261002-105720).csv,02_recommendation/outputs/lastfm/dc_dmf/seed_52/community_506/all_items_per_user.csv
lastfm,dc_dmf,sampled,52,42,42,506,sampled_per_user_V4_DCDMF_DMF2_BCEIMP_COMM_TF0d4_VF0d15_NEG1_P64_Z64_LR0d001_WD1em05_BS256_SELNDCG10_NNEG99_TRAINSEED52_SPLITSEE(20261002-105720).csv,02_recommendation/outputs/lastfm/dc_dmf/seed_52/community_506/sampled_per_user.csv
lastfm,dc_dmf,all_items,62,42,42,28,all_items_per_user_V4_DCDMF_DMF2_BCEIMP_COMM_TF0d4_VF0d15_NEG1_P64_Z64_LR0d001_WD1em05_BS256_SELNDCG10_NNEG99_TRAINSEED62_SPLITS.csv,02_recommendation/outputs/lastfm/dc_dmf/seed_62/community_28/all_items_per_user.csv
lastfm,dc_dmf,sampled,62,42,42,28,sampled_per_user_V4_DCDMF_DMF2_BCEIMP_COMM_TF0d4_VF0d15_NEG1_P64_Z64_LR0d001_WD1em05_BS256_SELNDCG10_NNEG99_TRAINSEED62_SPLITSEE.csv,02_recommendation/outputs/lastfm/dc_dmf/seed_62/community_28/sampled_per_user.csv
lastfm,dc_dmf,all_items,62,42,42,30,all_items_per_user_V4_DCDMF_DMF2_BCEIMP_COMM_TF0d4_VF0d15_NEG1_P64_Z64_LR0d001_WD1em05_BS256_SELNDCG10_NNEG99_TRAINSEED62_SPLITS(1).csv,02_recommendation/outputs/lastfm/dc_dmf/seed_62/community_30/all_items_per_user.csv
lastfm,dc_dmf,sampled,62,42,42,30,sampled_per_user_V4_DCDMF_DMF2_BCEIMP_COMM_TF0d4_VF0d15_NEG1_P64_Z64_LR0d001_WD1em05_BS256_SELNDCG10_NNEG99_TRAINSEED62_SPLITSEE(1).csv,02_recommendation/outputs/lastfm/dc_dmf/seed_62/community_30/sampled_per_user.csv
lastfm,dc_dmf,all_items,62,42,42,38,all_items_per_user_V4_DCDMF_DMF2_BCEIMP_COMM_TF0d4_VF0d15_NEG1_P64_Z64_LR0d001_WD1em05_BS256_SELNDCG10_NNEG99_TRAINSEED62_SPLITS(2).csv,02_recommendation/outputs/lastfm/dc_dmf/seed_62/community_38/all_items_per_user.csv
lastfm,dc_dmf,sampled,62,42,42,38,sampled_per_user_V4_DCDMF_DMF2_BCEIMP_COMM_TF0d4_VF0d15_NEG1_P64_Z64_LR0d001_WD1em05_BS256_SELNDCG10_NNEG99_TRAINSEED62_SPLITSEE(2).csv,02_recommendation/outputs/lastfm/dc_dmf/seed_62/community_38/sampled_per_user.csv
lastfm,dc_dmf,all_items,62,42,42,40,all_items_per_user_V4_DCDMF_DMF2_BCEIMP_COMM_TF0d4_VF0d15_NEG1_P64_Z64_LR0d001_WD1em05_BS256_SELNDCG10_NNEG99_TRAINSEED62_SPLITS(3).csv,02_recommendation/outputs/lastfm/dc_dmf/seed_62/community_40/all_items_per_user.csv
lastfm,dc_dmf,sampled,62,42,42,40,sampled_per_user_V4_DCDMF_DMF2_BCEIMP_COMM_TF0d4_VF0d15_NEG1_P64_Z64_LR0d001_WD1em05_BS256_SELNDCG10_NNEG99_TRAINSEED62_SPLITSEE(3).csv,02_recommendation/outputs/lastfm/dc_dmf/seed_62/community_40/sampled_per_user.csv
lastfm,dc_dmf,all_items,62,42,42,44,all_items_per_user_V4_DCDMF_DMF2_BCEIMP_COMM_TF0d4_VF0d15_NEG1_P64_Z64_LR0d001_WD1em05_BS256_SELNDCG10_NNEG99_TRAINSEED62_SPLITS(4).csv,02_recommendation/outputs/lastfm/dc_dmf/seed_62/community_44/all_items_per_user.csv
lastfm,dc_dmf,sampled,62,42,42,44,sampled_per_user_V4_DCDMF_DMF2_BCEIMP_COMM_TF0d4_VF0d15_NEG1_P64_Z64_LR0d001_WD1em05_BS256_SELNDCG10_NNEG99_TRAINSEED62_SPLITSEE(4).csv,02_recommendation/outputs/lastfm/dc_dmf/seed_62/community_44/sampled_per_user.csv
lastfm,dc_dmf,all_items,62,42,42,60,all_items_per_user_V4_DCDMF_DMF2_BCEIMP_COMM_TF0d4_VF0d15_NEG1_P64_Z64_LR0d001_WD1em05_BS256_SELNDCG10_NNEG99_TRAINSEED62_SPLITS(5).csv,02_recommendation/outputs/lastfm/dc_dmf/seed_62/community_60/all_items_per_user.csv
lastfm,dc_dmf,sampled,62,42,42,60,sampled_per_user_V4_DCDMF_DMF2_BCEIMP_COMM_TF0d4_VF0d15_NEG1_P64_Z64_LR0d001_WD1em05_BS256_SELNDCG10_NNEG99_TRAINSEED62_SPLITSEE(5).csv,02_recommendation/outputs/lastfm/dc_dmf/seed_62/community_60/sampled_per_user.csv
lastfm,dc_dmf,all_items,62,42,42,99,all_items_per_user_V4_DCDMF_DMF2_BCEIMP_COMM_TF0d4_VF0d15_NEG1_P64_Z64_LR0d001_WD1em05_BS256_SELNDCG10_NNEG99_TRAINSEED62_SPLITS(6).csv,02_recommendation/outputs/lastfm/dc_dmf/seed_62/community_99/all_items_per_user.csv
lastfm,dc_dmf,sampled,62,42,42,99,sampled_per_user_V4_DCDMF_DMF2_BCEIMP_COMM_TF0d4_VF0d15_NEG1_P64_Z64_LR0d001_WD1em05_BS256_SELNDCG10_NNEG99_TRAINSEED62_SPLITSEE(6).csv,02_recommendation/outputs/lastfm/dc_dmf/seed_62/community_99/sampled_per_user.csv
lastfm,dc_dmf,all_items,62,42,42,104,all_items_per_user_V4_DCDMF_DMF2_BCEIMP_COMM_TF0d4_VF0d15_NEG1_P64_Z64_LR0d001_WD1em05_BS256_SELNDCG10_NNEG99_TRAINSEED62_SPLITS(7).csv,02_recommendation/outputs/lastfm/dc_dmf/seed_62/community_104/all_items_per_user.csv
lastfm,dc_dmf,sampled,62,42,42,104,sampled_per_user_V4_DCDMF_DMF2_BCEIMP_COMM_TF0d4_VF0d15_NEG1_P64_Z64_LR0d001_WD1em05_BS256_SELNDCG10_NNEG99_TRAINSEED62_SPLITSEE(7).csv,02_recommendation/outputs/lastfm/dc_dmf/seed_62/community_104/sampled_per_user.csv
lastfm,dc_dmf,all_items,62,42,42,107,all_items_per_user_V4_DCDMF_DMF2_BCEIMP_COMM_TF0d4_VF0d15_NEG1_P64_Z64_LR0d001_WD1em05_BS256_SELNDCG10_NNEG99_TRAINSEED62_SPLITS(8).csv,02_recommendation/outputs/lastfm/dc_dmf/seed_62/community_107/all_items_per_user.csv
lastfm,dc_dmf,sampled,62,42,42,107,sampled_per_user_V4_DCDMF_DMF2_BCEIMP_COMM_TF0d4_VF0d15_NEG1_P64_Z64_LR0d001_WD1em05_BS256_SELNDCG10_NNEG99_TRAINSEED62_SPLITSEE(8).csv,02_recommendation/outputs/lastfm/dc_dmf/seed_62/community_107/sampled_per_user.csv
lastfm,dc_dmf,all_items,62,42,42,114,all_items_per_user_V4_DCDMF_DMF2_BCEIMP_COMM_TF0d4_VF0d15_NEG1_P64_Z64_LR0d001_WD1em05_BS256_SELNDCG10_NNEG99_TRAINSEED62_SPLITS(9).csv,02_recommendation/outputs/lastfm/dc_dmf/seed_62/community_114/all_items_per_user.csv
lastfm,dc_dmf,sampled,62,42,42,114,sampled_per_user_V4_DCDMF_DMF2_BCEIMP_COMM_TF0d4_VF0d15_NEG1_P64_Z64_LR0d001_WD1em05_BS256_SELNDCG10_NNEG99_TRAINSEED62_SPLITSEE(9).csv,02_recommendation/outputs/lastfm/dc_dmf/seed_62/community_114/sampled_per_user.csv
lastfm,dc_dmf,all_items,62,42,42,204,all_items_per_user_V4_DCDMF_DMF2_BCEIMP_COMM_TF0d4_VF0d15_NEG1_P64_Z64_LR0d001_WD1em05_BS256_SELNDCG10_NNEG99_TRAINSEED62_SPLITS(10).csv,02_recommendation/outputs/lastfm/dc_dmf/seed_62/community_204/all_items_per_user.csv
lastfm,dc_dmf,sampled,62,42,42,204,sampled_per_user_V4_DCDMF_DMF2_BCEIMP_COMM_TF0d4_VF0d15_NEG1_P64_Z64_LR0d001_WD1em05_BS256_SELNDCG10_NNEG99_TRAINSEED62_SPLITSEE(10).csv,02_recommendation/outputs/lastfm/dc_dmf/seed_62/community_204/sampled_per_user.csv
lastfm,dc_dmf,all_items,62,42,42,211,all_items_per_user_V4_DCDMF_DMF2_BCEIMP_COMM_TF0d4_VF0d15_NEG1_P64_Z64_LR0d001_WD1em05_BS256_SELNDCG10_NNEG99_TRAINSEED62_SPLITS(20261002-105653).csv,02_recommendation/outputs/lastfm/dc_dmf/seed_62/community_211/all_items_per_user.csv
lastfm,dc_dmf,sampled,62,42,42,211,sampled_per_user_V4_DCDMF_DMF2_BCEIMP_COMM_TF0d4_VF0d15_NEG1_P64_Z64_LR0d001_WD1em05_BS256_SELNDCG10_NNEG99_TRAINSEED62_SPLITSEE(20261002-105653).csv,02_recommendation/outputs/lastfm/dc_dmf/seed_62/community_211/sampled_per_user.csv
lastfm,dc_dmf,all_items,62,42,42,506,all_items_per_user_V4_DCDMF_DMF2_BCEIMP_COMM_TF0d4_VF0d15_NEG1_P64_Z64_LR0d001_WD1em05_BS256_SELNDCG10_NNEG99_TRAINSEED62_SPLITS(20261002-105729).csv,02_recommendation/outputs/lastfm/dc_dmf/seed_62/community_506/all_items_per_user.csv
lastfm,dc_dmf,sampled,62,42,42,506,sampled_per_user_V4_DCDMF_DMF2_BCEIMP_COMM_TF0d4_VF0d15_NEG1_P64_Z64_LR0d001_WD1em05_BS256_SELNDCG10_NNEG99_TRAINSEED62_SPLITSEE(20261002-105729).csv,02_recommendation/outputs/lastfm/dc_dmf/seed_62/community_506/sampled_per_user.csv
